review_text,actual_label,lr_pred,lr_prob,svm_pred,svm_prob,lstm_pred,lstm_prob,bert_pred,bert_prob
pain stop works very well for my husband he has nerve pain from singles,1,1,0.9709673258119792,1,1.4523952971571747,1,0.97323453,1,0.9957854
i grew up loving “tigers milk” peanut butter protein bars can’t find them any more but this is a pretty close match yummm,1,1,0.9090247921752315,1,1.1102042491072517,1,0.9456783,1,0.99403954
this pea protein tastes horrible even when mixed in with fruits and other ingredients to make shakessmoothies i feel i’m pretty tolerant of protein powders tastes and this one is really pretty bad,0,1,0.8707785798850483,1,0.9602024273758902,1,0.9316524,0,0.49015948
is quite good at making me more aware and fresh almost instantly,1,1,0.8484916827529929,1,0.5531582913675449,1,0.70365083,1,0.9966916
super nice,1,1,0.9470323822991495,1,1.8164523748815529,1,0.98532575,1,0.9959728
yuck,0,0,0.42217861464996626,0,-0.9083002364241513,0,0.040394906,0,0.10494491
this is not a blender so its not going to break down ice or chunks of fruit or vegetables its basically a motorized whisk i add a little water first then the powder and then the rest of my water the lid can take a little finagling to get it on and feel secure twist to lock in the motor and press the button it takes maybe a minute to completely dissolve your powder it is a little noisy moreso with ice in it clanking around dont use it in church or a quiet office they say you can add water and soap to the mixer and clean it that way but it misses the nooks and crannies of which there are a lot in the lid the dishwasher takes care of it for me,1,1,0.7363689810177462,1,0.3079990183631064,1,0.94454914,1,0.94441897
i have been drinking this in the morning as my breakfast and its great it like having a bowl of cereal yummy,1,1,0.9814586300629423,1,1.8022184456726078,1,0.9999559,1,0.9970958
i’m feeling results,1,1,0.8802270374239961,1,0.8504024536008704,1,0.97009754,1,0.9955481
dissolves quickly in a protein shake i’ve used in pudding oats cream of wheat and yogurt to increase my protein intake great product,1,1,0.9784502144790403,1,1.64661608811952,1,0.99982005,1,0.99695086
i read all the reviews about stuff being in the bottles like moldy stuff didnt believe it until it happened to me on the second order took a big sip and had a mouth full of i dont know what i thought maybe it was just a fluke opened another and poured it in a clear class and sure enough gobs and stuff came out in the glass i was so mortified just be cautious when drinking i shook the mess out of it and still nasty stuff in the bottles i cancelled my subscription just because i didnt want to take the risk of it happening again this is also sold directly from amazon and it took both orders over two weeks for delivery not sure if this might be the cause of the stuff in the bottles i just wont waste my time or money for this again,0,0,0.19673795688136278,0,-0.9149433164551954,0,0.0019129397,0,0.040961344
the taste is remarkable i was unsure what this keto supplement was going to be ive tried others and this is very tasty i mixed with lactose free milk and also sprinkle it in my yogurt,1,1,0.8971317840235337,1,1.1886291036069168,1,0.9935423,1,0.9960452
i love this product for many reasons not the least of which is the importance of supporting small businesses especially one that has a big heart and a big missionbr but lets talk about the rice powder itself the taste is exactly what you expect it has the slightly nutty taste of brown rice you can sprinkle a little bit in yogurt or on cereal because as you probably know a hit of protein in the morning is very important for me its very important because that protein in the morning helps to stabilize blood sugarbr i know a lot of people will be using this in smoothies but personally ive really been enjoying it as an additive to foods and even cooking with it when baking bread using a bannaton i dust the wicker basket with a mixture of this powder and some ground white rice it gives such a lovely texture and color to artisan breads that have raised in the basket its also good adding a few tablespoons to the bread itself even quick breads such as banana bread benefit from a tablespoon of thisbr when you open the bag it smells very fresh nothing worse than rancid rice and speaking of such things keep in mind that because it has been milled down to a powder its not going to keep us long as whole ricebr not going to be a problem in our household since i love putting this nearly everythingbr br if you are exploring this product in order to help yourself or a loved one find some relief from any sort of illness or symptom that is interfering with a quality of life my deepest wishes that you find the right key for your specific lock try and stay strongbr br xxoo,1,1,0.8967006513172515,1,1.0766119202854738,1,0.99911064,1,0.9963754
creatine as expected plenty of it for the money and in excellent packaging it mixes well with an immersion blender but dont let it sit around mix then drink the flavor is none or creatine which is pretty bland but thats easily fixed with a drop or six of a flavored erythritol sweetener good value,1,1,0.9471673053821994,1,1.2123698899465163,1,0.9995321,1,0.9957747
i do not know why the blueberry bars are so difficult to find in stores they are by far my favorite flavor absolutely love them especially for a mid bike ride snack they hit the spot after about miles of riding they are not hard on the stomach to ride another miles,1,1,0.6957414116223567,1,0.5010393238333966,1,0.9810333,1,0.9961528
i dont like that my adult kids use this product but they say it helps they love being able to plow through a workout and reach new goals i dont like that it makes them jittery but they promise that they limit their coffee when they take these,1,1,0.8862168482229906,1,1.1058434326904742,1,0.9874829,1,0.9926723
vega bars used to be my absolute favorite the caramel flavor is great the blueberry flavor is great looooooooooove them unfortunately i haven’t seen them for sale in months please start making them again vega,1,1,0.9204201218800845,1,1.2439210199247799,1,0.9981408,1,0.991167
nothing special about the product but was a great value for the size and content it is as expected will buy again,1,1,0.8629563208657296,1,0.8683170783522021,1,0.9964786,1,0.98251146
no taste and have to use a bunch,0,1,0.9080965766562697,1,1.1279642667212706,1,0.9460542,1,0.9891811
ive tried many different brands and i keep coming back to this one it blends well and tastes very good i am a vegetarian and im concerned about getting enough protein so this is a delicious way to address that i always buy the vanilla and add spinach and some fruit even my husband likes it,1,1,0.9701887122283885,1,1.8910454816353062,1,0.9999052,1,0.9967997
great product but almonds enhance inflammation in me so had to switch to whey product,1,1,0.7853474916982208,0,-0.07692560700483286,0,0.032973833,1,0.9809905
this is the same ingredients as the stuff i was getting from the nutritionist and the same price just more convenient to order i love it help my tummy especially when i eat fatty or good with gluten,1,1,0.9100850612989766,1,1.094491510513053,1,0.9977157,1,0.9967963
very nice,1,1,0.963696566708319,1,2.0876561105397045,1,0.9871278,1,0.99656254
this product mixes well and tastes surprisingly good it definitely provides an energy boost since using my workout sessions have been more productive i have not suffered any negative side effects or experienced any crashes i like the low carb count too good stuff,1,1,0.9632803263796248,1,1.6410252108878507,1,0.99972576,1,0.99716717
this stuff is awesome i like to make a iced coffee shake type thing with it the taste is good and the mixture is creamy when blended definitely recommend,1,1,0.9702190401293448,1,1.7955060633744504,1,0.9998294,1,0.99704784
excelente y refrescante,1,1,0.8857749140724771,1,0.9712789272151501,1,0.99527353,1,0.9851769
we are using this to make smoothies they are great,1,1,0.9553498573918631,1,1.2486361516708921,1,0.9928941,1,0.9967533
good flavor blends well have not used it long enough to comment on pain relief but hopeful,1,1,0.9193219534313534,1,1.1425247345174732,1,0.93573606,1,0.9966491
got the unflavored but it was absolutely terrible tasting only will get flavored in the future,0,0,0.3818622469559477,0,-0.20832643431279374,0,0.11991713,0,0.038782902
i bought these specifically because of the great ratings the measurements on the sides of the cup i can barely see the measurements because the writing is the same color as the cup i can barely see it when the cup is empty less so when it is full im so disappointed i ordered of these and put them through the washer immediately because i wanted to start using them only to realize i still have to measure everything out because i cant read the measurements on the side of the cup,0,1,0.651799595039419,1,0.43951966920423213,1,0.99407095,0,0.049636826
just as expected,1,1,0.8748568083849881,1,0.8827773307737994,1,0.90603215,1,0.992018
this product tastes good but will not mix into hot or cold liquid i tried milk water and coffee doesnt dissolve,0,1,0.5545189390191287,0,-0.32677422591861494,0,0.045214377,1,0.61760837
gram of added sugar per serving its a candy bar not a sports nutrition bar,0,1,0.6501426651785096,1,0.11791476241426091,0,0.38283548,1,0.9374066
i bought this bottle and have had it for a few months with no issues i use it mainly for my ensure shakes the metallic coil perfectly mixes the ensure powder with the water creating a well mixed nutritional drink with no lumps i use it every day and have never experienced any issues i love that it allows for a clip that i can easily strap it to my bag my only negative with this bottle which is only a slight one is that it is not the easiest to open when it is fastened tightly which i suppose is the case of almost any bottle but truly love it,1,1,0.9306131219204447,1,1.0149469187035547,1,0.9831457,1,0.99474454
i bought this to add to oatmeal pancakes and other items it does not dissolve well in water or other liquid unless blended and i knew that based on other reviews it serves my purpose you really cant rate flavor because it has no flavor really my intent was to supplement prepared items with high quality clean protein im not concerned with flavor or texture,1,1,0.8902244839093009,1,0.7832526936802993,1,0.8906916,1,0.85264575
cant complain i dont have one every day but sometimes im in a rush and need a meal replacement to hold me over for a few hours taste is good enough price is fair,1,1,0.9662837988856298,1,1.7560378805182226,1,0.99960285,1,0.9952304
great stuff i add it to my coffee and all sorts of smoothiesand some foods no fodmap problembr br i add stevia and vanilla drops low gritty factor in coffee i add it without any impact except longerrunning energybr br already on my second bag,1,1,0.9704797488145187,1,2.202440457370061,1,0.9999112,1,0.99602604
awesome it has so many different aminos in it puts me in a better mood,1,1,0.87328579937961,1,0.7948792979424693,1,0.8053757,1,0.99679524
mucho bienestar,1,1,0.8456391606975742,1,1.3236702629089385,1,0.98362064,1,0.96479255
i decided to give scoop of this product to my aging border collie age and also my year old german shepherd with the thought of furthering their health what happened is that they both developed a hot spot which is a skin condition both experienced an allergic reaction to this collagen which prompted me to stop using it although i myself did not experience any side effects from it i immediately knew what caused the skin condition on my dogs since their only change in diet was this collagen it took days to clear up the skin itch after i stopped adding it to their foodbr lesson learned i will never use this collagen again wether it is for myself or my dogs,0,1,0.6040450042055752,0,-0.13887335232883158,1,0.5748748,0,0.24102966
these are the best bars they are convenient not dry and delicious my favorite is vanilla almond chai but i also like the mint chocolate chip healthy bars,1,1,0.9551309033820056,1,1.946023965667043,1,0.99971193,1,0.99696904
good quality product i recommend it to anyone who wants to buy,1,1,0.8852156887510072,1,0.7156635015317758,1,0.9319003,1,0.9967848
i was looking for shake bottles and they do the trick i can’t say how they last since i just used one but the price seemed good,1,1,0.688907538671347,1,0.16185886184686948,1,0.8988415,1,0.82262856
i eat a lot of kind bars out of convenience when i need a salty sugary snack i reach for a kind bar this one is my favorite flavor they are a little bit larger than the other bars as well these are so much better than candy bars because there are no gmo’s and also the glycemic index is ok,1,1,0.9522753750199519,1,1.4490403603932611,1,0.6669357,1,0.9965224
the only problem is the mixing by hand with milk if i add it in a blender then it will dissolve nicely,1,1,0.8623538493275372,1,1.1141029661559876,1,0.99991214,1,0.9941743
i got the mixed box and so far every one has been incredible how can this possibly be true my friends are losing a lot of weight on weight watchers and eating one a day i ate two one day and my stomach was gassy like with sugar alcohol just like a candy bar with a marshmallow type texture inside,1,1,0.8713087930255204,1,0.7223937801690297,1,0.9990971,0,0.40620086
final update the diagnosis was kidney infection with a uti the symptoms were triggered with this product for reasons i do not know the pain went away within two days with antibiotic colloidal silver i woke up in the morning with no painbr br update i’m now in the process of dying after being in good health it destroyed my liver i can’t keep anything down nor sleep peacefully this stuff is poison to my body the most pain i’ve ever been in my entire lifebr br i’m years old and in relatively good health sorry to report within hours of my first scoop i suffered tremendous stomach cramps that i groaned for an hour it was the kind of pain i had from kidney stones years ago that just wouldn’t let up four hours later a new wave of pain came from my urinary tract that only stopped after pain tablets so yes there are side effectsbr br at one point i thought i might even be having a stroke i only got this after watching a well done video on leaky gut,0,1,0.7057422693611256,1,0.15190044129776414,1,0.9861835,0,0.08329178
i have gone through a few cheaper shaker bottles and have been super unhappy gave these a try and glad i did they are durable leak free and blend protein well the protein doesnt stick to the sides like in other bottles would recommend,1,1,0.760841697382702,1,0.23485748714461546,0,0.0035910574,1,0.9309309
the taste is a little off i mix it with gatoradebr i have tried most of whats available and this is one of the better productsbr i use it for working out and as an energy drink throughout the day,1,1,0.9402555183266461,1,1.6894405672181247,1,0.99906284,1,0.9957377
i would definitely buy this again it mixes well alone and also with a variety of fruits and dairy alternatives i can’t do dairy so a vegan protein is so awesome and perfect in comparison to your usual whey powders it mixes easily i used a whisk,1,1,0.9751453671687702,1,1.776638310696467,1,0.99988556,1,0.9963929
noticed no effect during workout followed by a massive caffeine crash after it wore off zero benefit with a terrible side effect reading reviews it looks like these products used to be good this definitely didn’t deliver,0,1,0.5865383099863964,0,-0.35246903955916586,0,0.4028824,0,0.040748805
american to soy and egg so not much out there weve been using this product for several years,1,1,0.6567618903581136,1,0.25104419685010937,0,0.104354165,1,0.9760813
i have been taking the mg and up to mg the pill is too big to swallow and not exchangeable for the mg tablets unfortunate,0,1,0.6387100532773137,1,0.2663615580343216,0,0.04481047,0,0.07657455
great source of collagen keep skin tight and hair protected this is the only one we use best collagen out there,1,1,0.989894558996693,1,2.5578060066794155,1,0.9999062,1,0.99701023
great supplement,1,1,0.9908034662740194,1,1.827614823477562,1,0.99472284,1,0.99644095
taste is great,1,1,0.9888673281695637,1,1.905996770324908,1,0.9924775,1,0.99725336
great product for the not gritty mixes well no bad taste,1,1,0.7984400499075356,1,0.6756754797816016,1,0.9003042,1,0.997221
i wish there were other flavors i really dont like lemonade also c may be worse for you but there are much better preworkouts when it comes to getting that pump feeling,1,1,0.688642643820598,0,-0.11223003707532486,1,0.877325,1,0.91504025
these are just simply delicious it is my dessert evening snack currently on medically supervised weight loss plan and my dr office can’t keep them in stock… found them here to be sure i have them on hand,1,1,0.9624731357638112,1,1.6544410735890136,1,0.9997379,1,0.99612516
this mixes well tastes good and you get a ton for your money i will be repurchasing over and over you can mix it with juice and it still tastes good with water and pre workout too it doesnt separate or get chunky,1,1,0.9241751649422966,1,0.698340932670841,1,0.9621709,1,0.9967224
tastes terrible,0,0,0.13621855261668467,0,-1.6161327204842255,0,0.060775656,0,0.066533804
it’s a big jug but only half filled still tastes really good and has everything i want for before during and after workouts,1,1,0.8472393889053691,1,0.4039292787669145,1,0.9718088,1,0.99649125
great quality great taste,1,1,0.9975562845086593,1,2.5761881013212395,1,0.9994717,1,0.9969459
you can shake the hell out of it and still a sticky substance is in the bottom and more so after youbr put it in the refrigerator,0,1,0.7051502178456733,1,0.024257520822383305,0,0.30928335,0,0.105736814
this product blends great but the aftertaste is awful i tried to mix it with different liquids and still couldnt get the aftertaste to leave,0,1,0.529392948366732,0,-0.009678944861540195,0,0.08302941,1,0.6237521
i have had this bottle for weeks and now it wont hold a charge i have the base plugged in overnight and it worked for one drink this morning then quit my family mixes our vitamins in the bottle and i cant even get that done in the morning of course my return window closed weeks ago so now it is just wasted money,0,1,0.7019531784492552,0,-0.20868277403065394,0,0.014929487,0,0.050732672
it is a powder do not know what size scoop they expect so starting slow on amount mix in juice and no after taste just started taking it so no comment on effects yet,1,1,0.8031923077293079,1,1.1017148106354144,1,0.9987576,0,0.18319528
i have used this product for three months i put one scoop in my morning coffee and half a scoop in subsequent cups throughout the daybr br i am taking this for several reasons mainly i lost lbs and have a bit of loose skin here and there so i want to give my skin every advantage also just want healthy skin in general im also very tall and like to run so im taking this to maintain my joint healthbr br three months on my skin looks absolutely amazing its never been better i did start this at the same time as fish oil and biotin i will purchase this product for as long as i can i can see the benefits already best of all for me i had a bit of loose skin under my neck and its totally smoothed out and gone back where its supposed tobr br im i figure if i start seriously taking care of myself now ill thank myself this product is really instrumental in that pursuit,1,1,0.9409580079637434,1,1.4053789322796661,1,0.86171937,1,0.9959008
loved it,1,1,0.8938914880071112,1,1.4389671833867677,1,0.99808913,1,0.993686
good for use in the kitchen and around the house,1,1,0.9234273102173196,1,1.1088147991907742,1,0.721018,1,0.99630773
these are amazing top quality and flavor i am however concerned every time i bite into one of these that im going to break a tooth they are pretty solid when biting into them,1,1,0.9073202139101328,1,1.3036736104969258,1,0.99393,1,0.99584204
i bought this to blend into my smoothies because it was carb free and unflavored ugh mixing it in with my other ingredients scoopsthe recommended serving size made it foam upcompletely inedible and gross i decided to try it again this morning at the recommended serving size and added it last it didnt foam up but somehow it managed to negate the flavor of frozen berries i had to add quite a bit of stevia to make it palatable definitely not what i was looking for,0,1,0.5346214655910374,0,-0.4916202507816456,1,0.56985563,0,0.052141808
i’ve tried other brands and this my go to pre workout that will keep me going all day even after my workout with one scoop,1,1,0.9257513407606305,1,0.942214318720936,1,0.9486859,1,0.99536926
chewy and taste really good,1,1,0.9540800299006373,1,1.195197136312101,1,0.9930896,1,0.9962398
product descriptionbr br jimmy protein bar variety pack count contains flavors cookies and cream chocolate peanut butter caramel chocolate nut citrus blastbr br there were no citrus blast bars the other flavors are ok but it was most disappointing that my favorite was not included,0,1,0.7870749347298214,1,0.5729990940241764,0,0.20067887,0,0.08357183
the four bar variety pack is composed of peanut butter chocolate chip chocolate fudge brownie chocolate chip cookie dough and birthday cake good protein bars for vegans peanut butter chocolate chip was favorite then i liked chocolate chip cookie dough chocolate fudge brownie and lastly birthday cake they are dairy free and very low sugar great protein bar to take on the go,1,1,0.9327489275844588,1,1.2127668827119145,1,0.999445,1,0.9964927
i decided to pick up a tub of kos vanilla after enjoying both the chocolate and blueberry flavors like those flavors the vanilla blends smoothly in a shaker bottle and thickens up well in a blender i use a handheld frother when i blend it in coffee and it works nicely ive used it with fruit plant milk and water added it to my morning oats and replaced some flour with it while baking so good,1,1,0.9803104457491233,1,2.223264333461181,1,0.9988863,1,0.9970175
cap came off after a few uses,0,1,0.6417524339852303,1,0.00971419145577257,0,0.20817202,0,0.084578924
best bcaa around the watermelon flavor is amazing and it doesn’t taste too sweet or overwhelming,1,1,0.9298297223988797,1,1.5838400696154549,1,0.97666276,1,0.99712414
i know that these kind of supplements tend to be on the expensive side at at the time of this review im not sure you get the bang for your buck that youd get elsewherebr br lets start with the pros its natural they dont add caffeine its derived from the ingredients that are already in it if you like iced tea youll probably like this herbal energy is better than relying on a bunch of artificial chemicalsbr br the cons are as mentioned the price if youre used to other preworkout supplements you may find that this one isnt as strong and youll feel like youre lacking if not you might actually benefit from something thats a little milder than most preworkout supplementsbr br overall its not bad but again it basically is a buck per serving,1,1,0.7983121595445322,1,0.7144016331185258,0,0.3487305,1,0.9716832
i have very soft nails and so far nothing as worked in one months use my nails are normal,1,1,0.9021321615650315,1,0.8068892471878066,1,0.98562557,1,0.98631
i received the dr axe ancient nutrition multi collagen container and when i opened it is was nearly half empty it was completely sealed when received i’m not happy i have never used this product before but it was recommended by a friend so i can’t really review it yet i did put it in my drink today and i noticed no odd flavors,0,1,0.5334021849281194,1,0.3069585757474448,1,0.8439311,1,0.6281539
love this bottle have dropped it at work several times onto cement and has not broke or chipped my favorite by far,1,1,0.8582290170681484,1,0.24652006131349458,0,0.310051,1,0.99593
i always mix my protein powders with other food never just in a shaker cup with water this is my first time trying ryse and it mixes very well and has a good taste not a heavy sucralose splenda taste i added it to oatmeal and it didnt clump like others ive tried and it was not at all chalky i will probably keep this in my protein line up i like to have different flavors by different brands,1,1,0.9044893615535413,1,1.1196481255087338,1,0.9339985,1,0.9955616
this is so good i can’t have dairy or beef and other plant based shakes are nasty i love this,1,1,0.9332035881807693,1,0.9102981280972604,1,0.99794525,1,0.98977613
ive been using vega plant protein powder for a few months now really like the quality i had a jug of vanilla and it was pretty neutral tasting very easy to drink i just ordered berry and also really enjoy the flavor great meal substitute and additional boost of protein to my diet,1,1,0.9808092861265781,1,2.0521410439199284,1,0.9997936,1,0.99678934
i like that they are very durable they work wonderfully with my protein shakes also i can only bring in clear or sheer containers for drinks at work and these are exactly what i needed,1,1,0.9344732971528559,1,1.289795582973691,1,0.99897826,1,0.99691916
good flavor without too much of grittiness the sweetness level is just right the proteincalories amount is acceptable i usually take one of this bar on my hike,1,1,0.8601122899175861,1,0.32258844022803534,0,0.3597992,1,0.9970162
the taste of these are really great thank eating a candy bar i haven’t done enough investigation on the ingredients but as far as taste five stars,1,1,0.9597441160600091,1,1.8623253420400263,1,0.99963653,1,0.9961802
i gave four starsbr this protein smells amazing and has a delicious tastebr its really really awesome used in thick smoothies but trying to drink this as a protein shake on its own or adding to coffee is darn near intolerablebr if this company decides to ever produce this in a finer grind ill be changing this to five starsbr until then i prefer kos vanillas texture to this,1,1,0.8195959424378672,1,0.3674943031082134,0,0.10640106,1,0.9937807
it was so sweet that it made me gag,0,0,0.4647824440646055,0,-0.11283089649303146,0,0.02470892,0,0.059979826
this is the most delicious protein powder i’ve ever tasted no funny aftertaste and it was easy to mix not overly thick my new go to,1,1,0.8618718960919075,1,1.4645798164184483,1,0.9977149,1,0.99641305
this is my favorite whey flavor for yogurt smoothies cant get it locally came very quickly thankyou,1,1,0.9048058542336235,1,0.7657114741564617,1,0.9784012,1,0.99474055
i’ve tried many i mean many vegan protein powders and this ones on my top rated great flavor mixes well and no nasty after taste,1,1,0.963337871592389,1,1.8680045371574372,1,0.9994666,1,0.99717796
i’ve tried so many brands of creatine and once you had creapure nothing else compares,1,1,0.569522133506899,1,0.08975042495299612,0,0.012634023,0,0.4684729
was okay,1,1,0.5997860760701937,1,0.37950830456673373,1,0.70997053,1,0.98630035
i have trouble swallowing pills so appreciate this amino acid blend in powder form i chose the lemonlime flavor tastes better if you add to ice cold water but next time i will try the berry flavor i take this prior to my daily long walks when our gym opens back up ill take preworkout,1,1,0.9233189709087661,1,1.3316889746904508,1,0.9991517,1,0.995682
awesome product,1,1,0.917400387858135,1,1.20792049592364,1,0.98896563,1,0.99644536
the combination of chocolate and coconut make these bars rather rich a nice treat from some of the other flavors but not one i each all the time one of my favorite flavors,1,1,0.9159958390661311,1,1.4633325297595434,1,0.9988801,1,0.99436694
i use it in oatmeal to give me a protein boost,1,1,0.8788916803150226,1,0.42753384469977884,0,0.28497452,1,0.9969037
look people this supplement is supposed to stink get over it knock it back,1,1,0.636366709297954,0,-0.11443082489745571,1,0.8926467,0,0.041390937
these are my favorite protein bars over the years the flavor has changed but they are still yummy,1,1,0.9266886706828731,1,1.3974914843921111,1,0.99798006,1,0.99576
our doc insists hubby needs protein added to morning oatmeal hubby says truvani vanilla is best tasting so far😍br br i agree just inhaling the scent of truvani chocolate protein powder curbs my sugar cravings in a healthier direction its the first protein powder to mix smoothly and has no grit hurrah,1,1,0.9249027896665145,1,0.5697823925529835,1,0.9221627,1,0.99538994
fun flavors at grams proteinyou cant do any better than that level of protein,1,1,0.8852469003539429,1,0.9895694489672177,1,0.98754907,1,0.995619
great product and great customer service,1,1,0.9848829428841168,1,1.902189227016549,1,0.999658,1,0.99681795
i wish is not so expensive but i really really love this product,1,1,0.7852423653769155,1,0.3993289151118725,1,0.5517768,1,0.9959384
love this chocolate protein powder i have used it for years and prefer its chocolate flavor over others blends well,1,1,0.9809411571595028,1,1.7437592456320572,1,0.9995542,1,0.9966672
i want to get as close to absorbency of essential vitamins and minerals as possible this product is just what i wanted,1,1,0.7759388205155453,1,0.7320710810610784,1,0.92773336,1,0.99193186
not oz br this is a oz bottlebr i needed the oz and no if you fill it up it doesn’t equal for those who really thing that br i love it and the color but am very disappointed that it’s not the size the description title saybr the tops are for oz bottles and say it on the tag but if you read the bottle it’s only a oz,0,1,0.6898134908768055,1,0.2688724420307451,1,0.9980934,0,0.06765663
love the coconut flavor of these i love all clif bars but these were particularly tasty this is one of the few proteincarb bars out there with a ton of micronutrients in it which is why i love clif so much probably comes down to the minimal processing and whole foods definitely buy these if you are looking for delicious fuel because at calories per bar of mostly carbs they are fuel not snacks they are not filling or suitable for meal replacements,1,1,0.8882428911697616,1,1.120844820313732,1,0.99939466,1,0.9920616
wanted to love it but can’t stand the flavor this only comes in two flavors and i absolutely cannot stand this kiwi strawberry the original bcaa in this brand is very good ando can recommend it in many of their flavors but i wanted to try their stevia flavor which is this one the “xtend zero” which is not good i will stick with their original bcaa,0,0,0.455281304478547,0,-0.6321321932826558,0,0.0005246199,0,0.17041215
the top part doesnt click in easily and is super hard to open again not like any blender bottle ive ever owned,0,0,0.39568618566207103,0,-0.5625063238815693,0,0.008877197,0,0.4028701
i purchased the chocolate creamer and it is very tasty for afternoon coffee,1,1,0.9206691138098744,1,1.4302118777086914,1,0.9965103,1,0.996637
ive been shopping around for creatine and my eyes settled on this product i think the bright colors on the bottle got mebr when i took a closer look though it checked all the boxes made in the usa gmp certified no added fillers or ingredientsbr br im so happy with it in the weeks ive been using it i chug one scoop down in the morning with just a couple ounces of beet juicebr im noticing more defined musculature especially in my arms thats hard to come by because i am a smaller framed female so this is exciting to mebr im going to keep using this because ive read that youre kind of cheating yourself if you lift weights without creatine highly recommend this brand,1,1,0.931037560121659,1,1.854107887546089,1,0.9995956,1,0.9924722
i measure an average of mg of powder in each capsule across four capsules none of the capsules have more than mg of powder which would be required to match what it says on the label the underdosing is more than because a lot of what is in a typical capsule are the fillers such as rice powder and magnesium stearate the underdosing is probably closer to after you subtract out the fillers,0,1,0.7358123313511699,1,0.5444713172347432,1,0.99555486,1,0.7605594
i use this in my smoothies and it’s really great,1,1,0.991527169927164,1,1.7042582637324082,1,0.9928784,1,0.9971802
taste like chalk completely disappointed,0,0,0.40253990058109285,0,-0.5686599815310194,0,0.08726929,0,0.042667747
just ordered my nd jar i have no major complain about this beside it is a bit messy to take out of jar cause it is very fine and taste is acquiredbr br im vegetarian lift days a week plus do if i drink scoops times a day to get my protein in check rest comes from food i do not feel bloated or have not noticed any digestive issues any gains are subjective and i will not attribute to this protein powder alonebr br i have been using different whey proteins for last years this is the one im going to stick with i would highly suggest trying it for a month and see how you feel everyone is different,1,1,0.8749057385890187,1,1.2171630604656223,1,0.99246997,1,0.88207245
this is pretty decent bone broth it settles during shipping so unfortunately you have to store this massive plastic container thats only rds full the scoop comes with it it mixes really well the flavor isnt as rich as id hoped but it has a lovely mushroomyumami flavor that is excellent i have mixed this into hot water for basic broth and into soups for added flavor,1,1,0.93112961952051,1,0.9914174329676406,1,0.96879005,1,0.9954514
this mixes really well in water and it makes my coffee like hot choc no creamer necessary,1,1,0.9638969723915065,1,1.9406603964370306,1,0.99931204,1,0.9969292
it did absolutely nothing,0,0,0.12917722766595355,0,-1.4854433840922074,0,0.026441563,0,0.044967204
powder is easy to dissolve and makes my coffee creamier,1,1,0.9327032437447287,1,1.120015821080599,1,0.9967115,1,0.9968221
sealed on the outside gives you the right amount of energy,1,1,0.9097151967571698,1,1.6377482146646394,1,0.99842876,1,0.9910193
love this shake i drink it as a meal replacement for breakfast the vanilla tastes kinda like tapioca pudding and i absolutely love it i get about months worth of breakfasts out of it each time i buy i mix one scoop with cups of soy milk and it fills me up for hours,1,1,0.9422524421116761,1,1.1464037736368045,1,0.9830929,1,0.9964329
love the price for the amount of creatine you get it dissolves well in room temperature liquids not in cold liquidsbr it has no taste at all which is another good thing,1,1,0.8980946991589048,1,1.0507457666595577,0,0.19342154,1,0.9968651
good product,1,1,0.970360024848693,1,1.0131213743725724,1,0.96645266,1,0.9967859
these taste amazing just like a milk shake they also blend very easily in water without any fancy blenders or shaker balls,1,1,0.9387057095846268,1,1.3226617627701325,1,0.9917754,1,0.9969373
mixes well taste good no complains so far,1,1,0.9864651519002763,1,1.9649589934775222,1,0.9960226,1,0.99673885
sometimes some of us just take things otc that we are not sure works or not this turns out is one of them i actually bought when a liquid product i took for several years contained this among other main ingredients was no longer available i decided to search out the ingredients and attempt to take that but atlas this is not the same no matter and yes the so called percentages and amounts are very close but something about the liquid was effective in what i was using it for this along with all the other pills a total of products costs twice as much and does not deliver so with that once im through if not before i will no longer purchase not sure what happened to the other product maybe a sign of covid striking down a product due to production problems etc not likely ill ever know but searched for similar and found nothing close,1,0,0.4120768099931361,1,0.12401945911812384,0,0.30343217,0,0.07032208
the plastic strainer piece does not fit well into the shaker and gets stuck constantly and no matter how tight you put the lid on it leaks i do not recommend,0,0,0.39316217505935097,0,-0.6975518778626368,0,0.03422986,0,0.051061038
coach greg made a good call on this stuff,1,1,0.7725070415556905,1,0.3540858905493784,1,0.6086268,1,0.987151
i can tell i get a boost of energy after using this the flavor was okay not the best but not horrible the texture was good easy to mix it has all the boosting power plus caffeine needed for workouts,1,1,0.7079781095749246,1,0.6483105341748577,1,0.99683076,1,0.9954724
love it,1,1,0.9901245444499925,1,2.1183598904662206,1,0.9947836,1,0.99548054
the worst tasting bars ever very chalk like texture,0,0,0.227268182541973,0,-1.14457452768572,0,0.0034429058,0,0.039790105
i was ordering the “regular” keto friendly bars for several months they were good they really were then recently they weren’t available and amazon suggested these “dipped” onesbr i figured they’d just be like the “regular” ones just with a little gimmicky chocolate outer shellbr no sirbr thesebr these right herebr these are the best ketoblah blah protein bars i’ve ever tasted and i’ve tasted manybr no cow nailed it with these,1,1,0.8063471827746488,1,0.6793035045499275,1,0.98299176,1,0.95291424
im not a doctor and dont pretend to be one on amazonbr br i wont tell you if you should be using creatine or notbr br i wont tell you what kind of results you can expect from creatinebr br what i will tell you is that this creatine is pure its tasteless and at for the container its right in line with others at this price pointbr br the scooper is included in the containerbr br im currently in the loading phase hopefully this will help produce great results from my workoutsbr br it doesnt dissolved in water its not water solublebr br ill use this and if there are results ill likely buy it againbr br since i wont give medical advice i hope you found the review helpful,1,1,0.8893652065154276,1,1.0851728551585942,1,0.9997918,1,0.98594034
i’m pretty picky when it comes to my protein some have too much of that protein taste if you know what i mean this one doesn’t have that it’s easy to drink i don’t feel like i’m choking it down it came with a seat around the cap and the plastic film seal on the container itself i was so surprised how full the container way so many other companies fill the container halfway which seems like a waste and usually makes me sad i paid for something i feel i didn’t getbr br my shake was made with the strawberry protein a frozen banana and almond milk yumbr br i would recommend this protein,1,1,0.8234328637807755,1,0.5960971198065816,1,0.82340485,1,0.5887736
super postrecovery drink great flavor everything you need no fillers,1,1,0.9475545561791232,1,1.1828338807900258,1,0.9922874,1,0.9962547
first thing in the morning lowers my blood pressure great product 👍,1,1,0.9566279856162117,1,1.527976663819833,1,0.99949217,1,0.9963288
this stuff tastes terrible and despite it being well within my return window the item isnt eligible for return save yourself the hassle and just get something unflavored this isnt worth your money,0,0,0.21824732922454254,0,-1.3188771716598884,0,0.0007048787,0,0.03577302
this product while it may be healthy with minimal ingredients tastes awful i blended it with banana make all proteins powders better and strawberry and i couldn’t even drink it good thing it was only a sample,0,1,0.71112715809661,1,0.34735897993163994,0,0.17254941,0,0.075506635
i really like this new formula it is a lot easier to blend than the previous formula it still smells like beef bone broth but it taste good,1,1,0.7346305273764786,1,0.13263452178059376,1,0.98349273,1,0.99607784
i dont often add a lot of supplements to my diet but after careful consideration and some research i decided to try it everyones biochemistry is different and what works for me may not affect others in the same way after several weeks i have noticed some positive improvements i started with a different brand abut weeks ago and then switched to the wholesome story nac nacetyllcysteine so see if there was any difference ive been using this for more than a week and have come to prefer this brand because it seems to be of a higher quality,1,1,0.8424079898000516,1,0.7844454556007595,0,0.019242685,1,0.9857816
i have tried most of the protein bars that quest makes i wasnt fond of the peanut butter all were very yummy they all have been fresh good flavor on all the bars i have tried i have tried so many its hard to name them all everything has been very excellent qualityi have tried their taco chips and they were very tasty i havent tried the protein shakes i am going to try them next i have tried their pizzas and they were good too the birthday cake protein bars are my favorite of all just like eating a piece of birthday cake i will continue to be a quest customer the bars have helped me lose weight love them all,1,1,0.8973505772138993,1,1.301876371782773,1,0.9998288,1,0.99450713
taste just ok slightly metallic taste but filling,1,1,0.802881019567189,1,0.8005389484359449,1,0.91219807,0,0.41050613
i am absolutely shocked the negative reviews i honestly think theyre fsje and written by competitors the bars are delicious healthy and high quality the peanut butter is the best with the least amount of excess saturated fat etc dont go by the negative reviews eat one they taste great,1,1,0.9271666208978219,1,1.1617207403665768,1,0.9993482,1,0.98588806
this powder is a little pricey and it takes time to get used to taste but i really like it now low in carbs so it fits with my keto diet,1,1,0.9612466413881409,1,1.8706258362050407,1,0.9997701,1,0.9962685
tastes like what i assume it dirt would mixed in the bullet but it was grainy still i had to drink it with a straw to get it down and bypass my taste buds as good as possible,0,1,0.7150630916542854,1,0.24992610863152226,1,0.53680074,0,0.06391905
i have used products from this brand in the past and have been very satisfied this is basically a postworkout formula that has as its base a mix of essential amino acids with plenty of bcaa branch chain amino acidsbr br this formula is also rich in creatine and contains some ashwagandha ashwagandha is included to reduce stress and help joints i personally dont experience a whole lot of stress after a workout but maybe some people dobr br according to the label the ingredients help you build muscle rather than encourage cell destructionbr br overall i like this postworkout i recommend it,1,1,0.8525536649647631,1,0.3895234516140393,1,0.9968749,1,0.9956748
dissolves easy no taste good value nails are much better,1,1,0.9889442928195669,1,2.5185751635264264,1,0.9998568,1,0.99427384
i ordinarily like cherry flavored anything but not this,0,1,0.5272983412581826,1,0.3102450801489315,0,0.48848817,1,0.9331654
this protien drink is so delicious i add it to another for its added protien and collagen i initially tried the vanilla which good just not my favorite flavor this one seems to not blend as well leaving clumps of goo the powder seems to be more finely compacted than the vanilla version the taste to me is worth it it gives my shake a rich flavor,1,1,0.9089103325785037,1,1.0448493911912062,1,0.99514586,1,0.99541414
i tried flavorless whey for the first time with this and it’s just so handy if i want a smoothy or shake with other flavors i don’t have to worry how the combo of flavors will come out it works well digests well and mixes well can’t complain,1,1,0.963711926968012,1,2.0723749397628572,1,0.99996555,1,0.99516207
i am a big fan of the taste of this product it’s just right it tastes like an actual light vanilla drink instead of a fakeoverlysweet protein supplement that are so common i was super pumped to see that some creatine is added the product this makes it easy to take both every day i am an avid gymgoer and take both of these supplements daily so i love having them already combined in one bag,1,1,0.9625204037658882,1,1.6078377164138988,1,0.9983369,1,0.9961803
tastes gross returned it,0,0,0.1024100880519254,0,-1.9439881257084939,0,0.006124209,0,0.031545788
i loved this protein powderbr flavor is very tasty 😋 and loved the packagingbr most important is it shows a significant resultbr gave me a good lean muscle 💪br let me know if it was helpful 🙂,1,1,0.8782048938381879,1,0.9017182718417001,1,0.9936312,1,0.99600023
if you are new to organic get through the st towards the end of it or into the nd you will actually taste real food,1,1,0.7489031237237002,1,0.39964505112950555,1,0.9215789,1,0.9835535
i have tried their other bars and have liked them but raw rev glo protein bars chocolate chip cookie dough are absolutely delicious if you love cookie dough these are for you and zero guilt enjoy,1,1,0.9488963460571975,1,1.3179811546141762,1,0.9996679,1,0.9960877
this was my first ever creatine purchase and i will say that it does work if you stay consistent my only issue was when i mixed it with my drink there would be powder at the bottom so i would have to continuously shake it throughout my workout but other than that i would purchase again,1,1,0.9032689935459591,1,1.233537058079837,1,0.9959376,1,0.9682639
i bought it for my mommy for her knee pain and it has helped her a lot i definitely recommend it,1,1,0.9675839990740528,1,1.5003458287302032,1,0.9995584,1,0.9964528
just works,1,1,0.9549048650767364,1,1.9215624121821304,1,0.995103,1,0.9955134
kids shared that this chocolate flavor is perfect we do breakfast smoothies for quick mornings and this is a great option,1,1,0.9605611684775107,1,0.9189640328759701,1,0.9995314,1,0.99679655
this is probably one of the worst things i’ve ever tasted i tried diluting it but it was just too terrible i don’t know what i’m going to do with the rest of it,0,0,0.10050941154553285,0,-1.1101626923514165,0,0.023712117,0,0.03940999
already after less than a week i can feel an improvement digestively no side effects no downside a good product and a fair price has many of the same ingredients as a product i found at twice the price,1,1,0.8745540555925607,1,0.5437405355883307,1,0.9945648,1,0.99417335
for being unflavored this product has a terrible taste and a taste powdery as wellprobably because you have to use a huge scoop of the product per serving i will be requesting a refund,0,0,0.46153285894980006,0,-0.7974269121173412,0,0.055960298,0,0.047803737
i am working my way through the variety packbr br if you are looking for something good tasting keep lookingbr i have found that anything with the cacao nips in them oatmeal salted carmel have a bitter aftertastebr the peanut butter has been the most pleasing tasting one so farbr br on a positive note they are low in sugar and high in protein and decent nutritionbr i like nugo for a dessert or for a craving and they do have a low sugar optionbr br i would not seek these out again given the taste and the cost,0,1,0.9118986439787199,1,1.121713877146595,1,0.96297574,1,0.9950311
a must for anyone who is all about having a healthy body,1,1,0.9083748848995835,1,1.3996926022112377,1,0.99952435,1,0.98988086
which is exactly what i was looking for for my body does not digest whey powder well at all but this rice protein works great mixes well in oatmeal or smoothies have not tried in water i do love chocolate,1,1,0.9786223561271904,1,2.0594605105110295,1,0.9891668,1,0.99697816
these are the best keto bars on the market hands down no comparison i gave up for awhile because almost all of the bars i had either tasted awful had ridiculous ingredients or were a weird consistency or even had a combo of the threebr br these kiss my keto bars are phenomenal they taste good the consistency is soft and excellent except being slightly oily and the ingredients are about as good as you’ll find in a barbr br i’m glad i found these bars snacking on a keto diet can be tedious but these bars are a real treat,1,1,0.7115415651159683,1,0.37239128276778205,1,0.99378926,1,0.99402386
very good plant based protein shake mixes easily in regular shaker i use it with almond milk tasty combination,1,1,0.9935177274663836,1,2.2353859343447366,1,0.9998435,1,0.9970722
these fortifix bars are not overly sweet but are satisfying and tasty the chocolate pretzel and peanut butter bars are better tasting than many energy bars and offer sustained satisfaction,1,1,0.8709897776921102,1,0.519525725194214,0,0.14465575,1,0.9968719
i am very pleased with viafibers product in just less than a week i already feel the difference in my digestion bowel movement and general energy level its almost like i have purified my inside or somethingbr really good results so farbr ill be a regular customer,1,1,0.9640354363188386,1,1.288103998043288,1,0.9988967,1,0.9965945
the macros on this thing blew my mind away bc it taste like im eating dessert everyday i got the strawberry cheesecake its so smooth no clumpy or chalkiness at all and super yummy if you have a sweet tooth you need this in your life asap,1,1,0.841448126876623,1,0.9036514793602497,1,0.8542911,1,0.9359952
these are huge for protein bars i found these at a convenience store and have gone back twice specifically for the fit crunch so i figured i’d order a box to keep them on hand they taste great and are hands down my new favorite protein bar it’s a bonus that robert irvine created these he’s the man,1,1,0.8934756898079388,1,0.5133395961233648,1,0.99574465,1,0.9922546
this is a nice preworkout drink i used it during my workout also helps to fuel the pump powder mixes easily and i like the fact that it’s a small scoop don’t like too much powder in my waterbr the taste is smooth if you mix it thoroughly not gritty like most i love the semisour taste of sports nutrition drinks as wellbr beware though this gave me a tingling sensation hours afterwards but it’s a food feeling no crash,1,1,0.9175177457957279,1,1.4389162348104754,1,0.9993467,1,0.99696046
the nutrition is good but the french vanilla flavor is lacking one thing actual flavor cows milk has more flavor lolbr br i have been buying the chocolate which is great but had to settle for vanilla as chocolate wasnt available with prime,1,1,0.8892475602143437,1,0.7431562081515826,0,0.13210429,1,0.97997254
i’ve tried almost every bar out there peak performance is the absolute best the bars check everything important to me collagen from pastured cows organic ingredients high fiber yummy taste in addition they’re rd party tested and pp partners wit the nonprofit vitamin angels thanks pp,1,1,0.87947819563349,1,1.170622487720834,1,0.998401,1,0.9961415
i got the powder container with ice punch flavor i’ve tried it with both iced water and gatorade zerobr the powder doesn’t seem to mix well the powder seems to have mixed well with the liquid but with every sip i can feel the powder which in my mouth like its about to become dry the flavor is there and strong but not what i was hoping forbr i’ve noticed a bit of energy from taking it though and thats what really matters to me it keeps me up just a little bit later in the night whenever i take this in the eveningbr all in all i like it especially since its powder and can be mixed with water to give it flavor i do hope to see more flavors though,1,1,0.9084542611963082,1,1.4806450560549675,1,0.9989759,1,0.99303097
this product was recommended by others with throat cancer to help with sores during radiation all i can say is it did help my bf experienced minimal amount of sores which i think helped with his recovery of eating quicker after radiation stopped by days after he was able to eat with no discomfort,1,1,0.8363537494708105,1,0.7521805294097387,1,0.99113876,1,0.9827507
i have been searching for a good powder for about years i have tried so many different kinds and while some have been ok i always found the pre made shakes you can buy are always much smoother but they also tend to be sweeter with a strange aftertaste i travel for work and will be starting to substitute some shakes in my diet covid has not been kind and i whipped up a powder i had which starts with an i ends in x i used to like that one but now it just seemed well ick so onto amazon i go rsp had really good reviews so i figured why not i received it about an hour ago and here are my thoughts i mixed it with ounces of water which is what i like to use being on the road no ice gave it a whirl in my travel blender and voila perfect not too sweet not gritty at all nice and creamy and even though i am let it sit for about minutes it didnt thicken up or get gritty like some can do as far as taste and mixability goes it is a perfect powder will it give me horrible gas well i should know in a few hours but according to the other reviews i should be ok,1,1,0.7814415346190089,1,0.5093314030692613,0,0.4243435,1,0.95942533
great prework out gets me in the gym and working out pretty fast,1,1,0.9615280977838024,1,1.8441311425154425,1,0.9999614,1,0.99709344
this is a great snack bar that isn’t too chewy plus it didnt make a mess while i was eating itno crumbs i keep in my work purse for a convenient snack,1,1,0.887545788752128,1,0.6248733040068664,1,0.97593737,1,0.99373686
it takes a month or to feel full effects but if you stop taking it like i didwoah body rebels with a quick reminderbr being flavorless you can add it to anything sovery convenient and you get a little protein,1,1,0.9687285454591725,1,2.251678063993613,1,0.9994448,1,0.634861
cambio en el cabello,1,1,0.7859496987752465,1,0.41861653495099715,1,0.92314106,1,0.9726978
horrible even my highend blender could not process this to make it anything other than a grainy mess the,0,0,0.16482860922157386,0,-1.184592593080081,0,0.0018118169,0,0.039768483
i got this for my workout loving boyfriend and he loves it he says it taste good and gives him a good kick he recommends it,1,1,0.9651973775617829,1,1.4843035411560552,1,0.9997892,1,0.99699163
videoidaaabfdebcaacf my nails are so much stronger been using a month,1,1,0.8888596001132425,1,0.6823364082968861,1,0.98294455,1,0.9950519
dont have too much cause then it bad for your kidneys,1,1,0.6191730481338564,1,0.039080238739702844,0,0.061135754,0,0.1435887
i received a variety pack and i’m glad i did while the honey almond and chocolate pretzel are delicious and could almost pass as candy bars the chocolate bar tasted like a pale imitation of chocolate and the peanut butter bar was the most disappointing it tasted like the chemical version of peanut butter that bananaflavored candy is to real bananas but while i actually like banana candy i did not like this version of peanut butterbr br the consistency is good but the outer coating felt a bit melty since the expiration date is a year from now it might make a good addition to an emergency evacuation bag but that melty coating makes me question its suitability for that or even for a backpacking excursion,1,1,0.6990627702797331,1,0.36234970327658345,0,0.08219033,0,0.32846335
i loved these great flavor and good for keto good thing to have on hand when you have a craving or need an afternoon snack,1,1,0.9934963175789039,1,2.4286761299583133,1,0.9992323,1,0.99666744
the chocolate flavor is awesome does it taste like a normal chocolate milkshake absolutely not you’re not going to fool anyone into thinking this is a treat is it still enjoyable to drink you bet i have tried it with water with soy and almond milk and with half milk alternative and half water it dissolves better in water but tastes much better with a milk so the half and half works best for me with straight soyalmond milk it is super creamy which is great for taste but i was shaking it forever love the chocolate flavor it is on the sweet side i’m not a sweets person but it doesn’t bother mebr i replace my lunch with this every single day and it absolutely keeps me full between meals i look forward to trying other flavors although i did try the sea salt caramel and that’s a hard pass ew,1,1,0.8632444920943645,1,0.7242979554152784,1,0.5392539,1,0.9964116
the taste of this protein powder is excellent the powder mixes really well and the taste is delicious i have this in my morning shake as well as after a workout the powder mixes quite well either in a blender or just in a shaker bottle,1,1,0.9903891684400301,1,2.1849433236095717,1,0.9850609,1,0.9970487
its difficult to find vegan protein that taste good this one is very delicious but it does have an after taste i will purchase again,1,1,0.9596497445285135,1,1.872565108082708,1,0.9972416,1,0.99592906
my husband adds this to his coffee every day instead of cream and sugar it’s a great flavor without being chalky or gross i do wish the price would stop going up,1,1,0.8874535014000045,1,0.8313611664031821,1,0.99589443,1,0.996163
good,1,1,0.9937113251511162,1,2.0285740904509044,1,0.9780961,1,0.9966487
taste almost like skim milk when mixed with water and its even perfect for cooking and is clean whey no weird stuff wont cause gas up and down or stomach issues i get sick with lactose so this one is perfect for me the downside is kinda pricey respect to the total servings thus for that i give stars,1,1,0.8476414551397261,1,0.6656979575266428,1,0.9995134,1,0.995235
i purchased these shaker bottles a few years back and loved thembr br i recently bought more to replace the older ones and am completely disappointed with the quality of the bottles at this point in timebr br all bottles leak from the spout cap when shaken the leak is at the hinge and nothing can be done to fix them they all leak liquidbr br do not buy these shakers they are poor quality,0,0,0.4939315810705998,0,-0.431349793980223,0,0.00063688675,0,0.047446705
really makes a difference in my post workout recovery but the mg oxide is a laxative this messed up my intestines diarrhea every time i take it,0,1,0.8864027204867762,1,0.7188146209809614,1,0.77402765,1,0.7150592
i make my own dog food and use this to supplement it lightweight doesnt clump it serves its purpose,1,1,0.872509038808591,1,0.8537569784389892,1,0.9958799,1,0.99502665
purchased for my wife to use in her shakes no complaints no aftertaste works well for her tastes,1,1,0.9506519635100892,1,1.4158212745306047,1,0.99897337,1,0.99662256
good product that we are adding to the daily smoothie that we often have after going for a walk our area is very hilly or after exercising i can taste the pineapple a bit but our smoothies have other ingredients as well so what i taste is a mix of all of them i like that there are no additives or fillers in this product and if desired you can even go to the companys website and request test reports of their ingredients i do wish however that the package had an expirations or best by date reasonably priced this seems to be a good eaa product,1,1,0.9186729160255926,1,1.3972871527572313,1,0.99956983,1,0.9959532
excellent in plant based yogurt adds the crunch factor perfect for keto and vegan these aren’t very tasty plain but a great protein additive for yogurt with walnuts cocoa nibs chia seed a few berries etc,1,1,0.9745071220455263,1,1.4914879106724248,1,0.99590343,1,0.9970258
i like to put a protein powder in my green smoothie orgain keto plantbased protein powder vanilla tastes good and mixes well i use it as a meal replacement vanilla is a good choice for my purpose,1,1,0.9937771709338754,1,2.2952311067671074,1,0.99984884,1,0.99710983
i use this in a small blender with almond milk then i throw in some ice cubes it makes a flavorful smoothie,1,1,0.9384460019856121,1,1.2049434361411167,1,0.997632,1,0.9943541
the container is nearly half empty i understand the product is sold by weight but i am sure there are ways to get the powder to settle as you pack it in other collagen powders do not come in such oversized containers please reduce the resources you use and help us minimize waste thanks,0,1,0.6130090197352046,0,-0.09005139864791589,0,0.04050937,1,0.9701957
as a girly that loves all of the seasonal flavors and fun i knew i had to order a pumpkin pie protein when they became available this season not only do i make protein french toast but i also make a protein oatmeal protein shakes and morebr br with this only being cal per serving it was easy to include in my recipes my usually protein powder is calories but a boring vanilla flavor this adds that extra seasonal pumpkin fun when i’m trying to make a pumpkin recipe which i love i would absolutely order this again for next season if they come out with another flavor,1,1,0.9316779008041275,1,1.4396539658131458,1,0.9673286,1,0.9946326
tastes awful like some dirt was stored in a musty sock in the basement for years but you will feel like a bad b it’s so gross but so worth it i will absolutely be a repeat customer i have a month old and i feel unstoppable,1,0,0.39484079279608253,0,-0.6312212217091753,0,0.06396456,0,0.10374521
cant comment on the benefits because i dont really notice thembr br the powder has a smell reminiscent of insecticide the flavor hints of cherry slurpee,1,1,0.6816414684260843,1,0.49760756118745997,1,0.9353053,0,0.058244377
though it could be sweeter it tastes just like chocolate so far this is the best keto chocolate ive had,1,1,0.8194736708000993,1,0.9578278930369986,1,0.8891691,1,0.9949301
my daughter has difficulty maintaining a healthy adult weight this has worked wonders and has good taste im devoted,1,1,0.9321260072623248,1,1.1337680786301865,1,0.9976895,1,0.99638736
love it,1,1,0.9901245444499925,1,2.1183598904662206,1,0.9947836,1,0.99548054
good,1,1,0.9937113251511162,1,2.0285740904509044,1,0.9780961,1,0.9966487
fantastic taste refreshing and very flavorful no funny protein aftertaste love the energy version in the morning,1,1,0.966001079303181,1,2.0755594810325677,1,0.9999409,1,0.9969157
o like its permeability into beverages,1,1,0.8052510165258752,1,0.06875500419022418,1,0.7023418,1,0.9952566
a friend usually gets these for me at costco and taste delicious however i decided to order on amazon and they taste old and stale can barely taste the coconut,0,1,0.7024453740000863,1,0.3313141136679484,1,0.64103615,0,0.09019609
gives very mild amoint of energy the energy boost could be a bit stronger and last a bit longer,1,1,0.9050360926854745,1,0.999323934839266,1,0.9665814,1,0.9794571
there arent a whole lot of vegan protien bars out there that are this simple they dont over do it with the flavoring and trying to make it presentable just a simple bar with simple natural ingredients really helps me to get that extra protien boost when i need it and makes a great healthy snack i would definitely recommend that you try thembr br tip put them in the refrigerator to cool down and they taste so much better,1,1,0.9251738987140705,1,0.7273605612940397,1,0.96437806,1,0.99619544
usually i love these but this timethe packaging is defective for the price one would expect better quality control the containers are not secure on the bottom and have unjoined flaps the containers thus will not stand up and must be laid on their sides one senses there is a chance of some leaking,1,1,0.7488189320617271,1,0.6044920670773933,1,0.75771075,0,0.043577023
cant believe how inexpensive these are for how many you get it these will last forever now does a good job with testingquality so i feel comfortable taking these,1,1,0.9142657480688503,1,0.8976411476242276,1,0.9968483,1,0.99241877
i threw them out,0,1,0.553402436133492,0,-0.21883278496197767,1,0.5676033,0,0.04659854
good stuff,1,1,0.949261151434861,1,1.130930998668618,1,0.9736062,1,0.99644274
these are my boyfriend’s favorite protein bar we buy the pack to save money rather than grabbing one bar at a time after the gym we love that they are vegan we love the high protein to calorie ratio we like the taste… some flavors more than others but all are good we like the cookies n cream peanut butter flavor and chocolate chip flavors the best,1,1,0.9837181966727723,1,2.287686750770448,1,0.99996006,1,0.99711406
i liked all of these except the banana one i should have read the nutrition info more carefully though i was looking for a good protein bar these are very high in carbs not enough protein to be considered a protein bar four stars for taste,1,1,0.8934871515810766,1,0.9093709615961796,0,0.29194143,1,0.990003
i mixed this with flavored water or mixed it into oatmeal slightest change in the flavor mixed clear into the drink noticed a difference in nails and hair after days of use will definitely buy again,1,1,0.9268650250742695,1,1.1388407749493181,1,0.99958533,1,0.9928464
i went through earlier lglutamine capsule bottles pretty quickly as part of my workout and recovery regimen so decided to get a larger supply with bulk pricing so this bottle should last a while capsules are easy to take and dont leave any aftertaste i use these along with a creatine drink mix to help with muscle recovery,1,1,0.9492160288639476,1,1.089067314314664,1,0.9984668,1,0.99420565
the title says count however you only get one bar it’s one single item for it’s not a pack as listed false advertising,0,0,0.4047144861599476,0,-1.1422309258712755,0,0.008749142,0,0.061827797
i admit i was skeptical as most hyped supplements never offer me any benefits with k reviews i thought what the heckbr today is day of adding one scoop in my morning coffee i have new hair growth i am and have been thinning for a few years my nails are super strength i have been experiencing for the last two years a lot of chipping breakage and lines those lines are almost all gone now since covid i have become a slouch not wanting to work out i still dont want to but i am feeling stronger and now thinking that i might be able to get back into a healthier routine my thin scandinavian skin appearance is much softer looking and showing less crepiness overall i am pleased and will continue to use after about two weeks i still was wondering hmmmam i feeling any benefits then one day i was doing my nails and notice the lines disappearing that third week was like wowthere it isbr now i have used scoops and it appears i have another few weeks left in the container so my experience with it is one container should last about weeks as for flavor there is not much flavor but i use a pricey italian coffee and it has altered the flavor i so enjoy every morning so i had a little monk fruit sweetener and that helps i would say give it a month before deciding if it works for you or not,1,1,0.9098931497253119,1,1.0474222748794237,1,0.94731236,1,0.99206346
good quality vegan protein powder happy with the texture and taste doesn’t clump like some others in the blender,1,1,0.9723532519979622,1,1.935795754923925,1,0.9765669,1,0.9971264
tastes great and keeps me full all day,1,1,0.9601600520217409,1,1.3644606497210927,1,0.9964945,1,0.99698836
great taste good boost used this first before moving to the elite series great value,1,1,0.9565616348890658,1,1.286665954324294,1,0.99839216,1,0.9971846
this protein is elite i have tried nearly proteins and nothing compares i have the fruit punch flavor and it’s great on its own with water but adding a little flavoring with fruit juice or crystal light and it’s just even better try using this with a blender bottle and cold water give it a good shake and let the foam settle you can even make it before your workout and stick it in the fridge for when you’re done and it won’t separate best thing about this protein is the ingredients especially because this uses stevia leaf rather than sucralose sugar alcohol to sweeten it unlike some of their other products make sure this product has a seal as it does when you buy in store,1,1,0.9230693931106713,1,1.083542575202455,1,0.8891701,1,0.99609214
im a huge fan of collagen supplements and i appreciate that this also contains vitamin c which is essential to your body making the best use of the supplement i also appreciate that it is usda certified as organic so you know youre getting just the bone broth based collagen that you want and not a ton of chemicals the flavor is very sweet and creamy with a light chocolate flavor its quite delicious especially as a smoothie what bothers me however is that the source of the sweetness is not listed on the label im very particular about what sweeteners i use and it is absolutely not ok to not list what sweetener is contained in this product i would really like to see the packaging updated with the sweetener listed until then i cant rate this higher because i dont know whats in it,0,1,0.7465001781105746,1,0.46378225028155307,0,0.092420936,1,0.99452955
i am a very big fan of the flavor and consistency of this protein if you have had quest protein and like it i would highly recommend trying this one too,1,1,0.8737251653312642,1,0.7405396871594652,1,0.9876315,1,0.99656314
we have tried many other brands but blender bottle is where its at this is truly the only brand we have been able to put through our dishwasher and not have issues with tops screwing on hard i will always come back to these and we are done spending money on other attempts,1,1,0.8529253099636601,1,1.0498315084689525,1,0.99178207,1,0.9740611
took scoops and hours later i had diarreha several days after miserable,0,1,0.5768243271364554,1,0.25394930938738347,1,0.5809714,0,0.08287443
want to get beefy without the gmo and steroids well this is it taste the chocolatey goodness,1,1,0.8744883663060912,1,1.338468544278849,1,0.99901974,1,0.9931331
im elderly and a cancer survivor this is my nd order of collagen and i believe it is helping with muscle strengthbr and i will buy it again,1,1,0.9135232272870243,1,1.0578278348206218,1,0.9993529,1,0.99552673
i have never used this brand of llysine but i and my husband have for other things i’ve never had issues with this brand and llysine has kept me and my family coldflue free for many years great for the immune system and highly recommended,1,1,0.91834252847236,1,1.049290265616122,1,0.9999088,1,0.9958865
lo mejor,1,1,0.8381693173211928,1,0.8232823206544843,1,0.86890364,1,0.9523951
my blood pressure went up,0,1,0.7596033519548792,0,-0.04031198702514094,0,0.077798724,0,0.2327859
ive been having some issues with diarrhea sometimes explosive and with gassiness for several weeks now ordinarily one should see a doctor if such conditions continue for more than two or three days however as i lost my primary care doctor to the pandemic and there is yet another surge going on swamping our local medical system right now this is not the best time for a highrisk senior citizen to move around town trying to find a new doctor so for the moment ive been looking for products that can alleviate the symptoms until i can find a doctor and get the underlying issue resolvedbr br this is the second product ive tried the first being a peppermint oil caplet the peppermint oil immediately slowed down the diarrhea and the explosiveness but did nothing for the sometimesintense gassiness it also left my stomach in a lot of roiling upset this healthy gut powder also slowed down the diarrhea but also eased down the gassiness and felt much gentler on my stomach quieting down the gut turmoil so of the two products this was very much the more effective allaround treatment the only reason i did not give it five stars is the price if one continued to need this product on an ongoing basis that could quickly add up to quite a bit of moneybr br there are several caveats i need to include here the first is that this powder like the peppermint oil helped with the symptoms but hasnt dealt with the underlying issue the second is that human beings are not one size fits all different people may react to the same product in different ways so your mileage may indeed vary finally the powdered drink can be a bit intense the first time i tried it the drink itself left me feeling bloated for a while after several days of drinking it sometimes it goes down easy for me other times that bloated feeling comes back making it harder to drink the relief it provides is worth it though so i do drink the suggested amount before each meal good luck if you try this gut powder i hope it helps you,1,1,0.615144150020278,1,0.21583095641944294,1,0.99959105,1,0.57525045
i am just finishing my first bottle and can tell a difference in my skin after being pregnant and after my son was born my skin has been a struggle my breakouts have decreased and skin tone has evened out some im much more confident without foundation which hasnt happened since high school ordered another bottle to see if this goodness continues,1,1,0.9380278555513162,1,1.1385032503979788,1,0.99865377,1,0.95395696
good brandhas a good taste and it helps recover after a workout,1,1,0.9837831638463553,1,1.7872889186224217,1,0.99733186,1,0.99714524
purchased for under great value for that,1,1,0.9618875671657348,1,0.9775488746905074,1,0.98416185,1,0.99556303
well built and nice to use has never leaked except for when i shook it once while the top wasnt latched down but thats user error and a lesson learned nice color and nice size to drink from,1,1,0.8619624158844083,1,0.7115632716432571,1,0.9906686,1,0.99476707
i gave this a whirl after seeing it a local vitamin store i got the peanut butter cup flavor it’s tastes a little weird but not terrible it’s actually less here on amazon then at the major chain i went to i’m not a vegan or anything like that i do use vegan protein powder because whey gives me diheria,1,0,0.48366993743384284,0,-0.27742455196631033,0,0.08113886,1,0.9668238
weight reduction meal replacement,1,1,0.9221832010055887,1,1.1800208867530333,1,0.99993,1,0.99386
these are my goto for a vegan protein bar with low sugar they do the trick,1,1,0.9291864399898373,1,1.1909412311539833,1,0.979545,1,0.9945555
this is our nd packbr we really like this shakebr it’s clean and tasty,1,1,0.9063818506426722,1,1.0746163454221784,1,0.9994178,1,0.9967225
these are delicious but so tiny and thin i wish they were bigger the full size bars are much thicker and would be better to just break in half and eat those the pro about these is the individual packaging which makes them easy for grab and go,1,1,0.8975291831505702,1,1.11983254219061,1,0.9994398,1,0.98860943
and i love the little finger handle thing at the topmakes it super easy to carry it does sweat in the heatit is not insulated,1,1,0.9253459183523406,1,1.9217862848673013,1,0.99769115,1,0.9963397
love this in smoothies,1,1,0.9642276489880494,1,1.2317242762038205,1,0.97179955,1,0.99586785
this collagen has no after flavor and digests well it also the one that has vitamin k and everything for osteoporosis,1,1,0.8969816153821029,1,0.7155985980789887,1,0.97693413,1,0.9958287
i received two boxes two months in a row that the bars were so hard they could not be bitten in to i am actually wondering if it is a fake product i went to my local market purchased a box and they were the delicious bars my husband and i have eaten every morning for ten years i have cancelled my monthly order very disappointed,0,0,0.49026755294470015,0,-0.3888003129522063,1,0.76915574,0,0.05213747
facil de limpiar cero perdida,1,1,0.8358807907183438,1,0.7602686081801345,1,0.75263935,1,0.9629458
love active stacks great tasting protein and super clean in ingredients it is definitely a staple in our house,1,1,0.9849981902961615,1,2.0845295619618374,1,0.99800056,1,0.9972537
oderlessodorless goes great in coffee ☕️,1,1,0.9812491624940108,1,2.084281186385285,1,0.99650013,1,0.99402857
no flavor and dissolves very well so it mixes into anything… perfect for my workout drinks,1,1,0.9837419396545277,1,1.9676374994210188,1,0.99903774,1,0.9961046
love the flavor of this powder only issue is that when blended it gets a bit fluffy or foamy i add this at the last minute in my smoothies to minimize this,1,1,0.944877979666722,1,1.560412221434115,1,0.9914771,1,0.9943157
exactly what i hoped for finally one without coloring or artificial anything tasted like iced tea love love love love it only downside is i want to drink it all day long,1,1,0.9681469502144111,1,1.958444245861728,1,0.99996614,1,0.9736304
i regret buying these and now i have to figure out what to do with of them theyre much too sweet its nice that they pack in g of protein but g of added sugar is just too much makes you feel bloated not recharged,0,1,0.7836640190092433,1,0.42775789980733736,0,0.08586568,1,0.93187094
i made a shake with my sample for me didn’t have enough chocolate flavor but i liked and it was very fillingbr blends very well no lumpsbr would recommend,1,1,0.8905271516452482,1,1.1274756707243763,1,0.99943,1,0.9865726
these are nice to have on hand for times when someone needs a quick pickmeup or healthy snack with a good dose of protein the vanilla flavor is good maybe a little on the sweet side for me and is sweetened with stevia rather than sugar so there’s a little bit of a stevia aftertaste,1,1,0.9784069947110626,1,2.0464715038864467,1,0.99912566,1,0.9969716
ive tried all flavors and the donut surprisingly is my favorite i dont really like regular donuts the coconut is my least favorite but i dont really like coconuts luckily the flavor isnt super strong i eat them for a quick breakfast or a lunch meal replacement obviously real unprocessed food would be much better but these are decent in a fix if i cant make myself something,1,1,0.9313788448499078,1,1.2959295412977117,1,0.9301531,1,0.98442864
lovehard to eat only one,1,1,0.7922767704406244,1,0.43917605338333005,1,0.96440333,1,0.9903865
review for kos vegan protein powder chocolate low carb pea protein blend plant based protein powder usda organicbr br i found this protein powder to be an excellent base for a number of different smoothies i mix mine with almond milk and when i use the recipe on the bag i thought the chocolate flavor was just a bit too strong for me however adding a tablespoon of peanut butter made a wonderful smoothie there are so many things to create with this powder raspberrychocolate smoothie or strawberry i sometimes just add a few ice cubes to give it some bodybr br the amount of protein in one serving is great at grams the bag comes completely sealed and has a resealable zipper on top i also like that it includes a scoop making it super easy to create the drink i always mix it with my ninja so can’t say how well it would mix by just shacking,1,1,0.9769362843470214,1,2.075195940812087,1,0.99770206,1,0.99537
tasty,1,1,0.9356813082561148,1,1.2100646051856865,1,0.98222524,1,0.99668103
beast is the best,1,1,0.9840186152738379,1,2.2901407759996095,1,0.99968195,1,0.996543
i ate them all in like a week,1,1,0.8219194084263887,1,0.8209671210383855,1,0.94664365,1,0.97955155
rbar high protein pomegranate tastes great it’s fruity tastes like pomegranate and dates mild not too sweet and kind of melts in my mouth i love this nondairy non gmo pocketsized nutrition bar made with all natural very healthy ingredients made with almonds this little bar packs grams of protein rbars are definitely a healthy way to energize my mornings great product,1,1,0.9395988067917362,1,1.0133896564283704,1,0.999835,1,0.99728334
it mixes pretty easily i was out of almond milk so had to use water still with just water it was pretty good,1,1,0.958066876971302,1,1.6746631964330037,1,0.9979013,1,0.99633175
this brand is the best ive used in terms of easily dissolving there is no taste the ingredients seem first rate im very happy with this purchase and will stay with zammex for my collagen needs,1,1,0.9533832712762291,1,1.648270985150606,1,0.9997509,1,0.99600416
the tablets are just way too big to swallow even when splitting them in half not sure what on was thinking with this product,0,0,0.3769169489033244,0,-0.33188101827686856,0,0.024900226,0,0.05784359
i loved that this was fresh and tasted wonderful i wanted something that was high in protein but healthier than a candy bar tried several flavors but found the peanut butter is my most favoritebr arrived in great condition and earlier than expected will definitely buy from this seller again,1,1,0.932296854609524,1,1.4862642858234452,1,0.9982711,1,0.99558157
excellent taste and very clean ingredients i put them in a smoothie and love it,1,1,0.9831761810286158,1,2.2973713068321855,1,0.9988721,1,0.9970035
all protein isnt created equal this one meets my high standards for what ill put in my body its high quality protein made from good sources its one of the best plantbased proteins ive tried it tastes good and mixes easily in a shaker i highly recommend this productbr br thanks so much for taking the time to read this review i hope the information that ive provided makes your decision a little easier,1,1,0.982518668573278,1,2.1399792560510402,1,0.9999901,1,0.9965771
couldnt use it the taste was just awful others may like it but i sure didnt,0,0,0.1259328868529006,0,-1.4061951350115172,0,0.039355993,0,0.047491174
i love everything about this collagen it has done wonders for my hair i haven’t had my hair this long since i was in my early s i’m now my part was getting really wide no matter where i parted it it has filled in even my hair dresser can’t believe how much my hair has grown and healthy it is makes my skin glow as well this collagen has no flavor or smell i have with my morning coffee,1,1,0.9665438078389964,1,1.4184852775971788,1,0.99873835,1,0.9961726
a very well designed product the flavor is excellent a staple in my nutritional regiment,1,1,0.9496480068759323,1,1.3294265204022948,1,0.9995592,1,0.99698395
i started using the rich chocolate because hubby prefers it but now with another order i got both vanilla for me rich chocolate for himbr very good both just vanilla is my favorite and i like to add stuff to it for smoothies i prefer making my own because this has only mg sodium which is good compared to ready made protein drinks all have about mg or more being on a program with a nutritionist this is a better git for mebr we get it on subscribe and save and like it a lot so farbr i’ll come back in a couple months and review again maybe upgrade but so far so good 🤙😃,1,1,0.9697846868879401,1,2.0968320008939285,1,0.98821986,1,0.99697196
great bottle even without the shaker,1,1,0.9434929087774654,1,1.2932988463862927,1,0.994745,1,0.99682283
my wife and i use this for allergies and take it every day it helps cut down on sinus problems cant live without it now the smell is not that bad but swallow fast so you dont taste it,1,1,0.8679132916839651,1,0.6526087959238784,1,0.9696693,1,0.99212015
i’ve been eating protein bars my entire life and these are by far the most delicious and easy to eat bars i’ve ever had i wish there was less fat in them but they’re great otherwise my super picky year old can’t get enough of them either i bought a box and it’s already gone days later…oops i’m ordering another box after i write this review if you like wafer cookies then you’ll absolutely love these i personally like them refrigerated they taste best cold,1,1,0.8977674029733785,1,1.0276185844815562,1,0.9988166,1,0.9960401
okif you all are saying this tastes goodi would hate to see the rest of your dietbr i cannot gag this down for the life of me almond milk frozen berries yogurt bananasnothing makes this better,0,1,0.5812969196936606,0,-0.3889562756090439,0,0.44566774,1,0.97804695
videoidaabfdfcfefabdfdad i like the amino profile and the source of the protein mixes fairly well if you leave it sit for a minute it is much easier to mix with a spoon then zero sugar and no artificial colors fillers or binders my only wish is that since it is sourced from pea’s is there any vitamin benefitsbr br trust you found this review honest and helpful,1,1,0.9372507738922135,1,1.7034302413851052,1,0.9999497,1,0.99666697
these flavors are pretty good my favorites are the ones with peanut butter my hubby liked the others so it worked out pretty well you get quite a few in this box bars and flavors good variety not so sure on the energy side but they make me feel full,1,1,0.9782578181879688,1,2.1212149475200297,1,0.9935062,1,0.9968303
purchased for my husband he likes it it tastes good and dissolves well in liquid,1,1,0.9796582736573178,1,1.6197808439478103,1,0.9991124,1,0.9970336
no estoy contenta con este producto me ofrecieron un refill gratis que nunca me lo enviaron,0,1,0.8234517120347994,1,0.9346252304124574,1,0.99162674,1,0.81347406
this would be a decent alternative for a preworkout if you are on the go and have forgotten your preworkout powdermix the taste and flavor are there it is comparable to an energy drink you are looking at approximately per serving here since there are cans in the case,1,1,0.874022198383838,1,0.9330189884496114,1,0.9123992,1,0.97292894
these bars are really good are raally good they have good flavor and dont taste chalky like some other bars i have had i would if we recommend them to anyone looking for a vegan protein bar,1,1,0.9721029760763485,1,1.4630550550916426,1,0.9939983,1,0.99626714
great for smoothiesdoesnt leak,1,1,0.9560375799427142,1,0.6997507048320314,1,0.90461284,1,0.9968098
absolutely yummy tastes like nesquick chocolate milk with pieces of marshmallow in it omg this is amazing i love it the cookies and cream was gross it had strange after taste but all the other flavors are great,1,1,0.7236299841560386,1,0.15849129325417544,1,0.9344798,1,0.9958637
i love these the only problem is how rarely they are available,1,1,0.8600038053040786,1,0.7779999479993591,1,0.99082196,1,0.99479383
they taste good and are low carb and vegan but they are hard to find in stores i am glad amazon has them its difficult to find a tasty vegan shake and they fit the bill,1,1,0.8966658436570527,1,1.1867906621292024,1,0.9993843,1,0.9953458
awesome product,1,1,0.917400387858135,1,1.20792049592364,1,0.98896563,1,0.99644536
bought this for the purpose of having a kickstart engine before the workout it works fine but it seems like it also has a laxative effect to certain extent i only use g per day but my digestive system is not too welcoming this in my body nevertheless its a great cutting regiment tool for anyone who are looking for preworkout nonstimulant,1,1,0.9531406151002986,1,1.2568098821174276,1,0.9977162,1,0.9935086
this stuff is the bomb very sweet but so tasty im only rating it stars because it is a little chalky but nothing horrible,1,1,0.6137067077143072,1,0.5432242648680551,0,0.26879537,1,0.97565836
i love a scoop in my coffee gives it a strong cinnamon flavor plus i add a plant based creamer great boost to the day,1,1,0.9919302562243778,1,2.4465285074225083,1,0.99994314,1,0.99692565
berry is by far the better flavor very sweet but compared to the mango its much more enjoyable,1,1,0.863595311692115,1,1.14562373175337,1,0.9967253,1,0.9944727
favorite flavor,1,1,0.9625941973992712,1,1.7843845589245866,1,0.9900034,1,0.99678135
i was shocked how sweet this product is even after adding,0,0,0.3838541619230174,0,-0.6179545125926496,0,0.20225541,0,0.11183537
at first when you open it you think “yes it smells so good i bet it’ll taste great too” nope it’s like chewing styrofoam with flavor for seconds then you have to push water down your throat just to be able to swallow the rest of the bite dropped the ball again i had high hopes,0,1,0.6719847729097931,1,0.1085106097139234,1,0.8173104,0,0.47423014
my blood pressure is much better since i started taking this,1,1,0.8769580742233803,1,0.5397369120891822,1,0.747981,1,0.99500376
it stinks terribly and tastes just like it stinks it does not mix very well and is clumpy i simply cannot put this near my nose so the dog and cats will be getting this in their daily food,0,1,0.6443680988422956,0,-0.562414671927441,0,0.002775222,0,0.054649957
i love this bottle because i can drink on a full pre workout cocktail for a half hour or so before the gym and then go to the gym with ice water in the same bottle,1,1,0.9049355690713302,1,0.8415697827752544,1,0.8702455,1,0.9967049
no sugar or no phony sugar replacements which i feel are very bad for your body,1,1,0.715316996725994,1,0.2501484224243733,0,0.041111056,0,0.43566582
love this product i mix the powder with a nutritional drink and fresh fruit,1,1,0.9366131082481288,1,1.1702893937134144,1,0.9919727,1,0.99649906
this works great i use it to mix power drink and it work perfect plus the containers hold a breakfast snack that i can take to work,1,1,0.9714802241110985,1,1.3867556626633317,1,0.99648416,1,0.99712354
i like it for easy to use and easy to clean just the wire ball looks not perfect to set away after clean the whole,1,1,0.9242137204409585,1,1.6894316332561312,1,0.9996075,1,0.9923012
quality product bulk priced for savings,1,1,0.8985614588272053,1,1.0298098256789843,1,0.9826031,1,0.99596477
this product is large and has last me over a month the flavor is good and it blends well,1,1,0.8952087540566775,1,0.5289152868253215,1,0.9918765,1,0.9966518
works great for making ice cream i like it and i do recommend it,1,1,0.9767353899079907,1,1.849649157809098,1,0.99846447,1,0.9968541
incredible quality from this product made my workout feel way more productive taste was good not amazing but most supplements do nothing for me flow was the real deal worth trying if you are looking for any edge,1,1,0.7679817939916098,1,0.7443183549372236,1,0.963349,1,0.9812688
absorbs quickly hits your system fast lasts longer than other caffeine pills i have used wont try another and ive tried quite a few,1,1,0.8392530573831307,1,0.9114842136504916,1,0.8238594,1,0.9918691
its so bitter,0,1,0.7509120936082349,1,0.29575955537171206,1,0.61804366,0,0.11486675
i love the flavor,1,1,0.9823505341394562,1,1.7830098484561678,1,0.98631036,1,0.99653685
delicioso,1,1,0.7944206329076468,1,0.529492455724013,1,0.74101907,1,0.98386616
very delicious tastes just like a donut coffee creamer,1,1,0.9219103697609388,1,1.5024398062163788,1,0.9991875,1,0.99608254
great tasting perfect energy boost when ever i need it thanks,1,1,0.9492990236754387,1,1.0217875000479097,1,0.9703606,1,0.997017
great product good value good quality,1,1,0.9979857356904781,1,2.509314991595674,1,0.99972636,1,0.9968213
clean blends well ive ordered more,1,1,0.9678517933970254,1,1.992103962380229,1,0.99931216,1,0.9966223
this stuff really works i love how it pushes me to do more enough caffine to do a hard workout but not have a huge crash afterwords i love it,1,1,0.9200018467808978,1,1.4721343618197804,1,0.9994981,1,0.99686676
good packaging and i like that the product is recyclable i also like that these bottled drinks unlike the powder has g of fiber great for breakfast,1,1,0.9496732962302951,1,1.060681287705579,1,0.99650675,1,0.99714357
plenty of reviews say it’s tastes disgusting and does not blend i have found that this organic bone broth does indeed blend well if you do it correctly i pour in some organic chicken or beef broth some coconut milk and plenty of water then i add a scoop or so of this powder and gently whisk it until it has dissolved which it does easily but takes a minute or so of gentle whisking for it all to blend in it does get slightly foaming but that goes away once you add veggies spices garlic etc and heat it up the resulting soup is so healthy and delicious even my little one loves it i am very pleased with this bone broth powder and definitely recommend it for adding a good collagen boost to your soup i haven’t tried it in a smoothie or any other recipes but i love my soups anyway so this works great for me hope you find a way to make it work well for you too,1,1,0.9444071825857078,1,1.361889068184861,1,0.99235314,1,0.9811109
at my daughters suggestion i tried for my arthritis omgwithin a week i started feeling less stiffness and pain with the osteoarthritis in my knee ordinarily the pain would be so bad it hurt just to step off a curb been getting knee injections approx every months since starting the product i went months before needing the injections which pleased my dr i add to my coffee stir and drink sometimes mix with bottled water and shake mixes better if water is room temp and it doesnt taste bad you can put in soup gravies etc added benefit the sparse bald spot area at the back of my scalp has begun growing fine new hair update after this product was unavailable for a while i had to choose and use other brands of collegen powder seems as though whenever i find products i like the products formula is changed or is discountinued so i had to find other collagen prodructs to try of the two brands i tried one was too expensive for the amount of product the other didnt dissolve completely and had clumps just happened to see microgredients was available again and immediatly ordered my favorite glad its back,1,1,0.7633216195364924,1,0.8151575300429792,1,0.73441654,1,0.9901877
tastes like a candy bar with no aftertaste,1,1,0.8488857467694657,1,0.9781008302527848,1,0.98887575,1,0.8769474
so often protien bars taste awful these are very good i carry them in my purse if i have a busy day then i’mbr not tempted to get fast food i also pack a few when i’m going out of town,1,1,0.7988211055459108,1,0.5073959708087684,1,0.9783981,1,0.8252751
love the product,1,1,0.9670304102617048,1,1.364756518790157,1,0.9879452,1,0.9961125
not the most pleasant taste or texture,0,1,0.6314999676957649,1,0.8670456007897696,1,0.9449133,1,0.95100653
does the job,1,1,0.8900633852985016,1,0.8489642056728841,1,0.8329811,1,0.99427116
you can see the ingredients on the page otherwise three things worth notingbr br good chocolate taste this is a really good flavor not my favorite flavor that i own but its really good i dont care much for flair or gimmick flavors so this was perfect for mebr mixed really well one of the best mixing protein powders ive used awesome for texturebr low caloriescarbs for g or protein awesome combo depending on your needsbr br id recommend this product for a good milk chocolate protein powder,1,1,0.9877379339971587,1,2.173593708851082,1,0.999257,1,0.9962992
i’m trying to love this but it’s super sweet,1,1,0.7989841688692482,1,0.31525577526628895,1,0.6764885,1,0.9233485
this protein taste just like vanilla ice cream i make a shake in the morning and it keeps me full for for about hours,1,1,0.9528583225676667,1,1.3807595572683984,1,0.986665,1,0.9961514
dissolves easily and no taste great product,1,1,0.986290504326123,1,2.107678992476181,1,0.9997292,1,0.9848667
i make a cookiescone with this product to give me a sweet snack but still keep the carbs down and add some protein,1,1,0.929433653927168,1,0.7557341237822621,1,0.99683607,1,0.99496305
i have been using this product in my morning smoothies for a little over a year i love the vanilla with my spinach blueberries and banana my son drinks it too great flavor,1,1,0.995042510117125,1,2.4635976611579724,1,0.9991211,1,0.9962811
even tho it taste good for me i think the full serving size would be too sweet for me the taste is really subjective to your liking it’s the first time using and i like the product,1,1,0.6879778464716946,1,0.4340043212773199,1,0.9718402,1,0.93008566
ive taken this since the s several times a week a bodybuilder introduced me to it swore it would shed pounds off yeah right within a couple months my pants were falling off when i tried to get dressed lglutamine converts fat to muscle dont believe me google it it has to be the l form of glutamine thoughbr br the key is to take some within one hour of exercise take it before or after either way i take it afterbr br ive told so many people over the decades about this stuff no one ever believes me its hilarious that theres a genuine thing you can take that works is cheap easy yet it somehow stays hidden from public knowledge i guess doctors weight loss scams wouldnt make bank if this got outbr br i put a heaping teaspoon in a water bottle shake it up then drink as soon as i finish exercise even just yardwork mowing the lawn whatever your level exercise take in within an hour over a couple months youll see the major difference sorry about having to go buy new pants though,1,1,0.7837137185496971,1,0.45966739047567523,1,0.99780875,1,0.9249277
smells like a powder full of chemicals horrible metallic smell and taste,0,0,0.40772698578899214,0,-0.4862399032489242,0,0.087175965,0,0.038813684
gives me an itchy fupa,0,1,0.8168527467708705,1,0.3509675058706961,1,0.63511866,0,0.25908512
easy to take and supports normal fluid balance,1,1,0.9262198456160274,1,1.3767328128664218,1,0.99846625,1,0.9963883
taste as it should protein flavor doesnt stand out much juice with a bonus these have carbs they do make some with fewer carbohydrates if you prefer,1,1,0.9010018407024262,1,1.0621273123371253,1,0.99752885,1,0.9361869
using as a health benefit to my daily routine love the product,1,1,0.9692905888141015,1,1.3504717030777265,1,0.9984199,1,0.99667335
item as described and arrived on time tastes great and is good for a prework out,1,1,0.9341915331235378,1,0.6987694785250277,1,0.9124757,1,0.99673706
product has been good for me at present only been using it for a short period of time will let you know what the future brings,1,1,0.8434566365193262,1,0.5328475608651159,0,0.27697715,1,0.99280906
the ads do this product no justice when i drink beetelite i can feel a difference my regular preworkout makes me feel itchy and jittery while beetelite just gives me the energy i need to workout this is what ive been needing,1,1,0.8940184968861232,1,0.7947820813282216,1,0.77494764,1,0.7361375
u cant even taste it in your coffee or tea i wish i had this years ago,1,1,0.5379261485478507,1,0.21464615542544108,1,0.8536106,1,0.9089527
good product mixes well and is a good value per serving,1,1,0.9887735433796767,1,1.7316270027049092,1,0.99783653,1,0.9971353
the protein tastes great and has been easy to digest i recommend,1,1,0.9883223007581796,1,2.2086007802527945,1,0.9998306,1,0.99714065
these are such poor qualitybr not only does it taste gross because its got that artificial lemon sour but its also got that feet stink from blueberry instead of getting the aroma and sourness from lemon and sweetness from blueberrybr its like they looked at all the qualities of lemon and blueberries and decided to go with the worst br it also foams a lot which means the ingredient quality is very lowbr lots of fillersbr go for a better higher quality one and you will notice how much less the product would product foam when shookbr br their passionfruit flavor is tasty but stillvery foamy,0,1,0.5406986304799424,0,-0.7496387074224233,0,0.2625753,0,0.109268986
protein,1,1,0.9875742600902261,1,1.765490320044005,1,0.96013165,1,0.99390197
not inexpensive but they are good,1,1,0.6630084074261461,1,0.2084662551226703,1,0.97422576,1,0.9827963
very filling and taste great for the nutrition they provide,1,1,0.9136778434238806,1,0.8406543980453656,1,0.93814415,1,0.99707437
ive tried several different collagen powders and this one dissolves the best by far others still clump even in warm liquids making for an unpleasant experienceive tried several different collagen powders and this one dissolves the best by far others still clump even in warm liquids making for an unpleasant experience,1,1,0.902278842539409,1,1.3612730219307076,1,0.9681636,1,0.94807506
i love this product i put it in my tea in the morning and it dissolves completely and quickly will buy over and over again,1,1,0.9782513536887124,1,2.1418689721941506,1,0.9994203,1,0.99680674
flavored makes me want to puke can’t use it and have containers of it they are sold out of the unflavored which is the only reason i bought the flavored i never by flavored anything the unflavored clean machine bcaa is the absolute best of any brand i’ve ever used performance taste no flavor hydration great for lifting great for running but unfortunately i cannot recommend or use the flavored as it makes me want to throw up during exercise,1,1,0.8357051960322445,1,0.48066586625398433,1,0.65760213,1,0.92777795
good flavor and great collagen i would recommend to everyone,1,1,0.9900746844162781,1,1.9761695794201013,1,0.99982905,1,0.9970951
i used met rx many years ago loved it then and still love the taste even now twenty five years later for me i use only half the pack add a banana and some ice taste like tapioca pudding,1,1,0.8766867891232093,1,0.945723508890677,1,0.9990964,1,0.9801309
i like the cookie butter flavor of this product but honestly this flavor is pretty bad i can’t even finish the box i bought even though it was pretty expensive,0,0,0.43959219938555555,0,-0.05945697844125364,0,0.020793881,0,0.15781988
first of all id like to say there are alot of mixed reviews about this product there are two versions of this product the original white container and the organic all in one black container most people dont state which one they are leaving the review for and i feel it can be misleading to others i have tried all the flavors of the organic black container except chai and i can say they all taste great and if mixed properly they do not taste gritty or chalky i can say that no matter what the flavor was they tasted best cold and with plain water in my opinion next most people complain about the amount of powder that comes in the container i would like to point out that on the label it says about servings per container and using scoops a day i got servings so maybe people feel like its less or only half full cause the container it comes in in my opinion is kinda big for servings but you are legit getting the amount that is stated on the label i can also say that i was skeptical about taking something that had vitamins and minerals as well as probiotics in it and only calories but after using it for months i can tell you after the first day i stayed full for hours and after a week i could tell the probiotics worked for me the strawberry taste like strawberry milk chocolate taste like a rich chocolate milk and the vanilla is my favorite however it does have a bit more of an earthy taste to it and in my opinion can be an aquired taste for some i use oz of plain water scoops of the powder and i put about ice cubes and i shake it and it taste great for any flavor it does not blend well in a blender and will result in a gritty chalky taste and i find they taste better on their own in water or milk of some kind and not in smoothies again want to point out this review is for the vegan smart all in one orgain black container i can imagine the taste is different from the organic black container to the original white container,1,1,0.7801184789245834,1,0.628943448686956,0,0.022516819,1,0.8530052
this is the second variety of jimmy bars i’ve tried and they both had a strong chemical smell almost smells like some kind of solvent,0,0,0.430090268826773,0,-0.10535014128786535,1,0.55296123,0,0.04924162
best protein i have had in years clean no bloat and flawless taste,1,1,0.9677163160863654,1,2.080310838349651,1,0.9991742,1,0.99686253
great snack,1,1,0.9907233579917359,1,1.6876504475591843,1,0.9954845,1,0.99671763
my daughter loves these so much we put it on normal reorder where we get a box every month,1,1,0.8449248778116286,1,0.7191401256270153,1,0.99668044,1,0.9949588
great creatine product have been using this specific brand for a year now love it doesn’t bloat me or make me feel pudgy simple and clean usually throw it into my pre or one of my shakes daily would recommend to all friend and family,1,1,0.9691133991067252,1,1.7486139145210724,1,0.99906665,1,0.9955509
good flavor great value,1,1,0.9976197194885222,1,2.598684030885241,1,0.9990815,1,0.99708325
i tied the vanilla and it’s yummy but i also tried the banana and i like that even more,1,1,0.880185541406306,1,1.1047266573896075,1,0.837841,1,0.9958845
bought these for my husband to try as he likes a quick breakfast he said they were very tasty filling and a good portion for the calories will buy again,1,1,0.9630695859708486,1,1.4009655200982363,1,0.9996674,1,0.99613404
tasty mixes easily helps when i need it will be getting more,1,1,0.982499228231795,1,1.8523233881052683,1,0.9972499,1,0.996997
if you know anything about supplements you know this product has done no research but add a bunch buzzword supps especially when their highlighted ingredients are so terribly off,0,1,0.7679325494810966,1,0.16961037260975909,0,0.025384096,0,0.07032732
i have a hard time drinking the chalky protein drinks so i much prefer the clear ones havent tried the cherry yet still finishing off another but i really like the lemon berry blizzard one so i thought id try another flavor either way the muscletech clear lemon berry is fantastic and it doesnt take too long for the foam to settle down,1,1,0.6770585901189595,1,0.4413864955354458,1,0.9783614,1,0.9795982
portable and easy a harder container for transport in a bag would be nice,1,1,0.9534194112617097,1,1.7202452338251912,1,0.9999119,1,0.9953216
i ordered the nutricost eaa powder to help with recovery from workouts ive been taking it for a few weeks and think its helping however any amino acid supplement isnt going to provide miracle results but is still important im not sure where the other reviewers are getting the terrible taste from i ordered the pog flavor and its pretty good,1,1,0.8049369216469208,1,0.71109345549861,1,0.99443567,1,0.9920453
i accidentally bought the unflavored powder once instead of the vanilla and was needless to say quite surprised it turns out there are a lot of good uses for unflavored protein powder thoughyou can throw it in just about anything youre eating or drinking another good use i found for it was diluting some of the more popular protein powders on the market which are often way too sweet the naked protein powder is good stuff i would recommend it,1,1,0.8970053406067875,1,1.0892672632361884,1,0.9980124,1,0.9799398
the taste is good but it’s not an easy on the go type of drink needs a blender,0,1,0.8958291898902813,1,1.4127863217117302,1,0.9974139,1,0.954738
you need a certain pick me up your blood sugar low this shake works great and it isn’t thick like you would expect but it taste like vanilla i don’t know about chocolate i have never had it i am not a chocolate shake fan,1,1,0.7814127678655661,1,0.5866582316843103,1,0.51851964,1,0.9941257
taste great mixes easily,1,1,0.9949708800043459,1,2.5303784722763245,1,0.99972206,1,0.9971413
i love this product if you gut issues like digestive issues bloating after eating fullness acid reflux abdominal pain after eating then try this healthy gut now it’s amazing i have pancreatic issues an this helps it also helps friends i know with bloating an discomfort after meals drink it down an about min later you can feel the difference the taste is good an easy to drink,1,1,0.9599596159090696,1,1.5447080337026575,1,0.9997341,1,0.9967981
i usually get the vanilla which i love the taste of but the recent sudden price gouging made me look for an alternative i have a green smoothie every day so i thought this would be great but it tastes very strongly of broccoli i tried to keep drinking and get use to it but it started making me nauseous i like broccoli with my rice but not mixed in to a fruity drink,0,1,0.8370475163720404,1,0.6852169981273495,0,0.09856266,0,0.41270745
the taste is amazing and fresh i would recommend these to all being a protein bar it really fills you up,1,1,0.9427865109957251,1,1.5349246930364604,1,0.9978399,1,0.9970637
amazon sent me the wrong box i had ordered the dipped bars but received the regular i believe due to a barcode error i contacted their customer service and they immediately sent me out the correct box got it within the next day or sobr br i prefer the dipped bars to the regular as they have a little more flavor and a little less chalk the chalky flavor is still there like any protein bar but its a lot less these bars were super filling and tasted good my favorite so far is the salted chocolate because im a salt fiend the other flavors were good as well there hasnt been one that i havent liked yet will be ordering again,1,1,0.8141130276823373,1,0.8263007720094635,1,0.99978715,1,0.951151
great product i love it will be getting more after this one finish,1,1,0.9339469862107996,1,1.1143983647074476,1,0.98750556,1,0.99694437
it taste amazing just started taking it let’s see if it helps me loose a few pounds and will give a review back,1,1,0.893796644481173,1,1.2521495244160028,1,0.99904174,1,0.9962519
this is the nd item i have purchased that is this brand and both are terrible they are hard and taste like cardboard i will never buy this brand again i only bought the maple flavor because it had good reviews my reiview is much different the inside is hard and just tastes terrrible,0,0,0.3252834809043985,0,-0.8932854795682681,0,0.0038619912,0,0.040223036
usually i find these types of drinks to taste awful but this is actually pretty good it contains caffeine and electrolytes but i wont really know how good it is until later this summer when im out playing competitive tennis in the hot sun in the deep south i consume a lot of electrolytes then i think it would be a good idea to pack a couple of these skinny cans in a backpack if hiking on a warm day,1,1,0.7980803961438223,1,0.5290830274818832,1,0.9982975,1,0.99361247
great taste and perfect for protein shakes,1,1,0.9960288842142692,1,2.4580648810703662,1,0.99987185,1,0.9970366
this is the best tasting protein powder i’ve tasted it’s so good mixed with other things or used for recipes too so good,1,1,0.966645992387648,1,1.6554761596037153,1,0.9993579,1,0.9969488
love the flavor love the product best preworkout ive used,1,1,0.9917758616599651,1,2.4841367586695116,1,0.99987197,1,0.9963774
great protein bar and one of the best tasting ones i have had,1,1,0.9783246740477731,1,1.7356955893278803,1,0.9973943,1,0.9971522
mixes easily in my coffee or water keto friendly and tastes great not gritty or full of crap i dont want its so hard to find one not loaded with fillers not overly sweet came to reorder in chocolate and vanilla,1,1,0.821910634148427,1,0.6132848432381648,0,0.037124503,1,0.9965335
first the bars look nothing like what is shown on the wrapper and box not a smooth gooey caramel it’s the same old yucky stuff i don’t usually buy anything prepackaged but based on the picture and good reviews i decided to give them a try probably going in the trash and will not buy them again but that’s just my opinion…,0,0,0.2265771623658834,0,-1.0887970216132485,0,0.0020592108,0,0.1385103
i just love this product does everything that it said it was going to do my skin is glowing and my hair and nails look good too will buy again,1,1,0.9526138813877679,1,1.3083669956911317,1,0.99972147,1,0.99653375
great brand and comfort in size and coating when swallowing,1,1,0.9361032392512132,1,0.8701534722552272,1,0.9860924,1,0.9969351
tastes horrible no matter what we mixed with itbr br must use a high speed blender,0,1,0.7316611606711743,1,0.00752000820218468,1,0.5143675,0,0.08102128
i have tried plant protein before and not liked it however i made an effort to try it again this time i mixed it with my kodiak cake batter mix along with some raisins and seeds which creates a power protein packed waffle i didnt notice the taste of the protein as much but it seems to mix and blend just as well as my optimum nutrition protein powder with kodiak cakes,1,1,0.9201447735000636,1,1.0188595632948052,1,0.99383366,1,0.9957066
estaba buscando algún producto que me repotenciara al salir del gimnasio y lo conseguí su sabor es divino y también me ayuda a cuando voy al gimnasio sin muchas ganas me lo tomo antes y me da una energía increíblebr br me da un poco de miedo depender de él pero estrellas era justo lo que quería,1,1,0.8003487210376491,1,0.49630304088595995,1,0.9844519,1,0.8983873
collagen has always helped me with my skin and joints it also makes a difference in hair and nail health this is a better product than i was using previously and i will repurchase absolutely no taste which i really appreciate i put it in my first cup of coffee every morning,1,1,0.9675343548900698,1,1.5564775669646624,1,0.9968264,1,0.99670666
awesome onthego snack for kids or adultsbr br the peanut butter and berries one is creamy and soft so it’s easy to pull apart and chew great flavorbr br the mint and plain mixed berry are less soft than the peanut butter berry one if you like a thicker texture,1,1,0.9567921079440678,1,1.1946790380386205,1,0.9953797,1,0.9966085
this was recommended by a friend who’d heard raves about it i took it daily for the days that it lasted i do not see or feel any difference in my skin hair nails or joints i wanted to continue taking collagen in case it’s effective but takes longer to work so i bought better priced collagen at costco,0,1,0.8631273192229696,1,1.0401777625879736,1,0.99839586,1,0.9676422
i love this product it tastes really good in my opinion and is also great with fruit veggies and other items in a smoothy i generally do frozen cherry blueberry strawberry blend with this powder and soy milk it tasted amazing,1,1,0.9683076807900961,1,1.3370256001756964,1,0.9995065,1,0.9970356
great protein for value and tastes great,1,1,0.9975913892304434,1,2.3978008246674762,1,0.9992217,1,0.99699795
i was a bit skeptical but the taste was quite good not too sweet not too tart because i’m diabetic low sugar but with good taste was imperative,1,1,0.6586343674190224,1,0.7526239867374556,0,0.23136625,1,0.98268765
i like the flavor a little more tart than i was expecting but it is good quality ingredients and it does seem to help with muscle recovery,1,1,0.9804170604467398,1,2.2944381331886827,1,0.99979264,1,0.9966564
i’d never used preworkout before trying this but i’m really happy with it i feel like it gives me a boost when i’m working out and especially helps with high intensity like lifting heavy or hiit i got fruit punch flavor and like it although i haven’t tried any others doesn’t taste super sugary or fake some of the other reviews mentioned that they didn’t realize that this is not vegan and does have some amout of milk product in it it does not upset my stomach at all but something to be aware of also the recommended serving size is scoops which is way too much caffeine for me on top of my normal daily coffee i only take scoop in about a half glass of water,1,1,0.7548464401541171,1,0.4932580003790745,1,0.85106367,1,0.99464923
if youre going to take a protein supplement anyway why not choose one with an added benefit i came to know four sigmatic from their mushroom hot cocoas this is another stellar product its a plantbased protein with a blend of medicinal mushrooms youll support muscle health and boost immunity and overall wellbeing its a novel concept that i enjoy very much the flavor is fantastic yoy dont really taste the mushrooms at all you do get the deep flavor of cacao its a healthy beverage that eats like a treat i highly recommend itbr br thanks so much for taking the time to read this review i hope the information that ive provided makes your decision a little easier,1,1,0.8829542537939069,1,0.9554380730164506,1,0.99997187,1,0.99674606
this stuff is delicious i had a lot of trouble finding a vegan chocolate protein powder and am happy i finally found this so good,1,1,0.9674915174403586,1,2.0946142854696665,1,0.9994435,1,0.9966959
excellent,1,1,0.9687889449659752,1,1.721282502386528,1,0.9976337,1,0.9965744
other people reviewed these well i either got a fake bottle or a bad batch i have been using llysine for years now before i switched to this brand my store stopped carrying it i hadn’t had a cold sore in all that time i started this months ago i’ve already had twobr br these pills are giagantic,0,1,0.6564591418810796,0,-0.02278216200854777,0,0.43544006,0,0.073603794
well i guess i hit the jackpot out of the thousands of flavors they have since i loved the white chocolate macadamia ones i of course will try more flavors and have enjoyed other flavors,1,1,0.877488577306836,1,0.7568556078581493,1,0.9987851,1,0.994548
product does nothing,0,0,0.49766868978109446,0,-0.3874871577563037,1,0.5973529,0,0.060130883
matches what we could buy a costco,1,1,0.8108324779996031,1,1.0387352820582083,1,0.9931078,1,0.98324996
ive taken the isatori energy caffeine pills on on a few occasions and they do provide boost of energy i didnt get the jittery feeling like some other caffeine pills and there was no crash feeling once the caffeine pills wear off i do wish the pills were a little smaller but its not a deal breaker,1,1,0.7859837910275845,1,0.82240052822272,1,0.95225006,1,0.9765327
i feel stronger already,1,1,0.8949216807602559,1,1.1794540982771298,1,0.9929149,1,0.9944982
i keep trying to get my husband to like other powders since this one is so darned expensive but it’s a no go this is the only one he likesbr side bar i have to thank amazon the big jug i ordered came with the top off packer did not put bubble stuff in box i called to complain guy was nice fast on the phone minutes and sent new jug which came in two days thanks amazon,1,1,0.6812814824884852,1,0.515665589501129,0,0.21989615,1,0.91230303
usually i find protein bars chalky and hard to digest but this oatmega cinammon bun is one of the better ones out there it actually tastes like a breakfast bar that someone not inclined to athletic activities could reasonably enjoy i like the taste of it and it keeps me from the munchies when im on the go it also gives me a nice burst of energy overall im pleasantly surprised by how much i like this bar,1,1,0.8795200276980617,1,1.063333742620736,1,0.99655735,1,0.9966085
just fine no complaints,1,1,0.8691514743796112,1,1.4149100212557852,1,0.9993892,1,0.97826356
im not a big fan of protein bars because most contain too much sugar and a bunch of other crap your body does not need these bars offer a decent amount of plant protein and quench your sweet tooth craving i do wish they had a tad less sugars but all the other ingredients are pretty decent for a bar the taste is amazing and for on the go this is definitely a great bar for an instant energy rev up,1,1,0.908378268288169,1,1.2588626667808869,1,0.9993936,1,0.99660623
good value i was still vary vascular,1,1,0.9033111615928574,1,1.2091559148814315,1,0.9903053,1,0.9951519
best chocolate protein powder i have ever tasted hard to swallow without liquid,1,1,0.8245488126782826,1,0.3775381020680521,1,0.64877516,1,0.99618727
durable good size good mixing good mouth piece good seal good,1,1,0.9674576454238896,1,1.3975444843372062,1,0.99956685,1,0.9966557
good for you but taste bad,1,1,0.8922420779549501,1,1.0246915299882131,1,0.6624865,1,0.9386951
i love these they are so convenient and also make a great coffee creamer the salted caramel is my favorite and i will continue to buy the lower calories was a winner as well,1,1,0.9811357787921773,1,2.0703559337877717,1,0.9986527,1,0.996881
i love this stuff and will never ever be without it again,1,1,0.8416918947806943,1,0.8917827441762578,1,0.9817374,1,0.99125916
believe it or not this is safe for cats make sure to check each ingredient for your own peace of mind though my cat is getting experienced in kittenstry and cattitude i gave her half a tablet crushed with her normal flax formula and two other favorites cat food i mixed with a little water and she tolerated it very wellbr i eat the vitamins myself as well and i am noticing a good difference,1,1,0.8707527361595304,1,0.8141595072095716,1,0.99780816,1,0.99620515
this is good for joint and muscles,1,1,0.9544406484070336,1,1.511022100958339,1,0.9968984,1,0.9968881
delicious bars a bit pricey but most bars are i like the pb and j ones,1,1,0.9746068145493423,1,2.37576331637173,1,0.9993832,1,0.99535626
this is nasty i can’t stomach te taste even in a smoothie icky don’t waste your money,0,0,0.1664296802396367,0,-1.0231625170640335,0,0.0011503674,0,0.062932014
ive been putting the collagen powder in my happy viking shakes or in my afternoon soup with good results in terms of being flavorless and dissolving completely it actually adds a smoothness to these thingsbr br i chose this one because my focus is on bone health and this contains type collagen and because its serving size is in scoopbr br taking calcium has had no benefit in slowing my osteopinia and is possibly having negative effects on my memory so im having to rethink my care plan and look to other research on how to support the bones for postmenopausal women hoping future bone scans show improvement on the collegen regimen,1,1,0.9323982836779172,1,0.7282330259424941,1,0.9974553,1,0.98613644
omg its so good i blended it with water it tastes so refreshing i like the flavor its convenient to carry it and use it whe needed im going to order again,1,1,0.9475729300645173,1,1.5598824521956427,1,0.99936026,1,0.9966017
great product if you enjoy constipation i threw it in the trash,0,1,0.7900297630558238,1,0.07435849080874896,0,0.48773915,1,0.9845605
love the creamy vanilla flavor it mixes in hot and cold drinks and tastes delicious i enjoy it in smoothies hot chocolate and hot tea drinks it adds a creamy smooth vanilla flavor to anything you mix it in i hope it helps thicken my hair and improve my skin overall,1,1,0.9836593452926548,1,2.088559334238097,1,0.9999708,1,0.9964945
i like the taste and how easy to use when you are on the go,1,1,0.9600584801483124,1,1.8050063157718261,1,0.9989785,1,0.9970993
i love the longlasting energy it provides helps my last through some intense workouts no crash no anxiety no jitters,1,1,0.9617415509731607,1,1.641374119403596,1,0.9999944,1,0.9968076
it doesnt clump up if you use a hand mixer taste is pretty good i use orange juice instead of milk taste like a cream sickle,1,1,0.8987811671715403,1,0.9947907529107813,1,0.9843269,1,0.99448484
great flavor arrived in good condition,1,1,0.9653539595168668,1,1.1305454234492627,1,0.99677545,1,0.9969813
these are great i like the fact that they are loaded with protein but not sugar,1,1,0.8881386042174996,1,0.5856383974167816,1,0.6321097,1,0.99713707
only thing is it didnt dissolve in water i have everything else from bulk supplements and love each one of them this one needs to be finer feels like a sand a bit,0,1,0.8340430606707704,1,0.5401748580732009,1,0.9910541,1,0.7122929
i usually dont mind the taste of protein drinks and bars but chocolate muscle milk isnt for me it has a strong chemical favor thats hard to stomach otherwise it seems ok it comes in a convenient carton and my body seems to tolerate it reasonably well,0,1,0.8512617566442765,1,0.6897994644527368,1,0.9979976,1,0.9943137
the bars smell better than they taste very artificial would not recommend,0,0,0.3962784929241336,0,-0.20475571937493542,0,0.06401369,0,0.05377649
ok dont care much for protein shakes because i dont like the taste however i ordered the butter vanilla flavor and actually like it im told as we get older its more important to get more protein into our bodies hard for me to do that outside of eggs and some meat this is exceptional and i enjoy the taste just not that hungry anymore and know i dont get the amount of protein i need with this powder i trust the source and trust im increasing my intake to help me stay healthier again thanks for giving us a great product,1,1,0.9295392023920989,1,1.5017021547316438,1,0.99788684,1,0.9967579
i recently went on an online mission to find my perfect protein shake reading numerous top articles eg mens health ask men bodybuildingcom etc plus endless amazon product reviewscomments and i came across truefit the reviews felt real and almost all very positive which sparked my curiosity to buy it i absolutely love truefit protein chocolate shake ive tried so many different types of protein shakes but honestly none come even slightly close to the quality of truefit it mixes quickly and easily no clumps and tastes delicious mixed with water or milk it doesnt matter i guarantee youll enjoy it as much as i do moreover this shake more than satisfies my sweet tooth fyi my biggest vice is dessertchocolate but not anymore lol my new treat aka dessert is truefit it tastes great and fills me up without bloating plus provides the lack of fruitveggies i dont but should consume daily oh and on top of being an awesome shake rsp nutrition gives you purchase points which can used for both free and discounted purchases if youre in the market for a protein powder then look no further than truefit i guarantee you will love truefit i never write long reviews but because i love this product so much i felt compelled to let the world know truefit rocks,1,1,0.9258474036169133,1,1.1214755664139298,1,0.8631132,1,0.99498594
little to no flavor i recently started getting into fitness and running and trying to shed some weight i just had so much knee soreness it was unbearable a friend recommended and all knee soreness and pain is gone highly recommend,1,1,0.9008778816961672,1,1.0842918894324405,1,0.9995542,1,0.97222096
i love to put one in the freezer a hr before i drink it and it tastes exactly like a delicious chocolate milkshake the only problem with muscle milk in bottles is the edge inside the lip of the bottle is always sort of sharp otherwise good deal and tastes great,1,1,0.9489519036282683,1,1.2318627027261309,1,0.95493215,1,0.99679023
recomendado gran sabor y textura,1,1,0.7937771923120682,1,0.5568282168722741,1,0.99016505,1,0.9823945
this vegan protein powder with bcaa is a great addition to my morning smoothies i only use half of a serving as i also add several supplements fruits and vegetables to make it a meal replacement smoothie it adds the protein i need a bit of sweetness and a decent chocolate flavor without adding extra carbsbr even though i am not living the keto lifestyle i appreciate a low carb protein powder and this one is pretty good price wise as well having it in my smoothie gets me through the majority of my day without needing to snack i like what it has to offer and would definitely recommend it,1,1,0.9952946729916912,1,2.9822147810049175,1,0.99947375,1,0.99715817
very tasty and and healthy,1,1,0.9602827913345785,1,1.6172390227463582,1,0.99784327,1,0.996549
i had a recurring plantar wart on my foot for years no matter that i did it kept coming back i froze it taped it everything i could think of it would sometimes seemingly go away but always came back within a few months i read that beef liver supplements may help with plantar warts i took these over a year ago and it hasnt been back since,1,1,0.5673436388837415,1,0.09324062666728228,1,0.9513972,0,0.10845405
i love this product great taste add in a blender with a banana and almond milk and ice and tastes just like a chocolate shake,1,1,0.9897610240208337,1,1.8217772853535765,1,0.98699576,1,0.99645054
got these in today and they taste great perfect for a meal replacement,1,1,0.9594627888252746,1,1.657639427953361,1,0.99987686,1,0.99682105
this is the best plant protein powder my husband and i have tried we love the flavor the ingredients and how well and smoothly it mixes into our smoothies some other protein powders taste chalky and the flavor overpowers everything but kos has been our favorite we love the vanilla flavor and we also love chocolate its delicious on its own with water or oat milk but we usually put into a smoothie form with berries and spinach i havent tried baking with it yet but really want to energetically its clean and we always feel good and satisfied with it using it as a great lunch or breakfast on the go i love that its organic and nongmo and that its nutritiously dense definitely my go to,1,1,0.9988412880793439,1,3.8418073899424954,1,0.99963975,1,0.9970649
we add this to our preworkout mixes well,1,1,0.9826705017842059,1,2.2612012200846485,1,0.9998355,1,0.99646854
tastes good as far as anything else not sure yet price and taste are great so i will buy it again,1,1,0.922988885584584,1,1.085679010959179,1,0.9953296,1,0.996828
love how my child gets vegetables and fruits and love the taste no fuss from them easy to mix and use,1,1,0.9818346898465151,1,2.143470611591958,1,0.99949193,1,0.9967069
i got these because im a sucker for seasonal flavors and i was not disappointed,1,0,0.3762849481645865,0,-0.32858833192948234,0,0.08753961,1,0.93719864
this is a nice preworkout booster first off it tasted really really good of peaches if you follow their dilution instructions it will be a bit too sweet in my eyes so you can dilute it a bit more the taste has no weird artificial flavor to it which some of these boosters do at timesbr br one serving has about calories so that is great since you dont want to add too many calories by using these energy boosters it is packed with vitamins has a good amount of caffeine some minerals and other ingredients that are supposed to help you during your workoutbr br when i went to exercise i definitely had more energy and longer staying power i had no issues falling asleep later that night which was about hours after i drank this i had no jitters or any other negative side effects from this during or after this is definitely a nice workout supplement that works,1,1,0.9464387142936552,1,1.6723778488594065,1,0.9998375,1,0.99652547
i like this blend i mix with greens powder and water in the morning works great,1,1,0.9884720857945761,1,2.3271003284610576,1,0.99989593,1,0.99710184
tastes fairly neutral still has the flavor of whey which theres no real avoidingbr i bought a lb bag the quality of the powder is great mixes just fine,1,1,0.8912548750445409,1,1.0677412323666775,1,0.9994124,1,0.99486744
this is a decent essential amino acid formula which contains all the essentials which includes all the branchedchain amino acids as well the taste is decent and i look forward to taking it as part of my midworkout formula i dont usually take one post workoutbr br it also contains some electrolytes which will help with hydrationbr br my main issue is that i look for a lot more in a midworkout and i usually like to have some taurine in it to help balance out the betaalanine in preworkouts so i have to add it to this i prefer products sweetened with stevia and this uses sucralose splendabr br overall its a pretty good midpostworkout,1,1,0.9324337627313735,1,0.7455845314417802,1,0.99957854,1,0.99610823
this product blends well with cold water in the first third of my coffee mug a teaspoon of ghee added before i pour my freshly ground coffee into the mug melting the ghee as i stir my steaming cup of wonderful breakfast coffee that keep me going throughout the morning hours,1,1,0.9301003740399799,1,0.8700074149238286,1,0.9997284,1,0.9965815
i add this to homemade cat food it mixes in easily and apparently has no taste my cats have had no objection to it,1,1,0.8828119977066803,1,0.8595978783212255,1,0.9841377,1,0.9936913
super awesome protein product i will buy again,1,1,0.9169388437500947,1,1.2262826507474722,1,0.98881835,1,0.99683195
i bought this at the recommendation of my doctor after i complained of waking at night and being unable to sleep until i ate something dr said that this casein protein powder would digest very slowly and would keep me from getting hungry it worked the first night i woke up but didn’t feel the need to get up and eat yay,1,1,0.7487933176975502,1,0.7524559417242401,1,0.9865689,1,0.952416
these are not bad tasting and are good to carry for a needed snack the bars are small so not meal replacements the real plus for me is that they are sweetened with monk fruit which i can tolerate well and leaves no strange after taste that stevia does or ill effects like sugar alcohols i like the chocolate chip the best but the espresso brownie is pretty good too if you are looking for a non sugary snack bar these can do the job,1,1,0.8677872413367624,1,0.649781081300643,1,0.9872623,1,0.99659246
exactly as shown in listing very happy with my purchase fast delivery,1,1,0.9530865762071019,1,1.6859265478017007,1,0.9999918,1,0.9960698
keeps protein shake cold looks sharp it just leaks i really want to love this thing but it leaks,0,1,0.8531232324483906,1,0.5031924933124963,0,0.3364374,0,0.115614586
i like this product and recommend,1,1,0.8656284655592457,1,0.5636028579219339,1,0.8537055,1,0.9964863
i just bought this because after gastric sleeve ive lost hair and also my skin is so dry but thanks to this powder my hair its better not falling as before and my skin is not dry anymore including my nails are growing,1,1,0.8244977520535334,1,0.7161122234639028,1,0.9997843,1,0.98075116
i love that this collagen mixes so well in my morning coffee defiantly helps reduce my aches from inflammation i keep it on a subscription so i don’t run out,1,1,0.9807874642431971,1,1.6207118153302673,1,0.99365705,1,0.9966575
as others have commented these taste e x a c t l y like girl scout chocolate mint cookies mind blownbr br they are super dense and filling these truly are meal replacement bars rather than snacks theyve saved me in a hurried pinch many many timesbr br we just ordered like our third box and were still not tired of them theyve pretty much become a staplebr br lazy tasty way to punch yourself in the face with protein if youre vegan and didnt manage to eat enough tofulegumespumpkin seeds today,1,1,0.8702653755562891,1,1.1501972585317999,1,0.98964113,1,0.80329907
best high protein low sugar and very tasty i add it ti my cereal every morning,1,1,0.994999748726628,1,2.845779517672973,1,0.99988997,1,0.99693954
i have a very sensitive stomachs and cannot do any milk products or soy all four of these flavors are awesome without any crazy aftertaste and no grimy feeling it’s gluten free and low calorie i mis with a banana and coconut milk and it’s a meal seriously love this stuff,1,1,0.9449269568357707,1,1.046721838779146,1,0.9985702,1,0.99683064
taste is pretty good and the energy feels good from this i wish it had a more complete formula but i like it so far,1,1,0.8500714986110006,1,0.2892673531906649,1,0.763861,1,0.99714404
nice product good flavor i add it to my endurox r fruitpunch for a good mix or addition of bcaa to my post ride recovery never cramp or fatigue great post ride addition,1,1,0.974513848494288,1,1.6568387561534534,1,0.99997854,1,0.99722505
mixes well with milk and taste great,1,1,0.9981014867753812,1,2.9412729619627878,1,0.999503,1,0.9971724
my husband gets canker sores in his mouth during the summer months from too many citrus foods now llysine tablets prevent canker sores from forming in his mouth have used the product for years works well for us recommend for those who are sensitive to citric acid from fruits tomatoes etc,1,1,0.8835757411631063,1,1.0072753440954765,1,0.9953825,1,0.99428236
if you know sugarcorn syrup is poison these are great they are a good subsitute good luck to you,1,1,0.9443978598500185,1,0.7854487714996707,1,0.9254702,1,0.9959133
does not change texture or taste of my coffee like other brands i tried i use scoop every morning in my first cup of coffee i cannot say i see any difference after months but i am hoping it helps “internally”,1,1,0.8564248621803074,1,0.5927408109288115,1,0.6818447,1,0.9937807
my husband has been very sick and has only wanted jello to eat i have added double the orgain keto collagen protein powder to every batch of jello to keep him going,1,1,0.8338079411133464,1,0.15190611727120923,1,0.8872128,1,0.6745834
i am so pleased with this i have been looking kind of on and off for years for a good protein powder to help boost my protein intake but all that i have tried have been beyond disgusting even when i tried different brands and flavors a coworker of mine recommended this one and i just tried it today in a morning smoothie its wonderful no flavor at all it blended smoothly with no gritty texture whatsoever i didnt even know it was there i now feel comfortable buying a big container when im out of the small bag i bought just keep in mind that it is whey so if you are lactose intolerant or have issues with milk or what not you may want to try something different,1,1,0.8630440248206654,1,0.8636615147746688,1,0.9055196,1,0.9953745
great tastegives great energy before my workout,1,1,0.9977557641360817,1,2.4487174152376143,1,0.9991755,1,0.9970943
i mixed the banana cinnamon protein with milk its very tasty its also taste great just adding water,1,1,0.9859383248120518,1,1.6367643224978454,1,0.9994029,1,0.99676955
this is one of my least favorite flavors of cliff bar if you love macadamia nut i am sure these are for you,0,1,0.9469748051297603,1,1.0469377849039652,1,0.989638,1,0.9949905
taking a mile road trip bought a few staples that’ll last for snacking and curb the appetite this brand and flavor is very tasty very satiating helpful when boon docking and when i don’t wanna stop for a meal they’re delicious partnered with a banana crunchy organic apple one of my favorite flavorsbr br ⭐️⭐️⭐️⭐️⭐️💯,1,1,0.9480337418342049,1,1.6966164708528275,1,0.9997522,1,0.9962388
i’m not sure if something went wrong during production because it was my first time trying these however it tasted like a cleaning agent,0,0,0.4750291591056613,0,-0.14725357045121623,1,0.8428456,0,0.042909097
videoidbdaaffcbfba this is a good dosage grams of collagen per serving and servings per container its entirely fish sourced so if thats important to you youve come to the right place,1,1,0.836915148624892,1,0.4889903104946559,1,0.99424887,1,0.9938067
the flavor is great it mixes very well with hot warm cold drinksbr i gave it stars because i didnt noticed any improvement with my skin joints nails hair or anythingbr i know were all different something that works for someone might not work for others this collagen peptides might help you unfortunately it didnt do anything for me i bought a different collagen peptides podwer brand i started yesterday well see,0,1,0.7923957153484519,1,0.1231551712020672,0,0.12981473,1,0.9819864
tastes great,1,1,0.975448744665335,1,1.2570179732353175,1,0.98439306,1,0.99711585
arginine is a great nitric oxide booster and helps with increased blood flow i like taking it to get a vascular pump during a workout,1,1,0.9571882891446126,1,1.5057242178144712,1,0.996881,1,0.9969229
a big package for the little amount it cost,1,1,0.8201183284108012,1,0.741707974908195,1,0.9872457,1,0.9903133
a fabulous smooth bar with a blend of different protein sourcesbr this bar tastes great has lots of chocolate chips and will keep you moving for hours with no crashbr i have never been so impressed by a protein bar,1,1,0.9445292787694389,1,1.2502257601270528,1,0.82374555,1,0.9971084
great product get pumped,1,1,0.9304952685943398,1,0.9108373386747446,1,0.998252,1,0.9971546
i just started taking this product a couple weeks ago and have already notice some nice improvements by experiencing less joint discomfort,1,1,0.9311125384095147,1,1.4358459841555673,1,0.99725217,1,0.9953093
just what i need to give my smoothies a boost i like the flavor,1,1,0.8862902178361401,1,0.6201760280981579,1,0.64355683,1,0.99691355
i eat two of these after i lift great taste and protein source,1,1,0.9275984746979813,1,1.1655153158877485,1,0.99962807,1,0.99673307
no sugar thats everything to a diabetic love the stuff,1,1,0.8483961779058854,1,0.7262370820499657,1,0.95952785,1,0.992722
nice flavor,1,1,0.9797459095035262,1,2.2517274440195956,1,0.9879978,1,0.99661165
very good sourced protein with mega protein load at grams add skim milk and i have enough protein to last till my next meal i have this in the morning post workout i feel full for hours this helps to minimize cravings before my next mealbr br my only wish is that this was a day supply i like going by the month or day supply days is an odd amountbr br flavor it makes you want more im begging to crave this but i use it as a reward after morning exercisebr br trust you found this review honest and helpful,1,1,0.9886494971881037,1,2.3776522714075154,1,0.9998591,1,0.99709547
i love optimum nutrition i’ve been using their products for years and they are always high qualityreliable and at a great price this is one of the best prices per serving for creatine on amazon the creatine does not upset my stomach like some other brands i’ve been using creatine for years whenever i am serious about working out and it helps so much with recoveryendurance also makes your muscles look bigger only complaint is that it doesn’t come with a scooper like almost every brand the g serving size is a “rounded teaspoon” i just went and bought one at walmart for but i wish they had a more accurate scooper still happy with the product and price,1,1,0.9406782951197596,1,1.1489829923999872,1,0.9206611,1,0.99626994
they ok,1,1,0.6745777402808386,1,0.3807375536519354,1,0.8538804,1,0.9834055
i’ve tried several forms of magnesium but this is the first one i’ve noticed a difference with it has helped me stay asleep through the night and has helped with my leg cramps too,1,1,0.8633644392779329,1,1.0012247165781274,1,0.9970798,1,0.99368083
i totally forgot this was even vegan when i tasted it it taste delicious in the vanilla flavor and mixes super well with milk i’ll definitely be trying the other flavors as well it didn’t give me that gassy effect either which is usually my top concern with protein powders i’d for sure recommend giving it a shot,1,1,0.9163418982282007,1,1.0632694338755646,1,0.99914026,1,0.99017406
this stuff works great and avoids the creatine bloat i get from any products containing it a product,1,1,0.9066465332027738,1,1.255354927926033,1,0.98317474,1,0.9955037
this are great i got the bananaand my daughter bought the chocolate flavored one its really good on chilled bananas,1,1,0.9296994922712972,1,0.7915212179000108,1,0.99836165,1,0.9961976
learned about this from dr micheal colganbr yes this has helped me with recoverybr yes it helps with sleepbr yes it tastes incredibly tart and salty at the same get over it snowflakes,1,1,0.7936541677114545,1,0.7678023685116104,1,0.9884603,1,0.9692193
great ingredients and creamy texture,1,1,0.947491120071708,1,0.8545699269412228,1,0.9692248,1,0.99701226
this is the better version of no quest bars no hormone milk no rubbish just good macros in a bar that tastes amazing 👌br ps keep them in the fridge they taste better cold at least to me,1,1,0.8521502383762448,1,0.6484452469254718,1,0.5781424,1,0.99455714
i got tired of the pins and needle feeling that some other pre workouts give especially when the tingles happen while you are working out this does not give me that feeling and does not give me the crash after my workout like other pre workouts does,1,1,0.8209842936098262,1,0.9256974588413378,1,0.9890344,1,0.701246
loooooooooove,1,1,0.7944206329076468,1,0.529492455724013,1,0.74101907,1,0.966663
i won’t be buying it again because the flavor is so mild i had to mix it in with another protein powder thus defeating the reason i bought this product,0,1,0.5404247158361862,0,-0.08033203662303934,1,0.9300539,0,0.048320983
the flavor was just ok not fantastic or great i plan on trying some of the other flavors and see if i can find one that i really like and would order more of,1,1,0.8932436901565832,1,1.1356371756252686,1,0.99409324,0,0.077717535
i’ve been taking probiotics and collegan for a long time and the price adds up this product gets two birds with one stone one scoop in my coffee is perfect it dissolves quickly and absolutely tasteless i did learn that it’s best to fill my coffee cup up with coffee then add the collegan powder which will naturally melt into the coffee without leaving chunks behind which is very unpleasant i also add it onto my husband’s overnight oats for breakfast and he had zero idea until i told him the only thing i will warn about is taking any probiotics for the first time in any form it is going to produce different bacterias in your gut which may cause bloating and gas however this is temporary and will clean up within a few days to weeks if you are worried about this start with a smaller amount and gradually work up to the full amount do not expect to see a change in your hair skin andor nails immediately once starting to take collegan it can take up to months to see any benefits on the outsidebr br like any supplement do your research and learn how your body reacts and also research the company just because it worked for your sibling doesn’t mean it will work for you reach out to your doctor if you have any concerns with any medication you are taking,1,1,0.8996486817668594,1,0.9838754433077146,1,0.5894013,1,0.9927327
yummy i love this flavor i usually order them in vanilla and decided to step out of my comfort zone i am so happy i ordered this flavor it’s my new favorite,1,1,0.9709888076173193,1,2.0645886713021238,1,0.9998723,1,0.99644476
periodically usually when i am almost out of a preworkout i shop for new brands to try out on a random search i came across this product the price was reasonable at the time of this review though i generally try to keep my preworkout cost at or so yeah not a big difference in price but i try to save when i canbr br the product came well packaged no fears of tampering had the amount expected dont forget that powdered products are sold by weight not volumebr br the taste is fine for me i mix mine with a pineapple flavored protein infusion so the flavors blend and are pleasantbr br results well i dont use as directed i mix this up with oz of water and protein as mentioned and start drinking about minutes before my workout and continue to drink it through my workout for this particular preworkout i find i have to use two notquitefull scoops to get the energy i normally get from one scoop of other preworkouts to be fair this is pointed out on the packaging so i dont consider it a negative,1,1,0.8791743585179681,1,0.7922930455702126,1,0.99538416,1,0.9946807
great flavor no flavor just like expected this is my new favorite protein,1,1,0.9871019267569933,1,2.1090618973666837,1,0.99921846,1,0.99719185
i had been taking another brand and decided to try now brand having had success with their other products i can typically take capsules and tablets no problem even at a time not these they are way too big i wont be reordering probably too late to return these i really tried to make them work,0,0,0.15144453693186957,0,-1.429609088579151,0,0.0011463228,1,0.796503
it’s so easy it blends very well i just put a scoop in my coffee every morning,1,1,0.9895217127865517,1,2.507964778194745,1,0.9997112,1,0.9969637
this is the best tasting mix i have ever had not gritty or to grain tasting like othersbr i tease husband about having dairy queen shakes for breakfast yum,1,1,0.7926558082085022,1,0.5308880533516036,1,0.9999784,1,0.99583733
this shake has replaced my coffee and i get a energy boost so happy i found this definitely worth the,1,1,0.9505305744159749,1,1.3543793881277595,1,0.9780109,1,0.99676174
love this stuff great for your average person decent price if you consume consistently i like the flavor it’s great with milk much better than vanilla the powder mixes very well you can tell it is truly a powder and not thickly granulated much easier for mixing without a blender,1,1,0.9830024278504719,1,2.1581546017629707,1,0.9996325,1,0.99711764
did not see much change,1,0,0.2894643296503971,0,-0.5897283770435227,0,0.059039593,0,0.11808208
i purchased a few cases of this gm protein variation to help build up the body of a senior who lost a worrying amount of weight the person did not enjoy them until we started placing them into the refrigerator if you find they are not tolerated well try offering them chilled or with a bit of ice the senior’s weight quickly returned month and stabilized,1,1,0.7382189180049766,1,0.5680398203518819,1,0.99695045,1,0.9456283
this is smoother than my ghost shake so i can get with it but how would your company like me to measure it to get the accurate nutritional value there’s no scoop in the bag when you let me know you’ve gotten one i’ll revisit this product until then i will continue my search for the perfect protein shake for me,1,1,0.8915343258523009,1,0.7707426572195291,1,0.98680854,1,0.992255
not too sweet which is very appreciated coated to other protein powders who is a common problem truvani blends very well and doesnt need to be shakenremixed after each drink not much grittiness nor aftertaste another problem with whey protein shakes as the proteins are plant based pea ppkin seeds and chia seeds will definitely be repurchasing,1,1,0.8117764461806258,1,0.821124862187225,1,0.9973538,1,0.9953068
delicious healthy protein snack,1,1,0.9937353346228484,1,2.7510174644828687,1,0.99989927,1,0.99647045
these are wonderful good flavor great benefits and easy to drink i’ll definitely buy these again,1,1,0.9928910614866734,1,2.591065116884867,1,0.9997744,1,0.9971885
i want to say so many nice things about these bars but if i keep doing that they will keep selling out everywhere,1,1,0.9285610665203174,1,1.610242118685848,1,0.9979346,1,0.94642395
great product after a few weeks of using this product i must say i am very pleased with the results,1,1,0.9413056913075952,1,1.5104724791383572,1,0.9989423,1,0.9967824
terrible i will continue our search for a good vegan bar since they don’t allow returns we will put them out for the chipmunks to eat,0,1,0.728098476277483,1,0.14619407935827933,0,0.42511374,0,0.055227358
i just got it so i dont know if it will help me lose weight but the flavor is much stronger than my chocolate protein powder and mixing with the protein powder tastes like im drinking herseys syrup so it tastes really good,1,1,0.9230938284342624,1,0.8782888616761599,1,0.97743315,1,0.99623567
i used it for weight loss,1,1,0.8510422011690243,1,0.684764294604082,1,0.99940157,1,0.99047416
did not blend well and i did not like flavor,0,0,0.21356406643285578,0,-0.8356791583655674,0,0.016747538,0,0.061089538
work quickly and last at a few hours better than other brands ive tried,1,1,0.8466774483598245,1,0.7665365525523595,0,0.10510067,1,0.9949121
works great for the keto bread recipes,1,1,0.975105619390067,1,2.028297096962514,1,0.9998735,1,0.9968665
i use this in my usual cooked cereal for some morning protein,1,1,0.9587259016536084,1,1.2287250278922999,1,0.99166274,1,0.9958698
didn’t make much difference took this to help with my mothers neuropathy along with several other vitamins found as the ingredients in metanx did not achieve any benefit and her endocrinologist put her on mta annex she started getting feeling back in her feet again nothing substitutes the real rx deal,0,1,0.6073990050149262,0,-0.22552359607921846,0,0.0018087227,0,0.05249619
no jittersbr no crashbr clean steady energy boostbr great flavor nice even as a sipping beveragebr workouts have elevatedbr br i am really enjoying this product and it is living up to the label claims i tried to break down the key aspects i enjoy from this product above i felt it kicked in within about minutes after first use i normally take early in the morning on an empty stomach with no issues i normally cant have acidic type drinks without food ie oj as it irritates my stomachbr br great product,1,1,0.9276571191904571,1,0.97774577313456,1,0.99894303,1,0.99612623
its artifical junk do not buybr this is poison,0,1,0.5466429990424326,0,-0.1119727916680553,0,0.20954978,0,0.04345902
so bummed wanted it to be good but it tasted horrible,0,0,0.2548405307641922,0,-1.4646043452866266,0,0.012564635,0,0.039886136
very good taste and its nice to have an organic alternative for protein powder,1,1,0.9796459823738222,1,1.7626561989545741,1,0.9794168,1,0.9968726
muy buen sabor,1,1,0.8732607943650955,1,0.8781259499291634,1,0.9902666,1,0.9748
for me i can tell the difference between monohydrate and hcl some hcl has additives in it that cause side effects i dont want concrete is pure and works fantastic rasberry flavor is also delicious i will keep buying concrete brand creatine hcl,1,1,0.951369701282505,1,1.6824057614983863,1,0.9992112,1,0.996316
no complaints so far good flavor good bang for your buck,1,1,0.9561390341103138,1,1.342836111432007,1,0.9990387,1,0.9962592
i had the cup for only a few days before the onoff button failed and then blender would not turn off after about hours the battery ran out and it finally stopped i threw it away,0,0,0.3428101274747459,0,-0.9210215765771486,0,0.038208067,0,0.040147766
protein should not have a lot of ingredients or added sugars stevia is plant based aka natural this one blends well and tastes greatbr i shake this up with water or almond milk and use it for my “milk” with cereal,1,1,0.9658320927769374,1,1.780541925808482,1,0.99547005,1,0.9966259
i am going to buy again now,1,1,0.7044987905156782,1,0.4169656011907963,1,0.9597421,1,0.97879
good value,1,1,0.9846681022699559,1,1.926077101288185,1,0.9938632,1,0.9965767
i love the glazed donut ones ive tried peanut butter cup decent birthday cake gross and i figured i would try cookies and creme they are not good they are the exact same flavor as the birthday cake bars the only difference is the birthday cake bars have sprinkles on the top and the cookies and creme have nosprinkles but have little chocolate chip type crunch things inside the bar ive tried enough bars at this point i highly recommend the glaze donut flavor and skip the rest,0,1,0.8216491955092103,1,0.522068506721082,1,0.99929774,1,0.72850764
omg omg omg this flavor is to die for the taste is very good i love salted caramel and i love the fact that it fills me up on top of that i had to buy so i’ll buy cookies and cream next and birthday cake,1,1,0.8352112601930882,1,0.5756353841135631,1,0.9891194,1,0.9957451
leaves a weird residue in your mouth the taste isnt bad per se but the texture is terrible not a fan,0,0,0.1460755990342394,0,-1.3987736640403146,0,0.00094231573,0,0.06697048
im really impressed i tried it plain first to get a feel of what itd taste good with the smell is a little off putting but it blended really well and tastes nice with very little grain i then blended it with a hot chai latte and i can barely taste it i think itd be nice as coffee creamer as well,1,1,0.9589895069592476,1,1.8685629958604577,1,0.99991,1,0.99531233
got it a really great price really convenient and perfect after my workout i drink this daily great flavor and texture,1,1,0.9911068119633736,1,2.074544627680698,1,0.9992386,1,0.9972907
videoiddbbbbbefecabfaadcf making bone broth is a pain and in addition you would think that it would be easy to get nice bones at a reasonable price and that’s forgetting if they are grass fed factory farmed or whateverbr as you can see in the video when i first unscrewed the lid there was quite a bit of powder around the top of the canister even though i couldn’t detect an opening after removing the safety seal i felt comfortable using it because it smelled finebr when i made a cup it has a pronounced onion and garlic taste to it but you can still taste the butternut squash sweetness not enough saltiness for my taste easy enough to add your own tasted subjective but i thought this was delicious and it couldn’t be easier,1,1,0.7461611398322612,1,0.6761578247009306,1,0.9985812,0,0.39989012
good buy,1,1,0.9454472572112024,1,1.0502184649391704,1,0.9711533,1,0.99634796
i have been taking this for over a year and and it has eliminated most all my ibs symptoms i only take it a couple of times a week to maintain i give this product high reviews,1,1,0.8968911838463604,1,0.9729842272947905,1,0.7788525,1,0.9945767
i really enjoyed took something familiar and fun it’s more mature,1,1,0.7654123383827163,1,0.1848207348872985,0,0.43637818,1,0.99612206
i took a good days before writing this review because after all i am hoping to tell you how well this performs and as you can imagine thats very difficult to say i will say that ive taken creatine on and of for nearly years now and for me anyway the hard part is the loading phase taking some amount multiple times a day until it is built up in your system before moving to the maintenance phase i mean reallyid do great for or days then go out of town anddangforgot my creatine or id miss doses here and there and have to wonder if it had an impact or not but this stuffbr br i took it times a week about minutes before hitting the gym but it didnt seem to kick in till the end of my workout i started taking it just short of an hour before the gym and i could see the effects immediately it definitely is easy to take not that powder wasnt creatine doesnt taste like much so i would usually just through a tablespoon in my mouth and wash it down with water for this liquid form i just took a swig straight from the bottle butis it really a liquid i suppose if you consider a mildly gritty creatine mixed with a goop the consistency of maple syrup a liquid then yesits a liquid but seriously it does pour easily enough and its easy to swallow with or without a chaser the flavor is fine to very much like a lemon dropbr i havent done the math but i kind of doubt its as cheap as the powdered stuff but thenyou only need to take it on workout days if thats what youre using it for i am and i take creatine not only as part of my strength training routine but also to help my muscles retain a bit of water for that reason i may start taking the powdered version again now that this trial is over butmaybe not its just so dang convenient,1,1,0.8739793019712564,1,0.6817626666634231,1,0.9620249,1,0.97725576
best thing i like it does not hurt or upset or bloat my stomach winner in my book g of protein winner in my book wish it mixed a lil better but i can deal and peanut flavor not too strong will try the vanilla next time and see if like bettee or same im satisfied go fd,1,1,0.9168929563610914,1,1.1375659644900482,1,0.99958295,1,0.9956291
over priced for a protein powder that tastes like any other typical protein powder it does fill you up but tastes absolutely nothing like oreo waste of my money i’ll stick to my gnc protein powder at least it tastes how it’s advertised,0,1,0.5504516739745432,0,-0.588531737149677,0,0.0058562285,0,0.06314109
love this mix it easily dissolves in water and tastes pleasant,1,1,0.9777209017273228,1,1.969806597354736,1,0.9991375,1,0.9963201
i’m a big fan of proteino in general but cannot get this flavor locallybr love grape flavored anything and these are greatbr i usually have one for breakfast,1,1,0.9228231404429655,1,1.2117760253803627,1,0.9993581,1,0.99629045
the blending of the powder is very good i used this in my smoothie for protein i added a small piece of banana which offset the taste perfectly this was my go to for breakfast while doing a round of whole highly recommend less filling that proteins with whey,1,1,0.9575720164859044,1,1.551312807895094,1,0.98798394,1,0.99606836
all i can say is the taste is disgusting i literally spit it out after the first taste don’t do it,0,0,0.24864596478419418,0,-0.7206446622521758,0,0.0050800275,0,0.034199532
pretty good taste a bit clumpy i mix it with milk to provide more consistent smooth drink good ingredients for health,1,1,0.9765784226353569,1,1.582877144912183,1,0.99873143,1,0.99673164
mixes easily and i love the fact that it’s unflavored because i don’t always feel like drinking sweet stuff i like how it satisfies my hunger for hours,1,1,0.9534584485482385,1,1.6020859005591774,1,0.99883133,1,0.9965849
been using for years it taste good and is filling,1,1,0.9611640218915632,1,1.2165040116595818,1,0.9777599,1,0.99700445
ok so when i received this bag the directions stated scoops is one serving it didnt mention what to mix it withhot or cold liquid how much liquid so i went with room temp water decided on oz seems reasonable to put scoops in cups of water this powder smells great i scooped it out whisked into my filtered water it didnt dissolve that well so i let it sit a few minutes whisked again no noticeable residue on the bottom of the glass but the top had a sort of film that did not mix in ok i can deal with that took a big sip it had a strange flavor i could not identify any pineapple at all i thought maybe cups of water was too much i diluted it too muchso i added a couple more scoops big mistake omg this stuff tastes awful i was not able to drink it i threw it out i hate wasting stuff may try again adding to another drinkbut i am seriously afraid to i mean do i really need this in my life i know it sounds over dramatic but well im sorry i think dirt would taste better,0,0,0.17874207096839145,0,-1.168641482849203,0,0.19994278,0,0.087220885
this stuff is just incredible i just got this today and took it minutes before my workout and i mean i’ve never ever felt like this in my life took two scoops of this with oz of water in my shaker bottle and i was lifting heavier weights right after the other didn’t get tired i was so pumped not jittery but just full of crazy energy and strength i can stress this enough do yourself a huge favor and get this thing it’s quite possible one of the best things i’ve ever purchased in my life this stuff is simply priceless incredible worth every penny,1,1,0.7945529839488842,1,1.0038633909360857,1,0.99882287,1,0.99302566
this is a great little shaker i like the fact that it has a calibration on the side so you can measure in this cup and dont need a separate measuring cup when you make up your drink on the bottom it has a little storage cup so you can bring more powder with you for a second shake if you want in the shaker bottle it has a mixer net to break up clumps when you mix your drink which is great on the outside it has a clip for easy carrying on the top it has a secure cap to ensure that a leakproof sealbr br this bottle is freezer microwave and dishwasher safe and approved for food it is so easy to make up your protein shakes in these bottles and keep a second portion on the bottom for when you are on the go they come in awesome colors with motivational quotes on them perfect to gift to yourself or friends absolutely love mine and finally gave me the little extra kick to start with the protein shakes i meant to have been taking for some time now,1,1,0.96076939906508,1,1.7086387683989797,1,0.9996182,1,0.99415284
great supplement ive subscribed and its a great morning afternoon snack as well as post workout tastes great,1,1,0.9973016546526672,1,2.416054532722348,1,0.9998344,1,0.99721175
leak proof arrived quickly great design,1,1,0.8944302245729873,1,0.6044728093798689,1,0.9969548,1,0.97992057
great flavor,1,1,0.9960632424001378,1,2.149830361609883,1,0.98846895,1,0.9970919
i have always been a chocolate flavor fan but man this has amazing taste never knew vanilla could taste so good this on my subscription now,1,1,0.904048387038273,1,0.7954881165817913,1,0.8498844,1,0.9943849
these bars are amazing the flavor of all for is fabulous the texture is perfect no weird aftertaste they are like totally amazing will buy more,1,1,0.9110433643232195,1,1.579691588259902,1,0.999388,1,0.9965407
i’d like to give an update on this fantastic miracle of a vitamin leaky gut has given me a sense of hope not only am i feeling lighter and more focus it has actually leveled my depression and anxiety to a whole new level of normality this stuff really works especially with people with withdrawal symptoms it reduces the strike shocking neurons from cravings to balancing the brain and not feeling sick i definitely guarantee this product it’s a life saver i couldn’t be better off thanks to the makers of this wonderful product,1,1,0.7414680922452914,1,0.29648153624227713,0,0.08227321,1,0.9946662
no much taste so blends wellbr helps with calmness and sleepbr still new so looking forward for more results,1,1,0.9545547479391098,1,1.8020773871025262,1,0.99851793,1,0.99674904
i have never tried a garden of life supplement that wasnt high quality and didnt perform well this is no exception i take a collagen supplement every day and this is one of the best ones it dissolves completely in hot or cold water and has no taste at all also there is a lot here this seems to be a case of getting what you pay for,1,1,0.9201092098624987,1,0.8749940529137311,1,0.8839307,1,0.98787016
flavor and blendability far superior to anything else on the market i was one of those people that thought only hardcore fitness people should supplement with protein i could never understand why i didnt see much in terms of results despite years of vigorous workouts times a week duh this stuff tastes like a milkshake if you mix it with almond milk,1,1,0.6425381131307236,0,-0.06041887606489271,1,0.8644038,1,0.5477646
perfect,1,1,0.9664456954967751,1,1.8709537554481264,1,0.99783665,1,0.9966293
when i say this is so omg i love it 🥰 will order more thank you 😊,1,1,0.9499523271101228,1,1.477559998766117,1,0.9997706,1,0.99334806
love all flavors i’ve tried which is about flavors especially like coconut almond,1,1,0.9459346111116593,1,1.4929639205458494,1,0.9954159,1,0.99648154
package came open and lot of the contents were in the box instead of the package,0,0,0.35186302396531577,0,-0.7712692838930422,0,0.002935609,0,0.09268544
not sure what the hype is tried this for a few weeks and did absolutely nothing for my gastritis,0,0,0.2683365702026781,0,-1.255512394904959,0,0.0017619771,0,0.0432823
these taste like candy but in a good way,1,1,0.9262825304465161,1,1.2234504514069624,1,0.97306955,1,0.94922566
i can still taste the peppermint hours latter sure didnt taste the coco layers its a block had to have a drink between bites to swllow it,0,1,0.6037438955008234,0,-0.03471996524327836,1,0.96630156,1,0.58862525
its hard to find a vegan meal replacement shake that curbs hunger tastes good and doesnt have a horrifible chalky texture this one is good and for the price its hard to beat,1,1,0.911064056436927,1,1.0998519527038635,1,0.99778724,1,0.99111956
im sure its good for you buy it tastes like grass very hard to drink,0,1,0.8552455701169671,1,0.5369288147504301,0,0.30234867,1,0.9461495
bought many of these works great and i love the colors,1,1,0.9835094968679159,1,2.0528069073561968,1,0.99957985,1,0.99677604
i only use this powder in my smoothie but it works great having the protein powder helps keep me full until my next meal,1,1,0.9951919158010295,1,3.104920626107012,1,0.99999225,1,0.99700516
videoideaceedcbafbacbe,0,1,0.7944206329076468,1,0.529492455724013,1,0.74101907,1,0.9837832
my son loved his first one so much and misplaced it so i bought him this one and a second one as a back up for his forgettfulness perfect size for a quick shake,1,1,0.9350323303150889,1,1.2051671750565633,1,0.99929225,1,0.9878143
this powder devolves quickly in hot water theres a slight taste if you mix it in cold water i usually add this powder to my tea and yogurt but i havent tried it with other things yet after a week or two of taking it i noticed that my pain and discomfort in my joints went away so im going to keep using this product i truly think that it will help me manage my joint pain issues,1,1,0.9596662759793059,1,1.7069575853615704,1,0.99971884,1,0.99183625
great price with a great taste,1,1,0.998411165453017,1,2.9405396740518204,1,0.9995183,1,0.99718493
gritty no vanilla flavor at all,0,1,0.6314156069349895,1,0.11065581583678108,1,0.799453,0,0.2050704
i like the taste of evogen cellkem products a lot in fact i look forward to drinking them as part of my workout they have a carbonated taste i am not sure how they do this but i really like that feature so yes this is carbonated kind of so be prepared for that i like the taste of this even if there is banana in itbr br the formula consists of eaas and bcaas i like the balance as just consuming bcaas could have a negative impact on the functioning of the brain perhaps because of pushing out tryptophanbr br this formula also contains some ashwagandha and creatine which arent a huge deal for me since i consume creatine in my preworkout and i take ashwagandha separately so while i love the taste and the basic formula im not really in need of some of the extra ingredients however if you are this is a great formula for you,1,1,0.7861799011924433,1,0.212031501586174,0,0.40282762,1,0.9922011
eek i love the pineapple coconut perhaps because theyre not low glycemic however these apple barsvery very dense and for my family a struggle to eat donating remaining bars to my local food pantry,0,1,0.85418391559991,1,0.5833450954691545,1,0.974264,1,0.74382627
i have eaten virtually every brand size and flavor if about every caffeine chocolate treat out there most are hard or just unappealing these are great wish they would be a bit more coffee tasting but they are still the best of the lot,1,1,0.9580170462964861,1,1.6156169172251547,1,0.9991941,1,0.99561876
love this powder great taste and mixes well,1,1,0.9979254120340607,1,2.871398265685992,1,0.9995596,1,0.9968645
these are my husbands favorite protein bar he says this is their best flavor some of the others dont taste as good and have a gritty feel but this one is on point,1,1,0.9654647572793726,1,1.4715510329746482,1,0.9796404,1,0.9952668
the price was great it mixes and tastes similar to other vanilla nutrition drinks,1,1,0.9531232190826215,1,1.4948137839726323,1,0.99451494,1,0.99567175
really tastey clean ingredients and plant based i got them for my husband but ended up keeping them for myself,1,1,0.8718715552247963,1,0.5099590924711679,1,0.92695653,1,0.97594607
i like it its easy good for you,1,1,0.994492080453684,1,2.6012323720821944,1,0.99915993,1,0.99630874
does not mix well it had white flakes in it have no idea what it was i contacted the vendor and they made it right,0,1,0.5287343493308162,0,-0.08959356759154358,1,0.96209806,0,0.04617363
feel like it helps my endurance when doing cardio,1,1,0.9531191753800228,1,1.2577846063649343,1,0.99906975,1,0.99693847
the lowest sodium plain protein powder i could find the pea protein powder works well in blended drinks,1,1,0.9579966474445787,1,1.8592941529024725,1,0.9996985,1,0.99483335
numerous benefits from this product easy to swallow and quality ingredients from a reputable company,1,1,0.8521672534357729,1,0.445177184002173,1,0.9731055,1,0.996393
got it and used it yesterday after a workout i am more sore today than i should be genius bcaa definitely works better what i used last month,0,1,0.8451529331848882,1,0.8495635301457337,1,0.9983537,1,0.9961106
this is the best vegan kosher chocolate flavor protein i have bought slightly more expensive than other vegan protein powders but for a kosher certification and better flavor i definitely believe it is worth it,1,1,0.9886609074284908,1,2.6836601420205097,1,0.9996654,1,0.9968928
bought these many times great price,1,1,0.9520199497916222,1,1.2154692726154828,1,0.9991297,1,0.99566406
these tablets taste pretty good they seem to be doing a good job,1,1,0.9466745427709052,1,1.3497533846897243,1,0.989901,1,0.99690104
easy to buy good taste,1,1,0.9819304899048028,1,2.1602072897560793,1,0.99909353,1,0.99662894
isopure creamy vanilla whey isolate protein powder is an amazing product the creamy vanilla flavor is delicious and it mixes easily with water milk or any other liquid the whey isolate protein powder is very highquality and provides the right amount of protein for my daily needs i appreciate that this product is glutenfree and lactosefree which makes it safe for people with dietary restrictions the powder is also very easy to digest and does not cause any bloating or stomach discomfort i love how this product helps me to build and maintain lean muscle mass which is essential for my fitness goals i highly recommend isopure creamy vanilla whey isolate protein powder to anyone who wants a tasty and effective protein supplement for their workout routine,1,1,0.9794980380047955,1,1.8445353213267321,1,0.99928206,1,0.9969291
bought some at whole foods they taste kind of chalky but not buying these for the flavor it’s a good way to get in some extra protein and i like that it isn’t super sweet,1,1,0.7509882103248997,1,0.46361879939177564,0,0.23943776,1,0.995076
i got the unflavored version of this collagen protein powder and i’m very pleased with it not sure how to describe the taste other than its got a ‘smooth’ taste to it and i can’t really tell it’s in my drink i use it in my coffee and also mix the powder with my matcha green tea powder to make my teabr my hair and nails are growing and i feel that my skin is actually looking better so i guess it’s working,1,1,0.9726777255785537,1,1.8584428972721576,1,0.9932586,1,0.9955829
these all natural strawberry decadence energy protein bars are just okay to me they taste and have the texture of the myriad of protein bars of this nature but maybe a bit stickier i like that they have wonderful natural ingredients are very filling and keep me satisfied for much of the day for being my breakfast however the taste is very redundant and the chewy sticky texture sticks to my teeth a bit more than some others they are good for me but a bit out of my budget for me they are just okay not great,1,1,0.8956236601277511,1,0.6794659162109923,1,0.97732383,1,0.83967227
delicious quality blended protein product,1,1,0.9910997517390646,1,2.452684265695818,1,0.9997322,1,0.9969536
this item doesnt have a means to keep folks from unscrewing the black top and tampering with the inner seal such was the case with what i received the inner seal contained several holesbr br purchase from a source that takes your health seriously,0,1,0.6708987232717318,1,0.4629630293785817,1,0.9065397,0,0.12767972
great postrecovery and good flavor,1,1,0.9990834326848784,1,2.698438347679948,1,0.99518543,1,0.9969409
i get pineapple and mix with a cho powder such as maltodextrindextrose in a full shaker bottle and drink infraworkout amazing taste and cho powder gives workouts a little extra energy without all the caffeine and bcaa helps muscle breakdown get immediate nutrients regardless it’s great taste while working out for the price give this a try,1,1,0.9856297628822978,1,2.3040620041888387,1,0.99681795,1,0.9970011
look i know the scientists will tell you collagen is a waste of money there seems to be no scientific explanation on why it works but try it specifically this brand and you will see it does work were in our s and the little hard nubs on my scalp are eliminated my wife also has a beautiful glow in her face it has helped both her skin and hair this brand has the biotin and the hyaluronic acid that are very good for you,1,1,0.8452459544198925,1,0.38901565644067726,0,0.020228194,0,0.42755347
perfect for my post bariatric needs,1,1,0.9462927915990322,1,1.297262800310282,1,0.99932814,1,0.9960706
amazing product i love it my hair feels smoother thicker and healthier and my skin feels hydrated and has a youthful glowbr this is great supplement individual packets are so convenient too,1,1,0.98161999257267,1,1.7979285075697133,1,0.999226,1,0.99720675
it’s cookie dough and cookie crunch,0,1,0.8413608383821181,1,0.7447971718404982,1,0.99774736,0,0.1264988
this powder tastes great in milk and smoothies we should have reviewed the label more carefully because it contains some additional ingredients that are not to our liking these include maltodexrin guar gum xantham gum natural flavors sucralose also known as splenda an artificial sweetenerbr br these are things we generally try to avoid so it doesnt make sense to include them in a nutrient beverage everyone has their own preferences and tolerances so just make sure you carefully read the label and make sure you are okay with all the ingredients listed,0,1,0.722184435118817,0,-0.27019396345083513,1,0.9469623,1,0.9748277
ordered for an afterhiking supplement ive been getting headaches after hiking due to the smoke in the air and the heat i just needed something to help balance my electrolytes after all that exertion in less than ideal conditions this works great it tastes great and it helps my body recovery after intense exercise i would definitely recommend,1,1,0.9715766046197969,1,1.8945918565874629,1,0.9999801,1,0.9968617
flavor is so good and i love that they’re glutenfree,1,1,0.9644052399259591,1,1.3973121126391044,1,0.9989058,1,0.9963362
taste great and mixes well cant beat the price,1,1,0.9853596453470547,1,2.2040413588999055,1,0.99964035,1,0.99697864
the taste is good happy with ingredients it is sticky hard to extract from package and worse if it is warm traveling,1,1,0.733007813306648,0,-0.008717765290481294,1,0.743469,1,0.99481213
the higher grade creapure was a kg a few months ago now this non creapure version is suddenly almost,0,1,0.6632792476761976,1,0.4573449510940173,0,0.061827153,1,0.6160237
aside from the comically sized scooper it comes with this stuff is great,1,1,0.8997040760520642,1,1.2021247988555106,1,0.99962664,1,0.99608445
hubs loves this brand and flavor,1,1,0.8465855719364674,1,0.8136626592049816,1,0.9653894,1,0.9962477
great product noticed a difference in the softness of my skin within a few days and my joints don’t seem to “click” as much as they did before,1,1,0.9042257024386785,1,0.6628046218566173,1,0.8854874,1,0.9956905
bricks not chocolate,0,0,0.15709012307982576,0,-1.065371275763121,0,0.23133713,1,0.8023352
excellent value taste and flavor i use this for a meal replacement shake,1,1,0.9840840352805799,1,2.0559571146208,1,0.9997603,1,0.9971834
i really enjoy these for my afternoon snack gives me a burst of energy to make it through the day cant wait to try the ones with espresso in it great for one the to,1,1,0.9643703367132292,1,1.4458212551598393,1,0.997795,1,0.9965263
good product but taste aweful,0,1,0.9355662798239633,1,1.0091735626248541,1,0.90799206,1,0.9958097
this medici is very easy to take which is very important when you have other meds to take,1,1,0.9226012024855204,1,0.9942818466291485,1,0.95804375,1,0.996012
had no affect on me what so ever,0,1,0.5044026366997887,0,-0.015473380937989445,0,0.34180304,0,0.07613531
i enjoy these lots of variety in the box and always fresh i have tried others and decided to take a chance no regrets,1,1,0.8762798394956347,1,1.1553751079959675,1,0.64696544,1,0.9965133
using for mealsnack replacements do about a day and then one healthy dinner trying to go more paleo ie lean meat and green veggies like green beans steamed broccoli not as big as other bars but not minis either usually get them at wmt but also saw them on amazon for a great price,1,1,0.8533615504302958,1,0.40039053740850267,1,0.99265784,1,0.9906527
im not a fan there were chunks that didnt mix and was a little chalky,0,0,0.3836349759692906,0,-0.5035219124856458,0,0.009533002,0,0.13219024
orgain is the best protein on the market period ive tried probably getting close to or different types of protein in search of the one and i always come back to orgain as the leader of the pack for so many reasons you cant beat the ingredients its squeaky clean and packs a powerful punch i honestly have no idea how they make such clean ingredients taste so stinkin delicious its like magic the flavor is creamy vanilla perfection it mixes well with many other flavors my current favorite is to blend it with some cold brew coffee or coffee frozen into ice cubes and your milk of choice for a delicious blended coffee treat that rivals my favorite coffee shop for flavor for how clean the ingredients are i would expect to pay a lot more but orgain is consistent at cranking out products that are clean and affordable those two things dont usually go together unfortunately ive literally never tried a product from orgain that i havent liked im a huge fan i would give it stars if i could,1,1,0.9628270419809218,1,1.4828028824619306,1,0.9815407,1,0.9937279
i am plant based and have tried many organic pea protein powders over the years this one is fantastic it is super easy to mix with water and create a faux hummus mixed with hemp milk and create a thick smoothie or blend into foods to thicken without any negative taste the taste is different than any pea protein ive tried since it is not starchy and i personally love pea protein so this simply surprised by smooth it is i also feel full longer after eating this protein powder vs others i have tried in the past this is huge as i lift daily and it expedited my lean muscle repair and is helping me build more muscle the company is also very responsive and helpful,1,1,0.9716648105893988,1,1.9949494572946418,1,0.9786902,1,0.99691015
solid bar with good protein for vegans,1,1,0.9524504862361803,1,1.0991608722071935,1,0.9833613,1,0.99681634
the main reason why i like these bars is that they do not sit like a brick in my stomach i have tried multiple protein bars and have now settled on these as they are incredibly light not dense surprisingly tasty and easy to digest honestly i am surprised how much protein these pack compared to other bars based on the positives listed above all in all they are bit expensive but not feeling like blowing chunks after every serving is well worth the added cost,1,1,0.8290716100535501,1,0.8456945282303898,1,0.9150214,1,0.9953868
great taste and quality will likely purchase again in the future,1,1,0.9438952862542329,1,1.3484747089958726,1,0.9878264,1,0.9969689
i bought for putting in my coffee but the flavor is not for me but it is great in a fruit smoothie does not dissolve instantly either but eventually melts with work,1,1,0.7465841437032783,1,0.1412967718422683,1,0.95730305,1,0.9922335
flavor was great,1,1,0.9734648482389131,1,1.563369649812233,1,0.98516613,1,0.99564654
no matter how i mix it it doesn’t completely blend and i can’t get the taste to go away even though it’s “flavorless” i will not be buying again,0,0,0.2879534372141391,0,-0.438376575908896,0,0.02388148,0,0.092978396
good bar without all the dry chalk inside pj flavor a nice change would rec to a friend munch munch,1,1,0.8332021860711617,1,0.6195467667985767,1,0.99495345,1,0.9952311
tastes great and blends easily in baked dishes,1,1,0.9617917186140602,1,1.442365534620186,1,0.99967074,1,0.99706906
good,1,1,0.9937113251511162,1,2.0285740904509044,1,0.9780961,1,0.9966487
i didn’t like the quantity is to low and to expensive probably will not get again,1,0,0.45050822346487607,1,0.011661847588159802,1,0.95038354,0,0.057639804
sunflower oil maltodextrin sucralose i guess if you want cancer insulin resistance and fake fillers hardly professional,0,1,0.645298183106781,0,-0.18255286924962988,1,0.82602715,0,0.09841042
this is very delicious nutritious it mixes well in the blender but doesnt mix very well in a shaker cup that doesnt bother me though the taste makes up for that i will continue to buy as long as the price is reasonable,1,1,0.9529906715187274,1,1.6211127585592264,1,0.99921954,1,0.9948716
easily mixes into oatmeal and smoothies adds protein that i want without sugar sweeteners gums or thickeners note it does contain natural oregano extract adds no flavor that i can detect,1,1,0.9467352937493554,1,1.5753244380146025,1,0.99965715,1,0.9950147
great product,1,1,0.9910199861615988,1,1.630876905865732,1,0.99142504,1,0.99691916
i searched high and low for a product i could buy repeatedly without having to worry about searching for the best pricevolume match among the many offerings this product delivers exactly what it sayspure creatine monohydrate for my workout after a weeklong loading cycle where im pushing grams per day i mix grams of this flavorless powder with a very small amount of gatorade drink mix about th the recommended amount with oz of water to create an easily drinkable solution during workouts it has helped me put back on mass i lost during the initial covid lockdown period without leaving me significantly dehydrated or with the other frequent side effects of creatine usage as of the date i write this this is the best value i found out there for a reasonable volume of product stop looking and pull the trigger here,1,1,0.9440688930374908,1,1.7208660668692037,1,0.99770015,1,0.9955278
size easy to swallow seems like it works so far,1,1,0.9788459866485842,1,1.9659921113463696,1,0.9994103,1,0.996874
it a delicious drink and healthy,1,1,0.983572463086503,1,2.5746782828990975,1,0.999869,1,0.9970655
great quality flavor grumpy grandma approved,1,1,0.9720007521898797,1,1.3975506889686002,1,0.99653614,1,0.9965702
i have purchased this item many times i thought it was the best pre workout on amazon but it all changed after my most recent purchase point blank the “ new” one sucks and will never buy it again,0,1,0.6815484515877648,1,0.7510867081898557,1,0.7992174,0,0.04912894
my husband likes the protein and the peanut butter caramel flavor he eats them before riding his bike or playing tennis,1,1,0.9512677749755198,1,1.411605253506563,1,0.9947871,1,0.9964748
ive been using a different brand of collagen proteins for months specifically to improve the elasticity in my skin an added benefit has been that my mild but chronic back pain completely disappeared as did a bothersome ringing in one of my ears consider me a believer in the benefits of collagen i decided to try this brand because ive had good results with other naked products needless to say this is my new favorite collagen pros this collagen mixes really easily without clumping and doesnt leave a residue behind the way some collagens do it doesnt have the off putting smell that bovine collagen can have it really is tasteless the single serve packets are super convenient and best of all my back pain hasnt reappeared and my skin looks more moisturized and taut especially on my face and arms cons my ear ringing has partially returned though its still better than before and as convenient as the packaging is its quite wasteful unless you travel a lot i absolutely love this collagen and will stick with the brand going forward but will switch to the standard bulk serving container,1,1,0.942442870571929,1,1.2294913631282713,1,0.9650048,1,0.98868865
awesome cup,1,1,0.9135856935788879,1,1.286902561824827,1,0.97932714,1,0.99652123
i go through periods months where i stop eating meat and allow my body long breaks from meat protein i increase beans fiber and plants and find it good to take glutamine several times per week during these periods i noticed it keeps my strength and muscle in tact,1,1,0.9528677059540582,1,1.246585242621154,1,0.9989028,1,0.9967996
i love glycine capsules i have trouble sleeping and i read that glycine could help i gave it a try and i never miss a night it helps and i couldnt be happier,1,1,0.8335286877483344,1,0.9346248575656548,1,0.9876445,1,0.9775164
very good,1,1,0.9665429845363974,1,1.3223424739546825,1,0.94442165,1,0.9966683
i first learned of this product when i asked my son what new face product he was using as the fine lines around his eyes were smoothing out his wife attributed it to collagen peptides powder i started using it months ago and i have seen improvement in my skin as well as hair and nails,1,1,0.9532042698729231,1,1.3951377741506588,1,0.99995613,1,0.9889731
good product the capsule is on the large size but easy to swallow nonetheless,1,1,0.9195816767533633,1,1.0164354632965507,1,0.99209505,1,0.99693966
what i like about this productbr great nutritional profilebr plant based nutritionbr natural nongmo and some organic ingredientsbr br what i didnt likebr flavor is not the bestbr have to use alot for servingbr not many servings in the bagbr br this tastes best with sweetened nondairy milk but ive been mixing a scoop of this with other protein powders i have,1,1,0.9396877714661901,1,1.557866012556887,1,0.9994543,1,0.9941387
i have been useing this for over a week and i see no difference yet i do give things a chance i add it to coffee so i dont taste it but i did add it to water one time because i forgot to add to coffe and it didnt disolve that great and when it did the water definitely had a funny taste,1,1,0.8827271466075884,1,1.0523664053565223,1,0.9859313,1,0.70314497
i have had cheap off brand blender bottles and they do not hold a good seal like these do i got the purple and teal and the colors are awesome,1,0,0.4863431399836724,0,-0.31716559851603154,0,0.025392985,1,0.9686639
love the taste,1,1,0.9697036488659893,1,1.8440954307119493,1,0.9907961,1,0.99598
not worth the money it’s priced at and doesn’t even have a good flavor barely can taste it,0,0,0.39382205893840416,0,-0.6614181092273808,0,0.32170674,0,0.057404317
a delicious tasting protein powder to help fuel the body,1,1,0.9669936092074531,1,2.2796674392496854,1,0.99987125,1,0.99652964
i got these for my partner and i my partner loved the taste whereas i found them a tad bit on the sweeter end each bar has g of protein which makes it a good snack also it’s quite filling too so i sometimes end of having half and having the other half for later we prefer these over protein shakes at times,1,1,0.9385656562252307,1,1.3654458768976028,1,0.99826825,1,0.9946854
i have tried several of the other flavors from this brand they have all tasted very good so when i saw this cookies and cream one i figured it must be good too nope its gross there is almost no flavor at all since we all have different preferences this is my personal opinion the birthday cake or lemon are good though as well as the caramel,0,1,0.6865437623016457,0,-0.16219711706253093,1,0.8538817,0,0.32105643
i have not had it analyzed but with research after purchasing stupid on my part i dont believe their claim of grams protein per tablespoon,0,1,0.6814088160173944,0,-0.07536209721506604,0,0.44618604,0,0.099740915
i mix this with whey protein powder and usually oat milk leaves way less if any residue bits in my drink like other brands ive tried will definitely repurchase,1,1,0.903438484592328,1,0.6989997220690978,1,0.98832977,1,0.98497283
well i wasnt aware that this particular product had chunks in it and only found out through reviews left by other people tastes good just got upset for a moment thinking i got bad powder,1,0,0.4672359469281428,0,-0.4938804533159562,0,0.009491826,0,0.043303136
nitric oxide is a pretty good supplement for a workout day and even beneficial for regular use between workouts this really depends on the other ingredients and how everything comes together i found that this one did not work for me as well as other nitric oxide supplements but there was a subtle effect i found that my workouts were measurable more impactful when i used this but it wasnt as much as with other supplementsbr br i may not use this again myself but i think it could be beneficial for those not looking to go all in with their workouts,1,1,0.7919301329205676,1,0.604390026436527,0,0.2288957,1,0.98519635
love the flavor hubby can now gain some weight,1,1,0.9541629184501775,1,1.3795394076876721,1,0.99996316,1,0.996591
one of the best chocolate protein powders ive tried,1,1,0.9708459118419418,1,2.0218591359532505,1,0.99683493,1,0.99629104
i was so hoping to like these bars as a replacement for power crunch bars that have about gm of saturated fat in each bar but nope nothing doing ive bought several boxes of these at amazon and even purchased single flavored bars at the grocery store there is no hope for this bar my husband soldiers on eating through the last box wed gotten i will simply never buy them again there has to be a balance among healthy tasty texture flavor these deliver a gross rubbery bar of utterly indistinguishable content with an almost chemical flavor no idea how anyone can choke these down,0,0,0.3998569771503362,0,-0.902434553774345,0,0.001071964,0,0.03722825
first off this is delicious it’s creamy and chocolatey and smooth and tastes like a dessert i personally loved the flavor however i only used one scoop in my smoothie and it was intensely sweet i feel like two scoops would be pretty overpowering i love that the protein comes from highly nutritious bone broth rather than whey or soy i do wish however that they’d gone a different route with the sweetener and stuck with just the xylitol instead of using both xylitol and sucralose one thing to note is that xylitol can cause gastrointestinal distress and diarrhea so start slowly and see how it affects you before you consume this in large amounts,1,1,0.8828301465391489,1,0.847426849441529,0,0.06581636,1,0.992167
i’ve been using different collagen brands to test a few different ones got this vanilla on a lightning deal and it doesn’t taste good but it’s not the worst i guess mixes ok in coffee i was having a tough time finishing my coffee today and after a few hours i saw it turned the inside of my white coffee mug yellow— so that was alarming other than that i haven’t noticed huge difference in anything else i would suggest getting the chocolate flavor or nothing at all because i’m really trying to force this vanilla down,0,1,0.5963805482771615,0,-0.3661498607193723,0,0.018987188,0,0.10518477
my bars are very old tasting they appear to have melted at sometime they are hard to get out of package have to cut foil back for every bite will be returning them not the kirkland bars i know,0,0,0.3125416441060984,0,-0.9123962597973696,0,0.0010141323,0,0.06085701
flavors are good and i enjoy drinking it,1,1,0.9547904050735226,1,1.3374670874546892,1,0.99451363,1,0.9968554
i prefer the carmel the cinnamon is a little too sweet,1,1,0.799584534901355,1,0.5674732843484218,0,0.17028955,1,0.9893684
this are my favorite protein bars i’m sure taste is subjective but for me the amount of sweetness is just right they are chewy but they are not doughy cakey or have that dry protein taste,1,1,0.7752785571441834,1,0.36104852244009467,1,0.7723583,1,0.9951265
this stuff tastes great,1,1,0.9070754873289427,1,0.7104382926749647,1,0.9751703,1,0.99666166
i’m glad i ordered this sample because i know i enjoy this protein powder without risking the purchase of a full size i’ve already ordered a full size and enjoy it with strawberries and almond milk in the blender every morning,1,1,0.9648240519380735,1,2.358966640089691,1,0.9999101,1,0.99689984
i usually buy these at my local costco but am not going there due to covid ordered from amazon and worked out wellbr i like the high fiber for this convenient barbr usually travel with a few of these bars as a healthier snack option,1,1,0.8170160330147157,1,0.548593669565116,1,0.97847897,1,0.99592185
i mixed the vanilla with oat milk and it is soooo good the right amount of sweetness i used it as supplement since i have recently gone vegetarian and i haven’t been getting full enough lately this helped hold me over i like that the ingredients are organic this is definitely a high quality product i used about ounces with one packet,1,1,0.9532829472044199,1,1.2431142645776965,1,0.99784267,1,0.99557245
really good and easy to use i would buy it again,1,1,0.9813265944099828,1,2.0841349560765305,1,0.99912566,1,0.99680614
i have been using this product for several months now i started noticing a difference in about a week the results have been really significant my knees dont ache the way they used to and are a lot more flexible i like that the flavor is almost undiscernable and dissolves quickly in my coffee i take a scoop in the mornings and sometimes in the evening when i think about it i was really looking forward to a free box that was offered initially but was later taken down off their website i will definitely continue to use it,1,1,0.9096675561886,1,1.1532354817341108,1,0.9978199,1,0.9931518
i really didnt like the taste at first its one of those things that grows on you though and now i find myself anticipating putting it in my morning coffee,1,1,0.8976580757607349,1,0.9253575865678008,0,0.32775387,1,0.9873668
i love the taste of this powder i blend it with bananas and oat milk until it’s creamy and it’s like a milkshake that’s actually got some beneficial properties,1,1,0.9055869623730993,1,1.059997742898115,1,0.9968412,1,0.9965019
i used this with my pre workout in a blender bottle even after shaking consistently you end up with a white powder in the bottom my pre workout is blue so i could easily see the white powder since this product is not returnable i’m stuck with it now,0,1,0.7221926280951901,0,-0.12526388287858992,0,0.02459825,0,0.11548397
this is my fallback when optimal nutrition or dymatize isolate isn’t available,1,1,0.775690958576557,1,0.025230092744791155,0,0.022511818,0,0.44179353
this stuff is absolutely delicious i usually have to mask protein powder with fruit and tons of other things but i drink this straight just mix it with oat milk in the blender for a few seconds and you have a truly delicious protein shake,1,1,0.9695978945922407,1,1.6170293967584963,1,0.99994993,1,0.99659
i havent been using this product king but i have seen a change especially in my nails and hair the taste and smell of this is really terrible and hard to mask ive tried smoothies and teas but the taste and smell is so strong but i will continue to use it and do a update review,1,1,0.8178505959435292,1,0.720268267825509,1,0.9346577,0,0.39169297
i chose these protein shakes for my son who likes to work out regularly and likes protein drinks this seemed like a good fit for him i bugged him for feedback on thesebr br these are nondairy shakes though the bottle states these contain milk proteins to me that seems a little contradictory however thats a minor thing my son told me theses have a decent flavor just ok in his words and are smooth these are not his favorite but he likes them well enough that hes not refusing them and they seem to work for himbr br these seem to be decent and so far we have no complaints theyre not the bestflavored protein drinks out there but they arent bad either,1,1,0.9594087315504125,1,1.5444395986012764,1,0.9417555,1,0.985705
ive tried many different powders and even have made my own only to come back to this when its on sale its cheaper than anything i can make myself the amount of everything is just the right amount to get me to work out every morning for a good minutes it helps with recovery energy and more importantly motivation i dont know whats in it but other brands caused me some semiserious issues when used while this has not over the years i stand by this product as someone who exercises is various ways solely for the health benefits,1,1,0.8347486877930902,1,0.9397063692889691,1,0.9984536,1,0.9892869
when i opened this the container seal was completely broken on the inside and pushed up into the lid the manufacture date was from june of so a long time to be open there was a flimsy black film around the outside but you can see powder was coming out from the picture i included a picture of an authentic product from gnc that i bought after returning the open one you can see there is an official sticker seal on the lid this was not what the amazon product had on it either this product is fake a return they resealed or some old product in really bad shape either way it wouldn’t be safe to consume and no way to know if it’s authentic so had to be returned,0,0,0.060733547592207476,0,-1.9713177363133338,0,0.0013143878,0,0.03503327
these bars are pretty expensive very thin and dont taste good,0,1,0.9081865059769028,1,0.8174075384018221,0,0.06090662,1,0.85506415
tastes like chocolate brownies good ingredients and blends well i drink it every day,1,1,0.9648056744672306,1,1.3944925364878624,1,0.9991033,1,0.99694866
i would highly recommend adding banana and peanut butter to make it taste better it is hard to drink it without adding them even though it says vanilla but to me it is really not,1,1,0.8233316257578809,1,0.8050651281893562,1,0.80009395,1,0.983732
good product blends well in my warm almond milk smoothie,1,1,0.9906393198880525,1,2.3270278755285467,1,0.9994129,1,0.99704957
chose this because i was familiar with and trusted the ancient nutrition brandbr br we have been using collagen in our morning bulletproof coffee for a few years now we notice that it boosts energy and makes for good skin elasticity nail growth and healthy hair these are results that take awhile to notice with regular use for us the switch in brands did not seem to make a difference in either direction which is good this brand blends well in hot beverages with an immersion blender did not try it in cold beveragesbr br this one is vanilla flavored with just a little sweetness with natural non glycemic popping sweeteners many collagens make their collagens too sweetened but this one seems to have gotten the balance on taste better not overly sweet subtlebr br overall no complaints or regrets,1,1,0.9344282084280714,1,1.4122466409301162,1,0.9994733,1,0.9855236
im under going a dental implant surgery this shake is thick and tastes good it provides the protein im missing in my current situation,1,1,0.8869832747029716,1,0.2707510810484219,1,0.8408017,1,0.9947502
i purchased because i appreciate that this meal supplement has good protein as well as fiber and probiotic also you get more powder for the price than competitors in theory it sounds great but it upset my stomach which is not a typical side effect for me and i am used to high fiber and it is thin and runny and has a strange artificial sweetener aftertaste i just couldn’t enjoy this shake so i’ll be spending more on another brand,0,1,0.8877979464642781,1,0.684402961402613,0,0.010321867,1,0.95041865
great taste and dissolves really well,1,1,0.9947941825696909,1,2.6861232250796165,1,0.9997451,1,0.99709797
delicious,1,1,0.9905628006831674,1,3.019230423558707,1,0.9989699,1,0.9964954
first it has to taste goodand it does and with so many flavor options my current new best flav is sticky cinnamon roll you will find something you like and best of all not only is it satisfying but it wont give you that postcarboenergydump,1,1,0.9024612498881083,1,0.9968203732936134,1,0.98568374,1,0.9896422
tastes amazingfast acting and works well only preworkout i buy now,1,1,0.9483640475253495,1,1.4509984358761883,1,0.99868196,1,0.9964546
wow i take two of these before a meal or working out and it truly gives you amazing energy to get the job done i was recommended to take minutes before eating i take two and they work like a champ,1,1,0.9386410361215857,1,1.5418109236112436,1,0.95833266,1,0.9969555
these no cow high protein bars in lemon meringue pie flavor are what i would grab when im going to miss breakfast the calories are a bit high for a snack but theyre not too bad when youre needing a quick breakfast that is filling not only do they have grams of protein but also grams of fiber which is more than i usually have in my breakfast smoothie the lemon meringue pie flavor is not exactly what i expected but its not terrible the texture is also a bit off for me but it is tolerablebr as other reviewers have pointed out the listing is lacking the nutrients list i and most consumers like to see exactly what we are going to be buying especially when it comes to food products without this information readily available i would definitely skip out on purchasing these protein bars hopefully they will remedy this with a photo that clearly shows nutrient listsbr as i said these protein bars are a good substitute for when im going to miss breakfast the taste and texture are just okay but nothing really special though they are competitively priced im not sure that these would be a repurchase for me,1,1,0.8992171094422842,1,1.2448616186658037,1,0.91552246,1,0.98767567
gives me extra energy after workout,1,1,0.94610405102791,1,1.460673138650821,1,0.9860417,1,0.99645317
i mix this in my coffee and hot water everyday i cant imagine not using it daily it has made my nails stronger and my hair healthier,1,1,0.8996447149896047,1,0.6862831695761423,1,0.97693455,1,0.9964845
clean seems great,1,1,0.9892975901726196,1,2.016912638731781,1,0.99903995,1,0.99707615
everything including the kitchen sink and not in a good waybr i have eaten a lot of different protein bars over the years and i was unable to finish one of these besides only having grams of protein which is very low they have way too many ingredients to be considered healthy the worst part was they contain chicken and a lot of other ingredients read the label and you will do a doubletake that did not taste well together i got through about half of a bar and no one else in my household liked them would not ever buy again,0,1,0.5299203459615772,0,-0.08041896352947842,1,0.58189833,0,0.03843875
i still dont particularly like this wide mouthed packaging but chocolate muscle milk is still the best tasting protein shake personally i like to mix it half and half with lactose free milk to make it taste exactly like a chocolate shake,1,1,0.9110241512515848,1,0.9896514392902376,1,0.99940073,1,0.99607134
i dont have a lot of experience with protein bars or other brands but i have to admit that most of the time they taste off like they are skipping major ingredients and are just pretending that they are not there i have gone through about half of these bars now and i can safely say that i like them and find that they make a good snack while providing me enough protein to fill me upbr br second every other protein bar i have shared with my young kids at their request has been met with a yuck this is the first one that my daughter has asked for more more pohteen bar daddybr br now it doesnt taste like a candy bar but it has enough chocolate and peanut butter that it doesnt make me wince when i chomp down good enough for me,1,1,0.9013400953237534,1,0.6599046758282788,0,0.085936755,1,0.9389118
id buy this again any time good product for a reasonable price,1,1,0.8660172701753934,1,0.8018641067039284,1,0.9919081,1,0.9582731
nice capsules easy to swallow mg right dosage second time i’ve bought them,1,1,0.9425363453593656,1,1.5606258678405969,1,0.9998066,1,0.9968046
this stuff is better than of the junk you’ll see at the store and it is well priced it’s not the one the body builders use i’m sure but if you compare the back label to a lot of standard proteins and even a lot of premium ones like on it’s great ingredient wise has a great flavor with milk suggestion you can add a sugar packet stevia splenda and blend i would recommend a blender,1,1,0.8935443949019402,1,0.7457252094693031,1,0.9994531,1,0.9963437
i normally buy the regular vanilla powder from this brand as its my favorite tasting and as far as ingredients and nutrition note that i always make it into a protein shake with almond milk i dont notice much of a difference in taste and im happy with the ingredients and nutrition i blend it in a blender or a blenderbottle and it mixesup well,1,1,0.9684746417446186,1,1.5499079157144642,1,0.9949071,1,0.9968836
so i am a big fan of the vanilla and the chocolate… today i tried the cinnamon banana and i absolutely love it i love that the ingredients are minimal and clean… the shakes are not gritty and they are unbelievably delicious,1,1,0.9002219579510498,1,1.0316125956382673,1,0.98605376,1,0.9960032
i like the bar for its quality but its too tough to chew for my likes it does have nice flavor though,0,1,0.9529951952650972,1,1.2912470088494727,1,0.999395,1,0.9962691
but you pay for that in terms of cost and taste i do not mind the taste being less than wonderful though because that keeps me from eating more than one when there is no way i can digest and use that much protein in one sitting although it seems many others canbr the ingredients make this bar worth purchasing once in a while for me and if it were less expensive i would purchase it much more frequently i feel satisfied after eating the bar and satiated for several hours something you at least i do not often find from a simple health food bar or protein bar,1,1,0.7794964554312648,1,0.6436996203750683,0,0.4539858,1,0.992163
great product so far no smell no taste and mixes super quick and totally dissolves the lb size has a whopping servings per container with gr multi collagen complex per scoop its a broad spectrum collagen product so im resting knowing im getting a healthy variety great price as well whats not to love plan to continue buying this product thank you,1,1,0.9766282104060622,1,1.675065175129741,1,0.9994054,1,0.99655306
best tasting protein powder i have found and ketofriendly,1,1,0.9875933125563418,1,2.218114230684743,1,0.99920374,1,0.99693465
delicious with great texture,1,1,0.9956653057901396,1,2.894800159567025,1,0.99963737,1,0.9969748
the ingredient list is really good ive only started taking it but im hopefulthe actual powder out of the capsule tastes right its strong and bitter as expected but the capsule is easy to swallow has no taste or unpleasant odor so far it seems like it could be great ill update my goal is to try to take fewer supplements and save money over all i have issues at times with brain fog and do what i can to stay ahead of that issue crossing fingers for long term rewards,1,1,0.9103350528413542,1,0.9683079246286259,1,0.9998746,1,0.988679
ive tried a plethora of vanilla protein powders but i always come back to this onebr br reasonably priced lasts about months for me no bad after good vanilla taste no weird smell no lumpsbr br i put a scoop of this in our smoothies and milkshakesbr br i highly recommend,1,1,0.8780934999556915,1,1.0612847860034438,1,0.99627423,1,0.99647033
sometimes changes take a little bit of time i have been taking the double wood essential amino acid supplement for about months i have type diabetes and eat two meals per day i have noticedconfirmed improvements in my physical condition improved balance in general pt for sure but lately a pt improvement in blood pressure pt lower blood sugars i am encouraged that over a prolonged period of time i will become aware of additional positive changes,1,1,0.9362804186693535,1,1.1800721960066776,1,0.8324572,1,0.9955225
we’ve been using a different brand collagen supplement for a while now but wanted to change to a supplement that had type ii this brand was reasonably priced and well reviewed so we are trying it out it seems to work just as well as the prior brand for a much better price no taste or smell we use it in our coffee in the morning,1,1,0.919772536897492,1,1.1272188726484544,1,0.99912757,1,0.9954137
not enough protein for the calories,1,1,0.8014950097295533,1,0.9316566305052482,1,0.9469538,0,0.18937047
i use this brand because i trust that the company will have good quality ingredients i like that its sweetened with stevia and is made of raw ingredients the flavor is well above any other vegan protein powder ive tried it has no chàlky after taste and i get the chocolate because its like having dessert to satisfy my sweet tooth,1,1,0.9388958565049171,1,1.6298971786483947,1,0.9981523,1,0.9968984
i dont know if it was spoiled upon shipment or if the product is that bad but this powder is terrible,0,0,0.25261932179535357,0,-1.1880938247991242,0,0.00980552,0,0.041430295
this protein powder is smooth and delicious i can’t believe it’s made with plant protein unlike other brands it isn’t chalky at all instead it tastes like a delicious chocolate shake i’ve been enjoying it blended with coffee and ice but it’s surprisingly good warmed as well it’s also perfect for blending collagen into i love that it’s made with quality ingredients which shows in how good it tastes,1,1,0.9876787435259691,1,2.3997109985447014,1,0.99582773,1,0.99696165
i really like this flavor its not as thick as some of the other pure protein chocolate bars this kind is one of their best i have these as a quick breakfast overall these bars taste good and give you g of protein without a ton of calories i will absolutely buy again,1,1,0.9558834231784035,1,1.4343916527025085,1,0.9980051,1,0.99705017
the flavor is mediocre but the simple ingredient listing is excellent compared to some other products with tons of unpronounceable additives,1,1,0.8552163147212734,1,0.5543364521367155,1,0.9992085,1,0.79685277
for such low sugar and for such high protein this is probably one of the best bars i’ve ever tasted in my years of life this is absolutely scrumptious reminds me of a “snickers bar” before snickers started adding all the junk ingredients highly recommend these bars love ❤️ love ❤️ love,1,1,0.9606048031248127,1,1.6841636102568993,1,0.99999535,1,0.98663306
this is a blend of different type of protein so its a good product for getting some protein is your system quickly and as well as over an extended period of time casein tastes decent and if relatively easy to digest easy to blend in shake or smoothie a little on the pricey side otherwise i would give it stars,1,1,0.9849117772592038,1,2.355063934097756,1,0.99995255,1,0.9969699
this protein powder is just delicious i mix a scoop with some almond milk a giant scoop of plain greek yogurt sometimes some blueberrieslike a yummy milkshake no aftertaste no texture issues highly recommend,1,1,0.9788129329002301,1,2.157223842585563,1,0.9999902,1,0.9967912
good value,1,1,0.9846681022699559,1,1.926077101288185,1,0.9938632,1,0.9965767
love this product,1,1,0.9596100575782021,1,1.1087683884947275,1,0.9762635,1,0.99581134
so good great to drink alone or with coffee,1,1,0.9875417267192699,1,1.839720940849881,1,0.99433076,1,0.99678147
i’m vegan and always looking for great ways to supplement my protein i’m going to use this as a meal replacement i love the flavor and the texture of the chocolate peanut butter,1,1,0.9903412469320885,1,2.136102586720895,1,0.9944028,1,0.9968182
the taste is the best and value is exceptional,0,1,0.9567658234994882,1,2.0900121154363505,1,0.9988894,1,0.9969921
banana cinnamon flavor was super good i usually put frozen banana in my vanilla protein shake and dash some cinnamon on this eliminated the extra steps,1,1,0.9453146770627576,1,0.9956792289049228,1,0.716598,1,0.993419
i like the fact that i can stir this into my morning coffee with no clumping and no taste hoping it helps hair nails and joints i probably have not used it long enough to know if its working,1,1,0.9114914858985633,1,1.0463125099104542,1,0.9975224,1,0.99675304
i was excited to try this product as i love the preworkout and have purchased many times however i was extremely disappointed in the protein powder while it does taste great it mixes terribly always sticking to the bottle and creating massive foam in the shaker it has to settle for minutes and needs a second shake to really mix with so many other protein powders on the market wont be buying this again,0,1,0.8794496261338947,1,0.6816430288109147,1,0.9787819,0,0.05546593
great product,1,1,0.9910199861615988,1,1.630876905865732,1,0.99142504,1,0.99691916
really clean tasting no bloat at all mix in with creatine and not at sore as after intense work outs highly recommend,1,1,0.8925557109109407,1,1.2684778115846795,1,0.9999174,1,0.99706155
love this protein powder it doesn’t have an overpowering flavor so it’s great mixing with juice or fruit to make a protein shake i highly recommend this protein powder,1,1,0.9799290626670762,1,1.1226221068681772,1,0.99976104,1,0.99700683
i use this product to prepare myself to sleep it is easy to take and with no side effects,1,1,0.9367125593408074,1,1.0520465670619186,1,0.9994931,1,0.99672014
great product for the price i have used them everyday since i got them they are easy to use and easy to clean,1,1,0.9789330291260859,1,1.8114277718869471,1,0.9998832,1,0.99718285
this was by far the best chocolate protein powder i’ve ever had it’s consistency was smooth and creamy and the flavor was beyond delicious i am forever switching brands,1,1,0.8607323659826531,1,0.7532086510749976,1,0.79535186,1,0.9851354
if you are looking for a whey isolate protein then look no further on makes an excellent powder that will help your body start recovering after your workouts as for the taste well it is whey protein isolate i am not drinking it for taste i am drinking it for its ability to help my body recover and become stronger it is a supplement that i include in my daily nutrition,1,1,0.9634213250319275,1,1.416933386649456,1,0.99763024,1,0.9963108
the last box and these two that just arrived were melted when they arrived that has not been the case previously and i have placed orders,1,0,0.28550770917714424,0,-0.9656602335644848,0,0.001964754,0,0.06877123
it tasted great dissolves completely and not aftertaste,1,1,0.8142623455721418,1,0.9569229701154197,1,0.99477506,1,0.99574476
this does not taste great with just water i bough almond milk and mixed it tastes like a chocolate milk shake it is a little rough on digestion for about an hour for me personally but it does fill me up for a few hours too i like the all natural ingredients but it is priced similar to everyone elses products if it was leading in price point it would make it an easier decision to stick with this brand,1,1,0.9010854190745159,1,1.1600636434812395,1,0.99704105,0,0.3745236
its to early to tell if its helping me but it has no taste and mixes good in my coffee makes it creamy and smoothies,1,1,0.9674942529179753,1,1.4957857308285307,1,0.975867,1,0.99630713
when i bought it i was like that should be fine because it’s just going in smoothies right… oh that taste made strawberries taste bad i was gagging and tried to finish it but it was the worst smoothie ever i ended up dumping it down the drain i like all it’s benefits though and was super excited but that flavor is not good,0,0,0.29796988524716844,0,-0.2409594386571956,0,0.019297294,0,0.040933963
this is one of the few protein bars that ive tried that dont actually taste like a protein bar love the taste and texture,1,1,0.9231388391402866,1,1.1174984143844715,0,0.37968197,1,0.99113196
love it slowly rebuilding body,1,1,0.943166433271689,1,1.6689261326803657,1,0.999253,1,0.99643034
you guys i love vega powder but my local place was out of stock so i bought from amazon this is certainly a different manufacturer it made my husband and i both sick if you want to dry heave in your car on a cold monday morning work commute out of recommend,0,1,0.7474075562185313,1,0.18808761742401447,1,0.82071626,0,0.1006384
i put collagen powder in my coffee every morning i have been doing this for about months and i can see a difference in my joints less pain my skin and hair are healthier too,1,1,0.9845450259171141,1,1.7085558734072472,1,0.9937344,1,0.996356
tasted good makes a good breakfast shake with blueberries and broccoli 🥦,1,1,0.9650502503681598,1,1.1777156662775041,1,0.9980742,1,0.9967225
this product isbr not delicious and even if it was itbr will give you terrible horrible stomach crampsbr chickory root is ingredientbr google chicory root and stomach painbr br i’d you want this flavor bhu bites or bars are great,0,1,0.5426019871166027,0,-0.22550868808502866,0,0.08580403,0,0.08473822
i have been lifting and consuming protein since i have had the worst of the worst and the best of the best my main issue is finding ways to consume close to my body weight in protein because a lot of times my diet isnt optimal i eat an unbalanced meal or skip my shakebr so this helps me meet my goalsbr i enjoy drinking this in the afternoon as an alternative to another cup of coffee or plain water it has a nice flavor with only a slight chalkiness to it all nondairybased protein does to me but it is very slight in my opinion it probably would be even less noticeable if drank while cold the packaging was nice all my bottles were shipped safely to my home despite being glassbr i highly recommend isopure zero carb g protein readytodrink whey protein isolate to get that additional g of protein or to supplement a meal or postworkout snack,1,1,0.9677489833326548,1,1.5226751043557711,1,0.9960742,1,0.99514467
i’m not saying it’s not a good protein but it doesn’t matter how good it is for you if you can’t bring yourself to eat itbr very very grainy and terrible flavor i couldn’t use for anything other then to mix it into protein bars where the texture and flavor are masked,0,0,0.4440411469158203,0,-1.197357853164427,0,0.002225798,0,0.042721614
mixes most of the way on a good day in my blender bottle just by shaking it i personally make it and then throw it into the freezer until its a bit slushy half frozen chocolate protein shake isnt for everyone but it works for me,1,1,0.9447631046777778,1,0.9789944869763425,1,0.9975401,1,0.9907301
love this product along with the rest of nutricost products it has everything a preworkout should have this is a great option when cycling off caffeinebr br prosbr flavor peach mango br ingredientsbr costbr br consbr lower amount of betaalanine personal opinion,1,1,0.8913661105235463,1,0.7335448504489366,1,0.9985581,1,0.9966577
i’ve had some really gross protein bars in the past but this actually tastes really good i haven’t had this brand before but i would definitely try the other flavors i ordered the churro which kind of tastes like a cinnamon rice krispie treat covered in a creamy cinnamon layer it is easy to chew through and enjoy where other bars i’ve had are very dense looking at the ingredients they are all things i’ve heard of before i would definitely recommend this as an easy and enjoyable way to get some added protein,1,1,0.8360435295795012,1,0.605448555577737,1,0.9996006,1,0.99549234
👍,1,1,0.7944206329076468,1,0.529492455724013,1,0.99246335,1,0.9880995
this is the best tasting protein bar ive ever had and it has grams of protein per a bar im only giving it a star rating because im allergic to nuts so the cookies and cream bar is the only one i can eat more flavors without nuts please 🙏🏻🤞🏻,1,1,0.8628932613734491,1,0.7524106175418154,1,0.9987399,1,0.995262
i want to echo others who have mentioned that this item came in a padded envelope and the main box was crushed fortunately none of the packets were damaged so its not the end of the world for the price of this youd think it would be shipped better but thats not the manufacturers faultbr br in this package you get packets of high quality collagen for about bucks at the time of this writing before your eyes bug out thats about the price line for a product like this where it is divided into individual packets for each serving also high quality collagen supplements tend to be pricey it just is the fact is if you want the benefits its unlikely youll find a good one for cheapbr br i have been adding this to ketofriendly smoothies it mixes in just fine and you likely wont notice a difference in taste but youll get the benefits of good quality collagen its a great addition to your supplement regimen,1,1,0.8241415876130674,1,0.48393266387530665,1,0.9999175,1,0.58008623
i received the collagen very quickly as you can see from the picture the container was completely fulli even took a scoop out before the picturebr it dissolved faster and completely than any other collagen powder it had a slight garlicky smell and a brothy taste as much as i was impressed with the price the amount received and how quickly it dissolved i can’t get past the taste and smell i will be returning,0,1,0.5678253218595223,0,-0.10738273256753628,0,0.0030290226,0,0.40413663
a good boost in energy and alertnessbr overall pleasant taste but a bit on the sweet side for my taste leaves a bit of insoluble residue even when shaken with double the amount of water per g serving but easily rinses with a followup portion of water so not much of a big dealbr br quite loaded with caffeine so i personally forego my daily espressos whenever i take this for my morning workoutexercise i average between shots of espresso each day so this basically takes care of it as with any caffeine load there is the occasional crash sometime after,1,1,0.9399662489564985,1,1.302298228836201,1,0.99984515,1,0.9955546
really good disolvable tastes like vanilla,1,1,0.9476763839613458,1,1.0485966784530314,1,0.9661728,1,0.9959266
i don’t like thick drinks so this is perfect it tastes good and i feel more energetic after drinking it,1,1,0.8403189528221949,1,0.42042609140823667,1,0.6917225,1,0.99675083
very good,1,1,0.9665429845363974,1,1.3223424739546825,1,0.94442165,1,0.9966683
i was researching multivitamins for my year old mother as she hates taking medicine and especially pills i’ve tried to get her to take a multivitamin in the past but was never successful my next step was to look for a liquid form and came across the mega premium brand all i can say is winner winner chicken dinnerbr br my mother loves the taste and i’ve started pouring it into a demitasse coffee cup for presentation she no longer looks at it as a horrible experience but as a delicious start to her morning routinebr br if you are searching for a delicious alternative to taking pills this is the way to go,1,1,0.8713578961786158,1,1.2389103454577648,1,0.99669635,1,0.9939568
i love the sense of ease and calm that comes over me when i am adding a teaspoon or so of ashwagandha powder in my morning smoothiesbr br the quality and flavor of the product is important and the feeling achieved is obvious within an hour i wouldnt waste my time taking a product that doesnt give you obvious soothing mood effects on within a day or two it may take some time for you to notice or realize that your mood is uplifted or that stress and anxiety has calmed i am a very aware and sensitive person so its obvious to me when i feel a shiftbr br this is on the pricey side there are other products available that are not labeled as organic but are very nice quality is it worth it perhapsbr br stars for this brand and product,1,1,0.9065787532037285,1,0.8613405792512305,1,0.9512375,1,0.99622715
this is filling and tastes like mocha i like mixing this with my frozen yogurt when i make a batch not overly sweet like others i have triedbr br this stay with you satisfying cravings for a couple of hours one scoop does fine for mebr br i will be buying more,1,1,0.8805303583330502,1,0.8029372523377776,1,0.99804676,1,0.9948185
my daughter suggested i try collagen for my arthritis the first brand i tried would tend to clump and didnt dissolve well in room temperature water and had a very small scoop i like this better dissolves easily in my water coffee and i add to ramen has no smell flavor or after taste and it has helped with my arthritis pain it has a larger scoop so im wondering if i was taking too small a dose before this dissolves so easily ive started adding to other foods my arthritis pain is less my nails are growing like crazy and hair has started filling in a small bald spot in the top of my head ive ordered more,1,1,0.974108118607519,1,2.0261994524288713,1,0.9931356,1,0.99244773
i find that a lot of protein powders dont do the trick with my appetite because they contain only one type of protein this product contains types and that seems to really help satisfy my appetite i also appreciate that this product is vegetable based as that fits in with my diet,1,1,0.9747399484566687,1,2.2036497371100183,1,0.9998485,1,0.99458873
i dont use this type i prefer capsules or gummys person i ordered for loves it,1,1,0.8633720802309628,1,0.7761770133956237,1,0.9990953,1,0.96879447
good product,1,1,0.970360024848693,1,1.0131213743725724,1,0.96645266,1,0.9967859
so much disappointment in this i’ve only tried it cold blended with almond milk and ice it’s really hard to get passed the earthiness i’ll try it warm and in recipes hopefully it’ll be better so i don’t have to toss it,0,1,0.8496814308578401,1,0.770638036589094,1,0.92296636,0,0.288658
so i bought a pack of hydra cups a month or ago and they were great nice lids with a little handle thing on them and very tight fitting and harder to pop open these are not like those these ones leak even from the screw on part the mouth piece cap is super easy to open so if you throw it in your bag it will open with hardly any force and they are missing the little flip up handle part overall very disappointing since i loved the last cups from the same exact company i will still be keeping them but probably only using for at home use since they cant really be used in my gym bag or thrown on the seat in my truck without leaking which happened to me and now i have a stained seat from a red preworkout drink i had in the cup,0,1,0.6206571666743576,0,-0.16083399373218377,0,0.068678156,1,0.58835495
very tasty protein bar great snack for traveling,1,1,0.9797449087595241,1,1.4764445088266314,1,0.9983942,1,0.9968856
it wasnt good for me,0,1,0.8342912949033108,1,0.062215025026369,1,0.6059171,0,0.045030512
i have been looking for a decent brand when it comes to supplements this one is by far the best this has no flavor and mixes well with any beverage,1,1,0.9745739274700064,1,1.7647933303493537,1,0.99205256,1,0.996425
everything was stars accept “value for the money” only because who doesn’t wish things could be cheaper this product is hands down the greatest formulated healthy protein powder drink i have ever had will never use another unless sunwarrior goes out of business,1,1,0.593567896624431,1,0.21078484812391374,0,0.118017495,1,0.75524235
i was hesitant due to the reviews but so glad i got this its great tasting as if you melted a cherry jolly rancher very pleased and will be getting again for sure,1,1,0.8442134934589163,1,1.0007065988820574,1,0.99812156,1,0.9947924
one of the most disgusting thing i have tasted would not recommend,0,0,0.25996209457516867,0,-0.5728231439807088,0,0.023561027,0,0.03497728
really good collagen product that includes types from fish and cows and unlike most collagen supplements this also includes hyaluronic acid and probiotics would be nice to see some vitamin c as that would further boost the effectiveness of hyaluronic acid and the collagen peptides i rate it stars because it is very good blends well into my coffee and it has no flavor down side which i dont dont rate on is that it has just servings per container it could be halved making for servings if you dont need grams of protein at once a lot of collagen supplements are grams per serving so this size in comparison to most is a larger serving i usually use about of scoop full or do two half servings through daybr br as for the container being half empty products are sold based on weight not volume when the powder settles it is half full when i shake it up it is three quarters full while it could be a smaller container it isnt unreasonable also it comes with a scoop which takes up room why down rate you are not getting less product aiming this at review who said this is a scambr br love the brand love this collagen i have it on subscribe and save i use vital proteins or another brand alongside with this,1,1,0.8874838152782007,1,0.7940694583055958,1,0.79618096,1,0.9968278
what ive noticed is an improvement in my skin and especially my nails my nails have always been weak and broken easily but now even a dreaded zipper cant wreck my strong nails very satisfied,1,1,0.921672442663855,1,0.5930227174264718,1,0.9921678,1,0.9943798
great product with greens added very expensive for what you get…,1,1,0.9525186170017595,1,1.2379788835831267,1,0.96648127,1,0.9968907
great taste not grainy i got the chocolate flavor,1,1,0.5092845339436997,0,-0.6101525495123605,0,0.058845997,1,0.9970534
take before and after workout think its helping me gain muscle and recover,1,1,0.9228585542701108,1,1.2473581196248231,1,0.999196,1,0.99639857
ive tried most of the flavors of this line including the limited edition flavors i like some better than others but this is definitely my favorite right up there alongside peppermint bark please make that one a regular just as satisfying as a candy bar but more filling and no weird aftertaste like some protein bars can get i hope they keep selling it foreverbr br eta ive ordered these six times now and have had issues a few times once i got bars instead of and had to contact amazon for a replacement but that was handled promptly it has also happened with other flavors ive also gotten a batch of the darker colored lemon bars which are almost light orange on the outside instead of the expected creamy white they dont taste awful but also arent as good as the originals i really hope it was a fluke and not a new recipe,1,1,0.8434963074489135,1,1.04303948430787,0,0.07537686,1,0.99104017
i got this for my son who is very active and trying hard to build muscle mass i had not heard of it before but he said that it helps increase strength improve performance as well as the increasing muscle mass he didn’t particularly like the taste although when i tried it it had a very mild sweetness i can’t say i liked it or disliked it i think i would prefer to put it into a smoothie or a shake adding it in water just makes it taste like flavored water it smells nice the recommended amount is scoop that is included my son adds it in his smoothies along with protein powderbr br he’s a fairly skinny kid with some muscles but it’s not enough in his opinion so hopefully this will help him gain some weight and muscles as with any supplement it seems you need to keep taking it for a long while to see any results,1,1,0.9308980209290941,1,1.0193159384389623,1,0.9950853,1,0.99625057
this product works great and you get alot more for your money i’ve had nasty panic attacks at night that kept me from sleeping for a little over two years and i had to take drugs for that in my ptsd taking magnesium citrate at night and this magnesium l threonine during the day has drastically changed my life for the better i don’t have to take my drugs anymore and i wake up happy and stressfree i only take of a tsp witch equals to mg of magnesium according to the package twice a day the capsules i was buying only have mg and you’d have to take or witch can go by fast when you share them with your husband or wife😂 i just added to my shaker bottle with my other powders i highly recommend this product❤️,1,1,0.9448263503873272,1,1.3961627895646442,1,0.9995189,1,0.99424875
get some,1,1,0.917543150791753,1,1.4773902454660885,1,0.9779262,1,0.992939
love these bars but they showed up with an oil substance within the bag could not find that and of the packages opened by accident,1,1,0.6022882001130062,0,-0.24493945579412402,0,0.07895487,0,0.19222938
these are by far the best flavor of pure protein bars tastes similar to a snickers and the texture is more soft and creamynot gritty the price is great for a whole box,1,1,0.9368509634344474,1,1.2412072700690717,1,0.98339695,1,0.9143485
i needed to add a little something to my preworkout breakfast smoothie and this was it are usually mix peanut butter powder frozen fruit and water although i was unsure about the tropical punch flavor it actually added a little more zip to my smoothie when i started adding this mix i noticed my energy sustained longer and i didn’t get bogged down at work if you are looking for a little more kick to your morning workout i suggest this mix,1,1,0.9666415270458817,1,1.7807174601603317,1,0.9968123,1,0.9910294
yummy as a cookie im glad it has no caffeine and i like these best with coffee,1,1,0.9890388429648741,1,2.4589245477739676,1,0.99972504,1,0.996599
i don’t know how these ever got past a taste tester they are the most disgusting taste ever and i’ve had tons of different protein bars they taste like pine treesmen’s cologneplaydoh i don’t even know it’s just bad and i couldn’t get past one bite,0,0,0.15414532222380506,0,-1.2697796472355924,0,0.00049582345,0,0.038792636
we have always really liked this pre the new individual packets are super nice however it is only half the regular serving,1,1,0.9237643647418871,1,1.6054960904136784,1,0.998434,1,0.9862802
pure powder nutrition hydrolyzed collagen peptides pros good quality all natural and nongmo has a list of amino acids on package mixes well in juiced no aftertaste i also like this packaging better apposed to the plastic tubs its less waste and takes up less space cons requires two scoops instead of one for an average amount of protein compared to other collagen products does not list the types of collagen it contains on the package,1,1,0.8066737058742921,1,0.4289297937422477,1,0.9758364,1,0.9957092
the flavor doesn’t quite have as much mocha as i’d like it’s very powdery and chalky tasting in almond milk with a blender ball but it does blend nicely i wouldn’t recommend nor buy again be cautious when purchasing because this item isn’t eligible for return,0,1,0.650359384459125,0,-0.21096125795470821,0,0.011912524,0,0.19124901
just got it hoping it’ll help thinning hair doesn’t sound like there are any downsides to taking collagen,1,1,0.7454919738152994,1,0.4031355312936752,1,0.9954308,1,0.97290945
the protein to calorie ratio is good but it is disgustingly sweet,0,1,0.9023326642158072,1,0.3842006301482882,1,0.8102209,1,0.939477
love the ingredients and the amount of protein they taste amazing,1,1,0.9690833069357843,1,1.8567032712944742,1,0.99903536,1,0.99702924
this was just awful i blended the powder with a smoothie and it was still awful i tossed it right in the trash,0,0,0.21918237743490956,0,-0.9273537232009628,0,0.002948522,0,0.033750422
im sure it doesnt work overnite so,1,1,0.7871639436664603,1,0.7325953000917098,1,0.9737202,1,0.8624436
i’m always looking for a healthy reasonablecalorie way to get protein and fiber in the morning that’s convenient and above all tasty these fit that quite well the texture is certainly better than most gritty bars and the flavor is fresh and bright,1,1,0.9650142627000852,1,1.7734131536763724,1,0.99648905,1,0.9957969
i add a scoop every morning to my hot coffee you will see results subscribe and save,1,1,0.9709876147052228,1,1.9192025024598254,1,0.99851006,1,0.9960439
great taste blends well no lumping i’ve been enjoying this product for more than a year now and i’m extremely satisfied with it,1,1,0.9765453667244726,1,1.8934792175200519,1,0.9995679,1,0.9971445
very enjoyable great tasting and creamy great to have a new change in a protein drink,1,1,0.9817994522446409,1,1.6879770715124995,1,0.99609584,1,0.99700457
cost was very good but this was shipped in soft bag instead of box all of cliff came press flat see attached pics,0,1,0.631666932744599,1,0.23926086276662561,0,0.35375738,0,0.23305967
this product is a good pre workout drink,1,1,0.9218570419475678,1,0.6048688868201975,1,0.6129091,1,0.9965922
i dont normally give protein bars stars because most dont deserve it due to taste and texture however i think these little protein bars are very good and are more like candy bars than a chalky tasting protein bar these are sweet and the chocolate is very good id put these in my tennis bag but theyd melt in the summer heat so i guess ill enjoy them at home,1,1,0.9410420424184981,1,1.2778798763179644,1,0.96163183,1,0.99414706
i put a scope in my coffee every morning it is tasteless and dissolves with no grainy residue in bottom of cup i have just finished my first container and started on my second this is a staple i definitely feel that i have more energy and feel more alert love it,1,1,0.9880797118197321,1,2.408598640949449,1,0.99986506,1,0.99674714
these are a most on my keto diet i use these as my coffee creamer and meal replacements,1,1,0.9802983539264393,1,2.1154241567566556,1,0.99995244,1,0.9966832
give it a solid c for effort the taste is soso but chalky and super artificial upon opening it smells delicious you dig in and it taste appley in flavor but start to get a gross aftertaste that horrible you start to have various tastes in your mouth quickly become disappointed wouldn’t buy this flavor again,1,0,0.4419042681432877,0,-0.3752751312941711,0,0.00038757848,0,0.14540175
if youre looking for creatine this is a great option there are no additives the only ingredient listed is creatine monohydrate other brands add unnecessary supplements and vitamins to up the price but that is not the case here also no included additives mean its a vegan supplement if that is something you are looking forbr br its odorless and tasteless perfect fox mixing into any drink or any other food item you prefer such as oatmeal they also include a little serving scoop which is perfect because that is not always the casebr br good price for the amount of servings you get overall this is a great option if youre looking to buy creatine,1,1,0.9468758326162602,1,1.283377134532136,1,0.9964386,1,0.9948777
this is great quality flavorless creatine for a cheap price save your money from the brand names and get this stuff in bulk it has just as good of a quality as any other company but for an amazing price like most creatines it is flavorless so you can easily put it in a shake or even just dry scoop it,1,1,0.9124173379103435,1,0.9956238930579162,1,0.9684789,1,0.995589
my husband i started adding collagen to our diet in sept were over and had started feeling a little stiffness in the joints occasionally in past we tried renew and vital proteins brands but in may we switched to forest leaf and like it best we definitely experience better digestion and less joint pain with it our nails hair and skin look and feel healthier we find forest leaf brand dissolves faster and tastes better ie no tasteeven in plain water than the other collagen brands weve tried its part of our daily regimen now and we are happy to support an independent family owned business give it a tryit wont disappoint,1,1,0.9659130052543311,1,1.3540413920054317,1,0.99744934,1,0.9961842
no taste and thats why i like it,1,1,0.7274088210981114,1,0.6348399174859753,0,0.49053445,1,0.99516547
pretty good low carb bar it tastes like a treat flavor and texture are good i prefer something sweetened with just stevia,1,1,0.9564852500354651,1,1.3308727746168345,1,0.9825517,1,0.99703205
ugh im usually so careful checking the ingredients because we have to be between migraine triggers and allergies well these caused issues and sure enough theres sugar alcohols and sucralose why i dont know since theres already sugar in it so these can go in the garbage and i think we are just going to start making our own from scratch,0,1,0.7979739285038093,1,0.03468380901756091,1,0.8439061,0,0.050753452
not sure why this creatine is different from others its more of a sugar consistency versus a powder consistency that im used to the consistency doesnt allow it to mix well with protein powder at all leaving you chugging straight creatine at the end we love now products but this was a big disappointment,0,1,0.7679473523542771,1,0.5646477703487819,1,0.66078585,0,0.0643129
this chocolate collagen tastes amazing i am usually a perfect keto chocolate collagen drinker but i decided to try this and i’m so happy i did this collagen is dark chocolate and tastes better than my previous brand this is a keeper😍😍😍,1,1,0.9029044299059397,1,1.017722988680729,1,0.5623197,1,0.99408394
had hoped this would help with back pain but it caused severe hot flashes,0,1,0.6070201643614355,0,-0.03927677876961322,1,0.85013133,0,0.07098185
very good product and good price was skeptical on if this would work and i would see results it took a while but i am definitely seeing results it is definitely a good supplement to a strong workout program but i would highly recommend it,1,1,0.976443522955122,1,2.0154278675000685,1,0.99987376,1,0.9968951
great bcaa mixed well tastes good love the results helps with my soreness next couple days after work out,1,1,0.9935770618318235,1,2.7132615750196583,1,0.99974996,1,0.9970739
been drinking this for about two weeks and havnt noticed anything drastic yetbr br these have no affect on taste when added to coffee or milk,1,1,0.8027428950713807,1,0.24959193280338715,0,0.36884075,0,0.4280347
long time user particularly now due to covid cant take any chances,1,1,0.8344624779577631,1,0.823467365604553,1,0.97155714,1,0.9892498
best whey i ever had vanilla is the one i like the most chocolate is a close second,1,1,0.8930493825978971,1,1.3479074630447945,1,0.9973362,1,0.99516606
for a variety of reasons i cant eat much chocolate or nuts except when i take lysine a life saver what would life be without chocolate,1,1,0.8045553599465284,1,0.4878902604441991,1,0.9778881,1,0.9789423
love them super yummy mix well,1,1,0.9801471652500661,1,2.0808287563822425,1,0.99973565,1,0.99671626
i am pleasantly surprised at the good taste of the peanut butter powder i’m ordering again,1,1,0.9135162767776382,1,1.176692392704477,1,0.99232095,1,0.9956007
videoidfaceebebfafe pretty good flavor no after taste,1,1,0.9467930533103722,1,1.418999852706008,1,0.9913017,1,0.99686927
this tastes so terrible and fake sweet that i can’t even drink it it doesn’t mix well on a blender bottle and the foam is unbearable to be short i would never reccommend or buy this again,0,0,0.23942234326078582,0,-1.2719041939048041,0,0.00095677475,0,0.033455748
it doesnt last long for two people but it is great tasting we use oat milk and ice cubes to make it nice and airy delicious itll hold you over for a bit,1,1,0.9610356600318393,1,1.4098045721888695,1,0.9991455,1,0.9956292
so far i love it i have stomach issues so i have to be super careful what i eat i was super scared to try this but did my research and the ingredients cleared fodmap for me so i tried and it did not cause any digestive upset it had a good flavor was not real gritty like some pea proteins are i am very happy i found my new protein powder and am very thankful for a company that put so much thought into their product i ordered the chocolate,1,1,0.635770136526307,1,0.3950321459758439,0,0.28158966,1,0.9917549
these are awesome small and sturdy they also double at home for cooking funnels i like them,1,1,0.9008031271124749,1,1.1360942264330784,1,0.99626946,1,0.99655825
use it daily and it does make a difference in my skin,1,1,0.9778105069805018,1,1.7566596465354105,1,0.99644816,1,0.996855
i start feeling with or days of use,1,1,0.9257202984204815,1,1.1687543416561712,1,0.88538176,1,0.993414
if i could return this product i absolutely would i started off with only scoop and that was followed by a massive headache and it is now three hours later and i feel like overall crap i’m having intense hot flashes i feel super anxious and just overall not well the only positive thing about this preworkout that i can say is that it tastes good aside from that count me out i do not recommend,0,1,0.700686837516923,1,0.2652195790722921,1,0.9878614,0,0.09956426
great taste and great value for price love it,1,1,0.9989979776607336,1,3.0956368432181107,1,0.9998946,1,0.99704665
ive been using this bottle for awhile and can tell you its worth buying over all the sizerubber grip and the colorshape everything in general is great pardon my english,1,1,0.9571789413348191,1,1.715918135532113,1,0.99822336,1,0.9912218
this collagen powder is truly flavorless with not aftertaste and it dissolves well in water i am very pleased with this after a few months on collagen i have noticed that my skin does look plumper and better i am very pleased with this product and i highly recommend,1,1,0.9782166273679991,1,2.3019390562877033,1,0.9999491,1,0.9967919
collagen is very important for the bones and join i take regularly specially being active thank you genius to have this amazing hydrolyzed collagen product i get to workout and run with less join pain and and it is great for the skin too,1,1,0.9735433925488056,1,1.7277400657128132,1,0.9986364,1,0.997171
nice product for on the go or on vacation taste good too,1,1,0.9406064896671135,1,1.3490109933142556,1,0.99333173,1,0.99688584
great tasting relatively well mixing overall good preworkout mix its not overly powering like some of those other crazy strong ones but this one is just the right level of sustainable energy a few tingles it seriously will get you boosted,1,1,0.9401110419313188,1,1.4246237547790463,1,0.99438524,1,0.9971124
i purchased lbs of pea protein thinking id never met a protein powder i didnt like well i met my match gritty and tastes gross so i tried mixing it with a variety of other substances but not all at once im not that dumb i tried adding coffee strawberries bananas coconuts peanut butter and more the sad reality was it also made each of those yummy items taste awful too i give up it wonbr buy the smallest size and see if you can swallow it first,0,0,0.4333820669365336,0,-0.36997904941618487,0,0.05765251,0,0.045535184
ingredients pea and rice protein fermented by shiitake mycelia organic cocoa theobroma cacao bean natural chocolate flavor with other natural flavors himalayan salt natural creamy vanilla flavor with other natural flavors gum blend guar gum acacia gum xanthan gum stevia leaf extract natural cream type flavorbr br the serving scoop that comes with this product holds tablespoons cup of this protein powderbr br prosbr br this vegan protein powder consists of pea and rice protein fermented by shiitake mushroom mycelia its protein digestibilitycorrected amino acid score pdcaas is the highest possible score of see belowbr it blends well into liquid without any lumps using a wire whiskbr it contains no sugar it is sweetened with steviabr it has a mild inoffensive taste that is bearable to drink when blended into plain water it is flavored with cocoa powder and stevia to offset the taste of the pea and rice proteinbr there is a moneyback guarantee for up to days which is offered stressfree directly through amazonbr br consbr br this protein powder comes in a container made of thick plastic regardless of the claim of the plastic being a recyclable type less than of plastic generated in the us is actually recycled there is no good reason why this product could not be packaged in a biodegradable resealable kraft bag instead of a plastic containerbr there are far too many unspecified “natural flavorings” in this product what are they who knowsbr there is no information as to the source of the “pea and rice protein fermented by shiitake mycelia” given that this is crucial information for the consumer i am greatly surprised at this oversight given the good reputation of its most likely manufacturer my findings on that probable manufacturer are included belowbr all vegan protein powder is expensive but this brand is especially priceybr br premiere manufacturer using mushrooms to unlock the full potential of plantbased proteinsbr br the manufacturer of the main protein ingredient in this product is most likely myco technology mt a us corporation located in aurora colorado according to dun bradstreet mt was established and incorporated eight years ago in mt has total employees and currently generates million annually in sales usd it originally received venturecapital startup funds in the amount of million from kellogg’s tyson foods and müller the largest milk supplier in uk all of which have utilized its specialized plantbasedprotein technology for their growing product lines of plantbased meat and dairy analogues however they are not the only companies that mt sells their specialized plant protein tobr br the trademarked technology mt uses is called fermentiq™ this process involves fermenting pea and rice protein with shiitake mushroom mycelium in order to improve their taste and aroma which is pretty ghastly on its own increase their ability to dissolve in liquid and enhance the degree of viable protein in them because of the special way the pea and rice protein are fermented with mushroom mycelium their “protein digestibilitycorrected amino acid score” pdcaas achieves the highest possible score of pdcaas is a method of evaluating the quality of a protein based on both the amino acid requirements of humans and their ability to digest it note this rating was adopted by the us fda and the food and agriculture organization of the united nationsworld health organization in as the “preferred best method to determine protein qualitybr br mt has also developed a process called cleariq™ which is an organic bitterness blocker which makes it possible for food and beverage manufacturers to utilizes far less sugar salt fat and other flavorings to mask bad tastes that naturally occur in various processedfood ingredients—especially pea and rice protein it is very likely that this process has been utilized as well on the pea and rice protein powder included in this product,1,1,0.8589604275005199,1,0.5913415026444276,1,0.90109736,1,0.99527836
i mix with water to save on calories easy to mix up tasty,1,1,0.9574419514890962,1,1.6140193889855576,1,0.999782,1,0.99707735
more bang for your money faster results too,1,1,0.7569487999113896,1,0.5206009695244025,1,0.96654564,1,0.9932406
did not helpwork as other nac has i was gaining weight each day clothes did not fit i only did one thing new this so i opened a capsule not as other brand this company is owned by nestle now you were warned,0,0,0.31507149491278014,0,-0.4676061887997375,0,0.3531742,0,0.041747034
my body fat drop a little more while on this,1,1,0.9461988094867642,1,1.6163446812486773,1,0.91570383,1,0.93707424
i have used amino energy for years absolutely love amino energy but this is the first time i’ve had one that tasted absolutely awful chemical aftertaste bitter i don’t know if it was a bad batch or what happened they replaced it but i’m afraid to try the replacement,0,0,0.27899906972083766,0,-0.8304067060231162,0,0.15453707,0,0.11147408
impressed with both the texture and taste of this collagen nice balance of sweetness with a tasty mild vanilla flavor l like the container is sized for less plastic waste and is more environmentally friendly l like the transparency of the nutritional panel on this product and osha’s also helped me with my regularity l highly recommend this product awesome,1,1,0.9431135471078839,1,1.407728312344552,1,0.9994425,1,0.9971379
im not used to sugar substitutes so this product left an after taste and isnt something id continually buy if you are used to sugar substitutes the after taste is very mild compared to a lot of other products theyre really expensive to me though,1,1,0.5589040445080045,0,-0.2832554146988763,0,0.13724566,0,0.19706365
this supplement gave me a migraine tried it four times and each time either a bad headache or migraine beware,0,0,0.3529616306163078,0,-1.4240380939558297,0,0.0021965494,0,0.058029074
good for the price had to go out and get a scooper but overall that means it’s cheaper to buy separately,1,1,0.8883341798726023,1,0.8799248685708219,1,0.9948462,1,0.98022914
listen to your heart beat,1,1,0.7805984807919012,1,0.6402633102025114,1,0.99587965,1,0.9943504
i apologize for giving a bad review this product was not cutting it for me i took less than the recommended dosage and i still had stomachaches it got so bad that i couldnt focus at work and would constantly be in the bathroom i stopped using the product and ive got back to normal,0,0,0.17904471355066076,0,-1.7585673798216677,0,0.0005206545,0,0.05501012
taste great with water or milk mixed well with no clumps,1,1,0.980462626764615,1,1.58345354082308,1,0.9977725,1,0.99720937
i mix this with milk in a shaker cup the taste is fine but when i go to wash the cup afterwards there is alot of unmixed product clinging to the inside of the cup alot of product to the point where a significant portion i originally put into the cup is wastedbr br i was using one particular protein powder most of the time which mixed much better than this product but thought id try something different i will not use this product again,0,1,0.6605227014760082,1,0.3992984081461892,0,0.10184282,0,0.057202432
exactly what i was looking for great flavor same product that i buy in store but a better price will be repurchasing,1,1,0.933253507974695,1,1.176433694174157,1,0.9871759,1,0.9872224
excellent product,1,1,0.9500887846288836,1,1.2274008304401123,1,0.9956476,1,0.99666613
premier protein is trying to replicate lay’s by selling oxygen advice for designer make outer plastic packaging harder to rip off or save bucks and increase profit by using less material to make a smaller container,1,1,0.7901639041088245,1,0.05573478146103361,1,0.98200905,1,0.98854476
👍🏼👍🏼,1,1,0.7944206329076468,1,0.529492455724013,1,0.74101907,1,0.9880995
the issue is that they’ve added mct oil last time i had this when they carried it at target of all places i had zero issues and it tastes great even in water i mean great for a vegan protein powder well today is the second day i’ve had this and wow wow wow not good my stomach has revolted big time and i’m sure this is the cause because i had one slice of canyon bakehouse bread toasted w tbsp cashew butter and i eat that literally daily annnndddd i had two scoops of the aloha protein powder mixed with unsweetened almond milk again i use this almond milk all the time i’d say less than an hour later things were not good do not get this it’s like they’ve tried to add a keto ingredient that’s completely unnecessary plus it’s really gummy it’s gross it’s like drinking gritty sludge not the same not sure what all they did but i’m fairly sure it didn’t have mct in it when i used to buy it a year ago in store,0,1,0.5743344373080287,1,0.437149957136788,1,0.8440963,1,0.7725266
if you’re worried about a weird taste there isn’t any i think it’s best used in a smoothie or flavored water,1,1,0.8822879511206175,1,1.1153826176427897,1,0.99381554,1,0.9816077
i selected these bars for my son who is always looking for quick easy and healthy snacks these proved to be an interesting snack and everyone in the house tried them the reactions were mixedbr br these are plantbased bars and the dominant flavor is date i could taste the date over everything else in these thats not a bad thing unless you happen to dislike dates the cocoa flavor was subdued and these are definitely not particularly sweetbr br the texture is the most interesting aspect of these to me these are mostly smooth with some chew and they are soft enough to break apart easily though these are not crumbly at allbr br so some of us in the house liked these while others did not my son for whom i got these didnt care for how little sweetness they had while i liked the amount of sweet they actually do have i am not into highly sweetened foods so this worked out well for me have i had better yes i have but i have had bars that are much worse toobr br these are nice little protein bars that have a mild taste arent overly sweet and taste primarily of dates theyre convenient to have on hand and they are about the right size to handle cravings,1,1,0.8158820680214887,1,0.8650114850954074,1,0.99952435,1,0.9886761
i don’t know if this did it or not but my trycliceridesand cholesterol went down to recommended levels,1,0,0.36488089735266205,0,-0.5796988653414652,0,0.040497344,0,0.34224087
makes me feel stronger with less pain my skin looks better as well,1,1,0.9767273011545125,1,1.6985180036344607,1,0.9983113,1,0.99652356
i read lots of reviews and i thought perhaps i might have trouble mixing this but no it mixes great i use a shake cup with a steel spring ball and no problems at all sometimes i add peanut butter or even cocoa for avocados i have to use a mixer but this is great for keto diet and the price will not bankrupt me as i go through a box in a week,1,1,0.9161100895820791,1,0.875539445132748,1,0.8837032,1,0.99437827
love this flavor and don’t sell in stores anymore,1,1,0.8585860134839053,1,0.3367373311872141,1,0.7863834,1,0.9910142
i like the dragonfruit flavor the best test even better ice cold good way to sneak some extra protein in not sweet but the right amount,1,1,0.9087435922273118,1,1.1765615327793377,1,0.9882057,1,0.99704236
this did not taste like coffee more like vegetable soup,0,1,0.5689928803411841,1,0.546500163938613,1,0.9786847,0,0.15100902
i love jarrow brand productsgreat quality at good price,1,1,0.9721102732613341,1,0.9197320335109143,1,0.9927729,1,0.99667215
great taste works great and no stomach issues,1,1,0.9921233590017231,1,2.5418938555801427,1,0.99984086,1,0.99696857
great flavor and texture more like a candy bar than a traditional protein bar i really enjoy it,1,1,0.9723302631869642,1,1.4253765376844605,1,0.99737,1,0.997109
videoidaebbfbbbcfddffc i have trusted jym products for quite some time so when i recently discovered that they offer branched chain amino acids bcaas i was excited to check out their formula based on the research ive done online and in person with trainers and athletes the ratio is the best for optimal results ive seen some companies increase leucine in their products but a or ratiorather than a actually impedes the effectiveness of this trio of amino acids that includes leucine isoleucine and valinebr br this tub of bcaas has about servings at ounces each so even though the tub isnt near full which leaves plenty of room to scoop without spilling theres well over a day supply herebr br its recommended that a scoop be added to ounces of water but i feel like the grape candy flavor is really sweet and i like it better with around ounces of water and then i add ice to tone it down the directions say it can be used as a dietary supplement during a workout or throughout the day when not training people might take this supplement for a variety of reasons but i take bcaas to reduce muscle soreness and fatigue as well as to help prevent muscle loss as i age so far this formula has helped me feel better postworkout and i feel like i have more energy throughout the day on days when i do exercise and even on the days i dont trainbr br i have a difficult time getting the powder to mix well in water without the use of an electric whisk even then there is some minor grit as i drink it and residue remains on the inside of my glass when i finish i rinse the glass right away and swirl the water to get whats left and i drink it down so i dont waste anybr br each g serving a single scoop has calories g carbs and g total sugars the branchedchain amino acids are lleucine g lisoleucine g and lvaline g other ingredients include citric acid dextrose natural flavor sucralose calcium silicate silicon dioxide acesulfame potassium and sunflower lecithinbr br allergen note this is produced with equipment that also manufactures products that may contain egg milk soy and tree nut ingredients,1,1,0.9004382600452507,1,0.5951086743489042,0,0.06249395,1,0.992384
mixes well smells good not enough flavor for protein oats or anything a horrible medicine bitter aftertaste if you like aspirin or bc powder crushed into your apple pie flavored protein powder this is for you,0,1,0.7870392190509894,1,0.27380986962943077,1,0.8332285,1,0.9774564
i was so excited about these because i love chocolate peppermint which is what the product advertises however the bars themselves have zero chocolate no chocolate flavor no chocolate coating nada they taste kinda like protein toothpaste ill get through them because they are expensive but out of people in my house who love peppermint none of us like these ill continue to get quest bars but never these again,0,1,0.7540765802933057,1,0.17174570187116894,1,0.7575051,0,0.09711444
i am hooked on these its hard to find anything prepackaged keto that only has total carbsbr i use them as a candy replacement when i just have to have something sweetbr the chocolate dream are okay i eat those with a few berries or a half teaspoon of almond butter spread on topbr the peanut butter i eat straight up theyre my keto friendly buddy bar replacement,1,1,0.9067898116269165,1,0.7644624571261887,1,0.99882585,1,0.99593073
very good,1,1,0.9665429845363974,1,1.3223424739546825,1,0.94442165,1,0.9966683
great tasting relatively well mixing overall good preworkout mix its not overly powering like some of those other crazy strong ones but this one is just the right level of sustainable energy a few tingles it seriously will get you boosted,1,1,0.9401110419313188,1,1.4246237547790463,1,0.99438524,1,0.9971124
i wanted to like this product couldnt get it down i scoop with water extremely hard to mix and seemed overly thick tasted awful might have gotten an older product will not purchase againbr br update checked the bottom of the canister use by date october,0,0,0.16626849571209315,0,-1.678971550204094,0,0.002288303,0,0.036057297
love one bars my fav bar out of all bars,1,1,0.9244404273160532,1,1.0555930010200134,1,0.9894656,1,0.9948272
this is the only powdered greens product weve tried that actually tastes ok we bought the vanilla flavor and really cant taste it at all in our smoothies which is what we prefer it also doesnt affect our smoothie texture at all which is great but we like that we are partaking of greens in addition to vegan protein a winwin,1,1,0.9025522976088108,1,0.9986264992721978,1,0.99827397,1,0.99287283
good healthy sweet snack with protein hits several boxes and takes away hunger for a couple of hours,1,1,0.9315228719137707,1,1.316623976200188,1,0.9979557,1,0.99685466
some of the best tasting whey protein bars on the market ingredients are pretty standard stuff you find in many brands and i like that they are relatively low in sugar and overall carbs i tend to stick with the snack size the full size bars pack around calories and are a bit much for me the snack size has half the calories and is about the size of a standard protein bar,1,1,0.9486290536299419,1,1.090458013531681,1,0.9710702,1,0.99665487
if the price was a bit lower id have rated it five stars seems to work well though,1,1,0.9324292304759206,1,1.8658936454880393,1,0.9999006,1,0.99278086
as a lot of the slightly aged peoples that have done reviews about this product i decided to add this product to my walking as a way to boost energy and recovery was the placebo sent to me on accident after two months there isnt anything remarkable to write about at least it didnt reduce my abilitiesbr br great price though but not really noticing a difference,0,1,0.7848932358951141,1,0.32986158353367145,1,0.68004847,1,0.7614114
i am years old and have tried every known protein concoction known to man i stand to gain nothing from my review this brand is excellent to me it is the smoothest blend i have ever seen almost like a silky texture sort of like when you bar clay your car and wipe your hand over the paint i ingest it every day with almond milk and mix it in my blender it possesses all the ingredients i need i will always purchase this particular brand as long as i am financial able to,1,1,0.8935495979593792,1,1.0817960280739756,1,0.99940693,1,0.99567324
still am happy that this is a plant based product with a decent fiber amount even though there are better powders with more vitamin content this brand is fair i have the chocolate and the vanilla flavor mixed with plain yogurt and almond milk a few berries or banana blended well gives it a decent meal replacement for a lunchtime drink,1,1,0.9852646065903631,1,2.199824451950843,1,0.9997389,1,0.9965834
i’ve tried other flavors but crunchy peanut butter is definitely my favorite love the crunch and fies not taste like an energy bar,1,1,0.9621443313959634,1,1.4629136206041613,1,0.99437547,1,0.9965396
one before a race and one more every miles this product carried me to a mile finish no stomach upset and a nice burst of zoom when it kicks inbr previously used the energized version but found the heart rate spike wasnt worth the extra energy,1,1,0.7973829270131405,1,0.788290656611331,1,0.99134594,1,0.94149053
easy to order promptly received good for me and tasty with ice frozen fruit,1,1,0.9678547006829867,1,1.761948901344748,1,0.9992592,1,0.9965604
im weeks pregnant and this was recommended by midwife i use my ninja and add unsweetened almond breeze milk handful of frozen blueberries one banana sprinkle chia seeds and a scoop of protein delicious packed with nutrients for healthy momma and baby i got chocolate and flavor is excellent,1,1,0.975336057984758,1,1.606441751903985,1,0.9997688,1,0.9970306
i just learned about verisol from the budget dermatologist we drink this in addition to our regular collagen drinks this doesnt replace it its like a booster if someone handed a glass of this to me and didnt tell me what it was id think i was drinking any one of the flavored drinks like mio or crystal light it is sweet with just oz of water so i just use more water to dilute it down to the way i like it ive seen several reviews lately for various collagen drinks with people complaining of this one or that one being too sweet and theyll never purchase again just add more water or less powder were not robots programmed to mix it exactly the way the directions state if anything is too sweet or strong keep adding water until you like it the goal is to consume the scoop size of powder they dont care how much water we drink with it,1,1,0.5738323595124292,1,0.14727679167902435,1,0.9763648,1,0.8619333
i used to buy a few count boxes every month i dont know what happened but theyre no longer tastybr br i cant quite describe the taste maybe its like oatmega reduced the amount of chocolate they used and replaced it with chalk literally i would imagine this is what chalk tastes like a bit earthy but mostly flavorless with a hint of chocolate aroma,0,1,0.5794336063269637,0,-0.1875469099004664,0,0.10215759,0,0.16004486
this product is probably the best pre workout ive ever taken i consume a scoop hours prior to workout so im able to sleep at night very powerful stuff with no jitters,1,1,0.9327145951714417,1,1.3756102989420036,1,0.9998909,1,0.9960574
i have tried many different vegan protein powders and this is so far my favorite it does not have that bitter rough taste and it blends really well the vanilla is not super overwhelming which makes it even better also i am a runner and this product does not upset my stomach which eases my runs,1,1,0.8148150760174355,1,0.5448863095417562,0,0.116604306,1,0.99653614
this preworkout made me very nauseous after min of ingestion i tried it again the following day and started to feel sick about half hour in i attempted to return it but that option isnt available for this itembr br why does this feel like a scambr br i lost my moneybr im stuck with a product that makes me sick to the stomachbr i still have to shop for a good pre because this isnt it,0,1,0.6442868960739012,0,-0.36714642073976533,0,0.0090252925,0,0.03899405
this powder is a great alternative to liquid mct oil for use in cold beverages mixed in foods or when traveling,1,1,0.9041484286010466,1,0.47799471967754914,1,0.84090984,1,0.9954651
helps to keep me from forgetting to eat during the hour work day taste good and high protein,1,1,0.9662789638953817,1,1.5435076514085366,1,0.9985587,1,0.9968045
if your going to buy lbs i assume youve already tried and love whey protein and this brand its not like its gunna go back right so i splurged for the lb and have separated it into a couple smaller air sealed containers the size for storage sucks so i highly recommend breaking it up but the bang for your buck is hard to beat,1,1,0.840238620961839,1,0.9310824409058787,1,0.9988249,1,0.91458327
like everything about it,1,1,0.8783170735681963,1,0.9622955783942098,1,0.9853758,1,0.99060667
this product did not help me fall asleep or stay asleep i used it for about a week and it never got any better i will stick to my melatonin,0,0,0.4810347253061694,0,-0.514007374299096,0,0.022025952,0,0.042166542
ad shows two canisters i am disabled and on a very limited budget so i was so happy to be getting two canisters the price was still rediculous but for two i was ok you get one canisters for this outrageous price totally misrepresented and a scam in addition the seller is rude and takes no responsibility for the misleading pictured item,0,1,0.6993906450019106,1,0.13206638899626238,1,0.82521284,0,0.043718502
i love the flavor and natural taste,1,1,0.9642351447559965,1,1.6143907089028882,1,0.9932805,1,0.9968759
flavor is wonderful and no chalky taste like some protein powder container was damaged during shipping but thankfully did not affect the taste of this product,1,1,0.611330901026616,1,0.2321910117230831,0,0.08110791,1,0.99348783
my go to protein it has everything you need with none of the extra stuff blends great whether in a shaker bottle or blender,1,1,0.9794354856106002,1,1.7213980762177064,1,0.9903679,1,0.9969414
ive had knee cartilage issue for a little over a year and recently been taking this product with coffee for the past several weeks the knee pain has reduced a little and my knee function seems to recover slightly will keep watching,1,1,0.944180861005783,1,1.7485330252193265,1,0.9999311,1,0.99360234
blends well with good taste,1,1,0.9918851819440265,1,2.5117217282811057,1,0.99942845,1,0.997027
easy to use,1,1,0.9885299256954355,1,2.4762547848935696,1,0.9974656,1,0.99613285
this product is delicious i like that it’s vegan and has very little ingredients,1,1,0.9691478735848021,1,2.071024228636447,1,0.9743114,1,0.9967451
i once had a plant based protein and it was super gritty and just overly unpleasant i can not say enough about this product it blends nicely in my smoothie no off taste like with whey proteins i also tried it plain with just water and i wasnt upset give it a try,1,1,0.730745534412106,1,0.2650021965424856,0,0.15929832,1,0.53929526
maybe im doing something wrong but any way i try to mix this powder it stays in clumps absolutely refuses to dissolve at all handheld mixer shaker bottles blenderjust creates tons of foam and still doesnt mix it to the point where im throwing out most of it at the bottom because i cant handle eating chunks of powder tried adding a tiny bit at a time didnt work and who has that much time even tried room temperature milk didnt make a difference and ew room temperature milkbr br i got the unflavored and it honestly tastes fine it reminds me of unsweetened corn flakes too bad i cant figure out how to consume it without gagging on powder clumps,0,0,0.32125870161603964,0,-0.6122887761347586,0,0.024582492,0,0.3544053
kids not a fan of the flavor is dark and thick but they tolerate when you add it into some milk they prefer it cold its hard to open with layers so kids cannot open it themselves,1,0,0.48705627302564014,0,-0.7713792889805846,0,0.0020267852,1,0.721793
added protein in my coffee with the benefits of all five collagen groups,1,1,0.9707608476823953,1,1.9407395609479823,1,0.99942756,1,0.9965168
i love the other flavors tried like different ones now but cookies and cream i super wish i’d looked at everyone’s photosreviews the date says they are good for another year but they looktaste like they went bad in the carter administration… maybe grant stay away i’d bought the flavor from different sources and they are all junk,0,1,0.5107679067402361,0,-0.15754825159125696,0,0.0139242355,0,0.06437078
i absolutely love these it’s like a rich desert without the guilt,1,1,0.9223028484892751,1,1.3218775511445675,1,0.9993387,1,0.9962058
if you dont drink coffee or soda but want to stay awake take these instead contains two cups of coffee worth of caffeine and one pill lasts a whole work day for me does not interfere with my sleep im more alert and active during my workday i also dont see the point of nasty tasting energy drinks when i can drink what i want with one of these,1,1,0.8955466145232481,1,1.1996743042519644,1,0.9805629,1,0.9755868
i have loved these bars for many years and for some reason i never get sick of them they taste awesome and buy them regularlybr for some reason i dont like bars with chocolate in them because its usually a low calorie version and tastes horrible i love chocolate but better chocolate than is in more protein bars i like the yogurt taste of thesebr only down side is they are an point bar for weight watchers so likely too much fat and sugar because that is what ww scores high for points,1,1,0.8891091175882869,1,0.6958564735021365,0,0.21254337,1,0.9925379
not worth it for the money,0,0,0.25117961645540854,0,-0.34028650038361263,0,0.32995567,0,0.048929706
perfect size shape small handle for hook no leaks great metal ball second one i’ve ordered and i would order again lightning quick shipping,1,1,0.9421984686844831,1,1.533316017689098,1,0.99938357,1,0.99526346
i take this daily it is flavorless and is able to be blended into my coffee easily i notice less back pain and aches when i take this,1,1,0.9298238915334752,1,1.0930183887488005,1,0.97974795,1,0.9965204
expensive but this is helping heal my partners stomachesophagus from a bout of gastritisreflux the vanilla flavor seems unnecessary though,1,1,0.8957015202350651,1,1.42433461674849,1,0.9975695,1,0.9883852
i had high hopes for this product i really did i read that most people put it in their coffee every morning i am not a coffee drinker i tried putting it in milk water tea it’s horrible to stomach it has a chunky texture horrible taste and horrible after taste i just can’t stand it so glad i am able to return i will be switching back to the collagen pills i only was able to take it for one week and didn’t see any differences in one week but i’m sure it takes longer,0,0,0.24845561651608017,0,-0.7982810247554544,1,0.5798856,0,0.1275713
so tasty,1,1,0.929176270908765,1,1.1626053963416751,1,0.9730714,1,0.9967481
mine came and they were all white and not expired looking i am excited to try them i have heard they are great for gut health and memory,1,1,0.6383869553010406,0,-0.37277213152059163,1,0.996754,1,0.98939383
really liked the strong punchy taste think it helped certainly no weird side effects contains lots of stuff must be doing something,1,1,0.7382084243519578,1,0.6033698199471624,1,0.99864894,1,0.99333453
after eating one bar i can tell the ingredients are very clean so many healthy bars out there that just arent this is not one of those im sending some to my grandchildren 👍br thanks for a great product,1,1,0.8652544342228536,1,0.7341161862311183,1,0.6768237,1,0.9881429
im slowly working my way through every single protein powder on amazon thats sold in lb tubs or greater this one is a middleoftheroad powder not offensively sweet which is nice there may be a vague hint of the ice cream part of chocolate ice cream but not much it has a proteinchocolate flavor the powders with a higher protein content tend to have that typical bitter flavor profile but it isnt too noticeable decent consistency sort of creamy which i like mixes well especially if you let it sit for m but not the thickest powder ive had no gastro issues that i can tell at least so farbr br so its okay i only use powder for maintenance not bulking and this seems up to the task i have no particular reason to order this powder again over any other but if you are just getting started on protein this will do fine,1,1,0.7457045713740934,1,0.47661186297341285,1,0.9984226,1,0.99445313
delicious and keeps you full i mix with chocolate collagen powder and hemp seed powder,1,1,0.9612767992170187,1,1.5067739339621669,1,0.9926957,1,0.99683595
i’ve only used other brands of preworkout both made me itchy and were expensive i tried the “non elite” version of this pre and really liked it the elite gives you that little extra kick i am a repeat buyer now great flavor no itch and a great price,1,1,0.9490474026844221,1,1.5752674066678094,1,0.9998926,1,0.99357116
i ordinarily like to start out mentioning pros on products that i review so here goes its low on sugar with grams per serving and has an okay amount of protein at gramsbr br thats about all i can say about this protein powderbr br the powder is very clumpy and difficult to mix into water it creates a drink that is as thick as a milkshake which i would ordinarily call a good thing in this case its more of a chalky gritty texture that sticks to your tongue and the roof of your mouthbr br while i would like to tell you what it tastes like i cant there were hints of flaxseed and unsweetened cocoa with something that i couldnt identify whatever that something was wasnt greatbr br overall i would recommend skipping this one at for servings this is too expensive to be as awful as it is,0,1,0.6023964504525591,0,-0.3095610122223972,0,0.008152793,1,0.80900717
great product,1,1,0.9910199861615988,1,1.630876905865732,1,0.99142504,1,0.99691916
this pre workout gives me the same pump the dollar gnc brand did so for you can’t beat that it’s a giant container with maybe filled up but it lasts the amount of days it states,1,0,0.4946895748457803,0,-0.8853116634431171,0,0.118238084,1,0.88394964
i loved the taste of it,1,1,0.7996440232700153,1,1.1760455896970154,1,0.9955271,1,0.99179405
its a bit disappointing purchase very chalky and doesnt dissolve in water the only way to usenis to add to smoothies which makesnit hard when you wanna consume it during the workout,0,1,0.649715252691044,1,0.172734837551127,1,0.9054895,0,0.32796907
i think this watermelon tastes pretty good its even better mixed with the limeade these all come in nice fruit flavors that mix well together i do think the bcaas have helped my shoulder heal a bit i also upped my protein and started taking a creatine supplement all very helpfulbr br like i said this tasted good but there is a slight weird after taste and a weird smell i dont know if its the coconut water powder or the sucralose but thats why i didnt give it five stars i also dont like to drink sucralose and i wish they talked more about where the bcaas come from country of origin etc there are some vegetarian sources that i prefer,1,1,0.9196615380678947,1,1.4009667506186863,0,0.13975047,1,0.99200493
absolutely love this protein powder it mixes perfectly in my morning coffee it is so smooth and easily dissolves does not leave you with a chalky taste or texture in your mouth only wish it came in a larger size package,1,1,0.9662625157039548,1,1.8757796228126205,1,0.9978904,1,0.9961689
while i was slightly disappointed that the flavor wasn’t as pronounced as i had hoped this is a great product the value is excellent because you’re getting quality protein without all the added ingredientsbr br it doesn’t bother me that i need to emulsify with my frothing blender because i always do with powders i never enjoy using the shaking method as i don’t ever get a smooth drinkbr br lastly if you dislike stevia or are sensitive to the taste of stevia you might not like this powder it’s a big enough tub to split up between a group so several people can try it those of us that shop for protein powder can easily attest to spending on way too many that are not ever going to be used,1,1,0.7535142011266167,1,0.6802555894680172,1,0.5063758,1,0.98540384
i just realized this item is not eligeble for returnbr i want to exchange this for another product from the same seller if possiblebr its very crumbly but worst of all it tastes like really old fat like fat that has gone bad it leaves a disgusting aftertaste i am not able to eat thisbr br if possble let me exchange it for the coconut bar that was awesome,0,0,0.16269102852876174,0,-1.3874619916473745,0,0.005876997,0,0.0767445
leaves my skin soft and moist,1,1,0.8676830920248716,1,0.7728801574326997,1,0.96294516,1,0.9775258
its not terrible but its not one of the better tasting vegan protein powders they are all pricey all have issues with mixing without using a blender all lack the creamy loveliness of a whey based protein powder however with all of that in mind this is one of the better ones the taste though it requires mixing in with other stuff just with water no,1,1,0.8387110682260601,1,0.9816992355622204,1,0.9987048,1,0.9852431
i have been taking this as a supplement in my coffee every morning i use it instead of creamer it fakes me enough that is is cream because of the color i have noticed after about months of taking my hair got even thicker and my nails are not as brittle as they used to be they dont peel and fold over like they used to sometimes if i remember i rub coconut oil in nails too but i believe its because of this collagen powder,1,1,0.8716106906954264,1,1.0757070418422001,1,0.9986576,1,0.97312295
i bought this because it had none of that awful stevia or other sweeteners that might be questionable to health but was still sweet with very little sugar i also like it because of the protein blend which is awesome and very good for you i recommend not using two scoops as directed but only one because this way the smoothie tastes better i suggest using ice water andor fruit juice ice and water is better and then using other whole fruits for your smoothie with this protein like banana peaches strawberry and cherries because of their antioxidants and potassium remember that adding greens to smoothies is not a good idea because you need chewing and saliva to break down the greens componentsblending greens lets some of the less desirable compounds slip through without being broken down and user friendly a great company with great products aloha name is appropriate as well,1,1,0.8504840064281783,1,0.47332811078647086,1,0.9803182,1,0.9919676
i have tried different flavors of the pe science protein all of them are thick i use them in shakes protein ice cream protein lava cake etc the powders are very versatile and go well in any form my favorite flavors were the peanut butter cup chocolate frosted cupcake and peanut butter cookie snickerdoodle wasnt bad but my least favorite by far was strawberry cheesecake it taste absolutely nothing like cheesecake and it it has a very protein like taste,1,1,0.9299568965145475,1,1.4937783687558306,1,0.70913947,1,0.99192715
really good,1,1,0.9831480373235846,1,1.5373979726759472,1,0.9832252,1,0.99672663
absolutely deliciousbr br these are by far the best energy bars ive ever triedbr br they have the texture of a soft tootsie roll and delicious strawberry flavorbr br they are chewy not dry and crumbly sooooooo tastybr br low in calories and keeps me full for a few hours yes pleasebr br if you love strawberry you wont be disappointed with these gems i absolutely love thembr br i hope this was helpful,1,1,0.8746819309153373,1,1.0618611112351062,1,0.9996383,1,0.9962322
yummy,1,1,0.9420360203113249,1,1.7715079398110225,1,0.9993711,1,0.99626666
i was on adderall as a teenager and after hs i stopped taking my rx i couldn’t stand it and it caused stomach pains as well as barely having hunger i always felt like an intelligent zombie lolbr br i heard about this supplement l tyrosine and i’ve only taken it for a few days now my hunger is a bit suppressed the rd day but my alertness has perked up i get scrambled when things are hectic or i can’t find the right words to speak when explaining something i can tell a difference already though so yaybr br the rd night i barely slept though just awake not exhausted which is odd but maybe i took the supplement too late or didn’t eat well enoughbr br i am and i’ve always been pretty healthy but i’m on a more thorough health journey i will update as time passes,1,1,0.8962160757376105,1,1.1137663201078696,1,0.99759763,1,0.79834664
love this product i have it on auto order,1,1,0.9240936393266521,1,1.2283929504656483,1,0.99853826,1,0.9964701
this formula contains mct oil and cleans wherever it goes good for my husband but not for me because of the laxative effect of mct this is my second can purchased through amazon the first can was no problem but as they have changed the formula and gone from a black can stating collagen peptides and bone broth to multi collagen protein i have felt a stomach upset and diarrhea ill be switching to warrior strong wellness from now on i do think ancient nutrition is a good company and the owners put out a good product but mct should be listed on the ingredient list luckily i heard jordan mention this ingredient on tv which was a red flag for me about their multi collagen protein there for one star for me on this one,0,0,0.4186812194574507,0,-1.1561694952766501,0,0.021000989,1,0.96153826
all three of us like it husband wife and dog,1,1,0.7732156426711531,1,0.5143592974721398,1,0.96695006,1,0.9911281
i bought this for post workouts and for after really hard days at work tastes great and a reasonable price will definitely buy again,1,1,0.9151641496812434,1,0.9086924538110938,1,0.99884474,1,0.9969409
i got this protein powder to mix up my sources of protein and add more variety than whey but i wanted something versatile that i could add to things rather than drink alone i drink these with my fruit veggie dairy smoothiesbr br this was a great vegan powder i usually dont mind vegan powders but this one does a great job overall i appreciate that the scoop for g of protein is actually quite small smaller than any whey ive seen it mixes well though and is a much smoother powder than most whey proteins it mixes well in these diverse smoothies and i never even notice the protein is in them and it doesnt thicken the smoothies much the taste is usually the biggest question and id give this a there is no taste i have never drank it alone but in smoothies i never can tell theres an unflavored protein in it i always prefer flavor variety in my protein drinks and i appreciate that unflavored gives me so much flexibility to make my own drink while getting my whole foods and natural nutrients at the same timebr br if youre looking for a new protein powder and want to try something that requires less liquid to mix while not sacrificing protein per serving this is a great alternative also if youre looking for something to add to smoothies or other drinkssupplements then this is the perfect vegan alternative,1,1,0.977822472441811,1,1.9844953275712764,1,0.98879695,1,0.996655
i like it this is my second order i see results and i will order it again,1,1,0.9021022985776888,1,1.2612323654340145,1,0.9985241,1,0.99633336
great ingredients just trying to be jacked like zach in shazam lol but overall great quality product great pumps good flavor,1,1,0.9879116915067706,1,1.6665576447742367,1,0.9994386,1,0.99682814
this tastes okit doesnt ruin a smoothie or make it too thick but i wish it were sweeter it says it has stevia in it but i cant really tell just a touch more sweetness would help my smoothies taste a tad better but weve bought this a few times and im sure will continue to,1,1,0.7701349707676132,1,0.5579139305963036,1,0.9989604,1,0.9854252
i mix with about a cup of milk in a small blenderbr works good,1,1,0.9784919582451437,1,1.95904247926697,1,0.99922645,1,0.996807
great cup for my shakes,1,1,0.9858838881880142,1,1.5112929684182623,1,0.9967694,1,0.996874
dont have much pain purchased unflavored and it was fine,1,1,0.8490033060193299,1,1.110878840897083,1,0.9843088,0,0.28205284
i honestly love this preworkoutbr br i hate stimulant preworkouts think like cbut unfortunately they did give me the right focus and motivation when i was working out but i hated feeling like i was on crack those type of preworkouts also made me become hyper sensitive to caffeine and i started getting anxiety so i had to switch it upbr br after a year off of pre workouts i hesitantly decided to give this a try it was a happy surprise it gives me the focus i missed from pre workouts without any of the stimulants that made me feel like crap and also made me crash afterwardsbr br my workouts are back on point and the pump is also quite damn good scoop is all you need for a good workout it is a little pricey i’ll say but it has worked for me so far,1,1,0.7788632267832455,1,0.16970094763659632,1,0.93169516,1,0.9473253
ingredients pea protein isolate organic hemp protein alkalized cocoa powder sacha inchi protein natural flavor milled chia seed stevia leaf extract salt guar gum spirulina kelp powder dulse powderbr br this pound container of protein powder offers servings or grams of protein eachbr br the gram scoop that comes with this product holds tablespoons cup of this protein powderbr br prosbr br this vegan protein powder blends well without any lumps just by using a wire whiskbr it has a mild inoffensive taste that is bearable to drink when blended into plain water it is flavored with cocoa powder and stevia to offset the taste of the various ingredients that don’t taste very good on their own such as pea protein spirulina kelp powder and dulse powder when i include this protein powder in my morning smoothie its flavor does not overshadow the taste of the fruits and vegetables in the smoothiebr the predominant protein in this product is pea protein and secondarily hemp protein the manufacturer has done a good job disguising the taste of the pea protein because on its own pea protein tastes awfulbr surprisingly the product description on amazon for this product does not trumpet the fact that it includes sacha inchi chia seeds spirulina kelp powder or dulse powder that’s actually a positive because it is clear from the product label that the amount of these ingredients that is included in this protein powder is clearly minimal according to the fda food manufacturers are required to list all ingredients in the food on the label and they are to be listed in order of predominance with the ingredients used in the greatest amount first followed in descending order by those in smaller amounts since sacha inchi protein is listed fourth after the cocoa powder that is merely used as flavoring i would assume there is not enough of it in this product to offer any of the much vaunted health benefits of this food product see below for more information on sacha inchi likewise for the chia seed spirulina kelp powder and dulse powder since the chia is listed after natural flavor and the spirulina kelp and dulse are listed dead last on the product label below salt—which one would hope is in absolutely minimal amounts since there is no reason for it to be in the product at all—there is no need to consider these ingredients whatsoever in making a decision about the potential health benefits of this productbr the price of this product is not cheap but it is in line with what most other vegan protein powders cost these daysbr br consbr br only one ingredient is organic the hemp proteinbr this protein powder comes in a container made of thick plastic regardless of the claim of the plastic being a recyclable type less than of plastic generated in the us is actually recycled there is no good reason why this product could not be packaged in a biodegradable resealable kraft bag instead of a plastic containerbr br information on sacha inchibr br nutritional information ounce of these seeds contains over grams of protein and almost grams of fiber the fat they contain is unsaturated they contain phosphorus potassium magnesium calcium and zinc as well as various antioxidantsbr br sacha inchi has recently become popular as one of the latest in a long line of health food products labeled as superfoods the botanical name is plukenetia volubilis it is a perennial plant native to south america and the caribbean like the pomegranate fruit it is known for its large edible seeds it has been traditionally consumed by indigenous groups in peru and for that reason it is sometimes called the mountain peanut or inca nut the seeds are traditionally roasted rather than eaten raw which is a fortunate thing when raw these seeds contain antinutrients and alkaloids antinutrients hinder the absorption of micronutrients in the body and alkaloids are protective agents within plants that defend them against attacks from predators when consumed in very large amounts either of these substances can be harmful to the healthbr br the roasted seeds can be either eaten whole or ground into a fine powder such as what is contained in this product the oil of these seeds is also frequently extracted and utilized in food products or skin care products the leaves of the sacha inchi plant are also dried and brewed into an herbal tea,1,1,0.8096173450678953,1,0.610308625369935,0,0.4627524,1,0.9941326
tasted okay but gave me diarrhea and gas painful cramping,0,0,0.3832939851547007,0,-0.7205130131304958,0,0.0014082843,0,0.061352618
great taste great nutrition its hard to find a good bar for dairy and gluten free for meal replacement or extra energy these have been lifesavers pricey but thats how it goes in this sector of food,1,1,0.9771298692378259,1,1.8170942277615043,1,0.9921009,1,0.99712
found out whey protien was causing me gi issues switched to this and all fixed great flavor and blends well wish the bag was easier to seal but the product is great,1,1,0.9212617975154642,1,1.0648675428107,1,0.9988715,1,0.9931605
mixed review as the first bar got me out of a funk i had been sick for hrs throwing up prior to a long drive one bar brought me back to being human the taste was good and as expected for a product like this my only issue was subsequent bars on the ride back were not as hard hitting as the first and worked ok i likely won’t get them again as they are more of a novelty,1,0,0.40463533569483806,0,-0.38561048436138856,0,0.00514417,0,0.42943498
it is purest possible quality and the price is a fraction of what you would pay at health food store,1,1,0.8099274170408872,1,0.3397001749114925,1,0.92653733,1,0.99291575
i will not order these again the whole box was melted and it effected the taste they did not taste like the ones i had before they have a funny taste to them,0,0,0.13972176631498812,0,-0.7127439304593512,0,0.12732,0,0.03983276
this product is great mixed with oatmilk and peanut butter powder,1,1,0.9811766114548399,1,1.4811697664543166,1,0.9873431,1,0.9967349
natures craft ltyrosine free form amino acid mg capsules are a must for the brain and mind it aids in focus memory and in lowering stress with just one pill it also provides restoring and a big mood enhancement you only need to take one pill and you start feeling a huge boost after just a few hours and improves day after day with regular use it is made in the usa its fda approved and rd party lab verified i noticed improvement the first day i took it and my mind is getting better day after day the product is also sourced from a certified facility i am really recommending this because it has made me feel so much better,1,1,0.9228506348756067,1,1.1810343533554573,1,0.8974602,1,0.99672556
easy,1,1,0.9911082545098439,1,2.8800722829000422,1,0.9994673,1,0.9959396
i’m obsessed with the chocolate but this vanilla left a god awful taste in my mouth and didn’t taste good eating it either,0,0,0.47394084387685487,0,-0.5983824823121777,0,0.0045451275,0,0.033823337
the price was great and these are wonderful mixer bottles the cap is tight and the lid snaps on tight so you will not have any dripping at all i plan to stay with this brand now that i found it,1,1,0.815419548499432,1,0.8244302473784975,1,0.98604697,1,0.9788399
not only tastes great but also gives you the hydration you need and reduces muscle fatigue when lifting i love all of jays products,1,1,0.9316732581972232,1,1.0520344659654444,1,0.99296814,1,0.9967283
a good value and mixes nicely in my morning coffee,1,1,0.9964106518449715,1,3.0069123133721956,1,0.99966407,1,0.9967686
love this drink replenches yr muscle after yr workout it also fills u up so you eat less and and i have lost lbs so far 😁😁,1,1,0.9184052508761319,1,0.8919986619607814,1,0.99261534,1,0.9965252
this is a great product adding flavor and a pop of protein to my morning coffee works great in both hot and cold beverages its even keto compliant,1,1,0.9859408381582095,1,1.4580102710313707,1,0.97047305,1,0.99727887
i really enjoyed the flavoring and the energy that it gave me i just got back into working out again and i want to lose weight while gaining muscle to do that i needed a low sugar and carb pre workout and this is perfect for it,1,1,0.8538033050933994,1,0.7131249786353364,1,0.99407214,1,0.9970181
gross,0,0,0.12556957032663876,0,-1.8714180561723914,0,0.03304743,0,0.0503602
this powder does not blend well at all and the cheap bag has a zipper that comes apart as soon as you open it they don’t include a scoop either,0,1,0.5753419645492657,1,0.02771488544029377,1,0.6264338,0,0.044992067
very good will buy again,1,1,0.9036912135987707,1,1.0378758485690214,1,0.9743791,1,0.9964677
enjoying the product,1,1,0.7612758812349462,1,0.37771816660502366,1,0.9688075,1,0.9962997
love this egg white protein powder it is wonderful for maria emmerichs psmf bread and cake recipes it os cheaper than jay robb and has no smell or eggy taste,1,1,0.9286592957917404,1,1.2437473246065283,1,0.99910295,1,0.99677116
great boost of energy and light on the stomach recommend,1,1,0.9464741236558804,1,1.2214978581040146,1,0.9897126,1,0.9969279
i was completely shocked that the product tastes so amazing blends well love so far,1,1,0.9618464849197571,1,1.5784040609363217,1,0.9991066,1,0.9701282
never felt better,1,1,0.6146257714403275,1,0.06979113855975394,0,0.3034532,0,0.088042155
this is one of the best collagen peptides that i have tried i will be ordering it again mixes really well in coffee,1,1,0.9688852187086813,1,1.636299689827041,1,0.996846,1,0.9967848
so far it is working it is little thick and no strong smell especially once mixed with fruits and veggies,1,1,0.9036717035121614,1,1.3367607804964523,1,0.9999231,1,0.99351054
the taste isn’t all that great kind of gross actually but it does help with sleep and my hair seems to be growing yay,0,1,0.9272776447601324,1,1.6274079855996497,1,0.9999751,1,0.98139614
i use this protein powder in my healthy pancakes just use bananas eggs oatmeal protein powder and cinnamon and i am absolutely amazed with how good it tastes ive only tried one other vegan protein powder and it was the worst thing i have ever tasted it also mixed horribly and i was hesitant to try this product but it completely blew my mind not only does it taste great but it mixes better than some regular protein powders cant wait to get more highly recommend,1,1,0.9582408341210019,1,1.5052891769733512,1,0.9999465,1,0.9645368
this was delivered thursday today is tuesday the bottle is in the garbagebr why is it so disgustingly sweet it has stevia in it if they out a quarter of the amount of stevia in it would be fine this is just too gross to drink,0,0,0.36077061775152847,0,-0.38646133484145784,0,0.0020821276,0,0.03273287
love the flavor and mixes in well,1,1,0.9960722675784727,1,2.538539983064488,1,0.99706084,1,0.9970036
great for smoothies,1,1,0.9842274237699434,1,1.367439509685933,1,0.9910347,1,0.99702483
these are great with coffee in the morning i usually have one at am they are satisfying tastes like a delicious thick carmel candy bar no artificial flavor or after taste i dont really get hungry until pmbr price is perfect lots of protein and great ingredients,1,1,0.9830770559609601,1,1.9484014109351082,1,0.9998227,1,0.9971245
love these they are much bigger than i originally thought so they definitely hold plenty of powder the small funnel opening is perfect for typical plastic bottles of water,1,1,0.8421357045547645,1,0.7018276164250932,1,0.9818627,1,0.9964335
this is awful not sure if they changed the formula or what but this is like drinking cottage cheese no matter how much you bled or shake it based on other reviews it looks like this same link has sold multiple different products,0,0,0.1765249236219697,0,-1.124263793383032,0,0.36591813,0,0.043057293
i believe these are the worst thing i’ve ever tasted somehow my son loves them to me the taste is terrible the consistency is terrible and they are expensive i bought them for my son as a healthier snack alternative with low sugar and high in protein my husband and i both think they are inedible and the after taste is even worse at least they won’t go to waste,0,0,0.3947381758106462,0,-1.102521112883241,0,0.00028159638,0,0.0734687
ive used quite a crew few pre workouts and this is one of the worst ive ever tried it gave me almost no energy or typical tingle a nitric oxide should but it made my heart rate jump up dangerously high while lifting and made me nauseous not to mention the taste was a c at best,0,0,0.4602268309098685,0,-0.0046190738875167,1,0.9759812,0,0.04503615
love that i can attach the powder case on the bottom of the bottle,1,1,0.8096450780627731,1,0.5468395788227334,1,0.9505563,1,0.9958813
best protein powder on the market i am ruined from all other crappy protein powders and will only have this one,1,1,0.9645444105393164,1,1.4355447609621566,1,0.99180204,1,0.9676098
this is my favorite flavor fulfilling and good taste even helps satisfy my coffee cravings my complaint is that they are too expensive,1,1,0.9573149405204399,1,1.3229858678027289,1,0.9916801,1,0.99511683
these taste like something that has gone stale i havent found anything these can go in that masks their flavor,0,1,0.6764528082293679,0,-0.10706573301930145,0,0.39195344,0,0.043716732
i actually add this into my preworkout cant taste anything i love it tho great product careful it can get messy,1,1,0.9425253341572509,1,1.384533966335078,1,0.99974424,1,0.9946549
ive been taking this for about weeks now and have surprisingly noticed less pain in my shoulders which always hurt also i truly dont know if i am hallucinating but my thin hair seems to have started to thicken a bit even my husband mentioned it either way i have ms and a genetic convective tissue disorder and i am hoping to be a bit proactive so far these are a great start got my husband sharing now hoping to ease his tendinitis seems to be working so far will update next bottle,1,1,0.9717645475681922,1,1.6937818503801174,1,0.99898905,1,0.9943868
i do like this product and seems to work however i have only tried one other one,1,1,0.7931049426971124,1,0.5125476630378164,1,0.97249675,1,0.99548244
does what it should,1,1,0.7781633026254189,1,0.6718425739847467,1,0.98542136,1,0.99221766
omg yum im paleo so i dont get to enjoy hot chocolate often i drank this today for breakfast the first time i mixed a scoop with oz of hot water tastes just like hot chocolate its sooo delicious i cant say much about the benefits since i just started drinking it its delicious thats all i can say for now buy it now,1,1,0.9189528014483589,1,1.5770418997532916,1,0.9993655,1,0.99115
i used this product for years and friends and doctors commented about my complete lack of wrinkles i’m i lost quite a bit of weight on keto and my skin stayed nice and tight all over not just my face and i believe it was due to this productbr br then i stopped the collagen for awhile because i thought it was triggering migraines like a lot of menopausal women my weight crept again and this time after losing only lbs so far i have some loose skin which makes me very unhappy just…ick so back on the collagen i go two days in a row this time and so far no migrainebr br i also went through a spell where my hair was falling out by the handful and i know this will reverse or at least stop that i shed very little hair when i was on this beforebr br just try it and if you don’t care for the taste get one of the flavors they do sell small packages for those who don’t want to commit but i’d recommend at least a month for full benefitsbr br i mix mine in wallaby organic whole milk vanilla yogurt and don’t taste a thing i have chemical sensitivity and am crazy sensitive to smells and tastes to me this is entirely neutral,1,1,0.8092186908102366,1,0.4369462477471189,0,0.052803803,1,0.5439112
the protein is great tastes good takes a little longer to mix cause its thicker mixes well in a smoothie no complaints 😉,1,1,0.9928803746317832,1,2.7147656166688656,1,0.9999527,1,0.9971827
i love the flavor and the fact it is a pea protein product i have used the chocolate flavor and liked it but the vanilla is my favorite it says to blend with water however i blend with oat milk and blueberries in a blendjet i have never been successful in blending this product in either water or any milk alternatives any other way otherwise this also helps me feel more full and is great to use after a workout,1,1,0.966690959463041,1,1.1979805300566806,1,0.98638123,1,0.99699485
no a good tasty flavor,1,1,0.9757611554056493,1,1.4646627156564043,1,0.99021214,0,0.13142435
decent price for a good product mixes easily,1,1,0.9910392388936133,1,1.9386751380378593,1,0.99973863,1,0.9966491
thanks,1,1,0.7315226544109548,1,0.03892389154866843,0,0.4399118,1,0.9935946
ive tried several different brands of glycine and all of them seen to work this brand was a little cheaper than some,1,1,0.8323677815312064,1,1.2952085430942268,1,0.8501078,1,0.9239806
upon taking this supplement i feel i have more energy not the crazy jittery kind i am able to better focus and workout harder,1,1,0.8813913572774746,1,0.553755404772052,1,0.9666131,1,0.9962967
this has a good flavor blends easily and i’m very happy with the ingredients i would definitely buy again,1,1,0.9755621901488964,1,2.050706766299308,1,0.9993073,1,0.9969863
i went out of town for a week during christmas time and didnt bring my collagen with me i kept wondering why my skin looked so badmy glow was gone well this is whyi hadnt been taking my collagen smh i also didnt know why my nails had gotten so much stronger and longer ashwagandha also helps my nails grow but not make them strong like this collagen doesbr br this is some good stuff i started adding this collagen back into my protein shakes as soon as i got back in town i have reordered times now,1,1,0.8860991248107782,1,0.6011294049656608,1,0.99853516,1,0.9739618
i love c my favorite pre workout best out there,1,1,0.9943563929854848,1,2.56530440014553,1,0.9998754,1,0.9966552
work as expected for the price one is more than enough for me to feel a good pump in a short time after consuming one will stick with this product for the far future,1,1,0.8763577904704312,1,0.4795397419340711,0,0.018976275,1,0.99090743
this is a really good flavor mixes well will buy again,1,1,0.9774977576514151,1,1.640056287412706,1,0.9971552,1,0.9971085
the texture of these gaspari ageless collagen protein bars is like the middle of fig bars or a somewhat oily nut butter only much thicker and so teeth sticking chewy i might also say the texture might be exactly like what the raw ingredients would be mixed in a bowl then shaped into bars at room temp they bend like taffy are melty sticky and would never make it in the slightest heat ​br to me the taste is also exactly like what the ingredients are they do have a good flavor and i really like having the sweet and salty combinationbr i ​love that these have good quality ingredients and are good for you i dont think they are very portable in warmer months you would really end up with a mess all over you they are quite expensive but price is subjective to ones own preferencebr overall i will eat these but they are not a texture that i want to reach for or crave if they sound wonderful to you i would definitely recommend them as they are of good quality and good for you,1,1,0.9162123148721356,1,0.8245277878619333,1,0.9946807,1,0.99275017
this product is in flavor and i typically add this in my smoothly it had a great feel to it not gritty when you do blend it it does make your shakesmoothie airy it is on the higher end when it comes to price especially since it’s not even a month supply in a bag if you’re adding this to your coffee i would half a scoop,1,1,0.7386534409230124,1,0.46747321562088395,1,0.97893256,1,0.9949307
it was great no damage worth the money cheaper than stores,1,1,0.8269870408938308,1,0.621980358044309,1,0.9588561,0,0.3393784
ive been using the gnarly bcaa for about a week and i like it good flavor i add the scoop to about oz of water it recommends oz not sure if it is helping with muscle recovery but oddly enough i dont feel as fatigued throughout the day as i used to i bought the caffeine free option,1,1,0.9503840322084307,1,1.6908211978239949,1,0.9996082,1,0.99632347
this is one of the best organic plant based protein powders i have found it is not chalky and it blends nicely with anything you put with it i like the chocolate but i will try the vanilla next time to have more variety it is great give it a go,1,1,0.9781433395915646,1,2.5387794247793916,1,0.9998934,1,0.9970837
ive always been a fan of the on naturally flavored protein shakes thought i would give this a try anything im ingesting large or frequent amounts of i try to stay away from the artificial sweeteners i have not tried the regular amino energy which i suspect by other reviews tastes better i dont mind the taste of this and its perfect for a preworkout boost without the severity of a true preworkout drink i almost didnt but this because of all the negative reviews concerning the flavor but im glad i did and will buy it againbr br worth noting at the time of this review it was the only reasonably priced naturally flavored amino drink i could find,1,1,0.5750066251159638,1,0.24660625669032699,1,0.98518074,1,0.9881749
i’m taking as a supplement after my workouts taste is good and mixes easily good amount of protein for the money i generally use isopure but this is a nice change from that good for changing it up,1,1,0.9840026091168513,1,1.960533745581575,1,0.99923134,1,0.99711716
i still have a couple of flavors to try so far i loved the pumpkin spice cinnamon roll and the cafe latte i found the strawberry and the peaches and cream a little too sweet though the flavors were good,1,1,0.9055116056043491,1,1.5319440425997908,1,0.9989267,1,0.99199533
i literally spit these out and was naive enough to try every single flavor never again my husband can choke back pure brotein powder to the mouth with a sip of water but also spit these out i threw them in the donation box at the end of my street glad theyre dairy free but theyre seriously inedible,0,1,0.591153081603652,0,-0.35608748314907834,0,0.15182163,0,0.03837529
have not really used them much over a course of months may have tried three seem to do the job,1,1,0.5858818448477596,1,0.015108148394279097,0,0.4973166,0,0.18231934
im using this protein breakthrough plantbased protein blend in my morning meal replacement smoothies the chocolate flavor is really yummy its also not too sweet so i can enjoy the sweetness of the fruits i add without my smoothie being overly sweetbr i love that this a fairly simple protein powder yet contains a blend of plantbased proteins much needed amino acids and a few minerals even though its plantbased i wish it contained more fiber and less calories but it does have ingredients that promote good digestionbr this protein powder comes in a super large plastic container and only contains servings if you use it as suggested its also for basically a half a months worth of servings that makes it super expensive in my book im not using it as directed as i do also add collagen protein to my smoothies i am using less than one full serving per smoothie which doubles my serving count but that still seems rather expensivebr though this is a very yummy tasting no frills good for you protein powder its much too expensive for my budget usually i would spend less than half the money for a container that has at least servings it is a good protein powder so if your budget allows it i would absolutely recommend it,1,1,0.9814607925457908,1,2.073569116315598,1,0.9433253,1,0.99698895
was hoping to taste more peanut butter but that’s ok these bars still tasted great i have tried almost every flavor and have not been disappointed,1,1,0.6088498071030928,0,-0.05908688359385006,0,0.013396108,1,0.9878028
this powder tastes great i use it in fruit smoothies and it adds the right extra flavor the only problem is the price i found one three times the size cheaper at costco,1,1,0.9129717709892885,1,1.162948938875517,1,0.99822205,1,0.9963308
they taste great are low calorie and high protein i buy them frequently,1,1,0.9668174003512937,1,1.8298327025455048,1,0.99924505,1,0.99692744
enjoying the product seems to help me feel better,1,1,0.901990000738059,1,1.0638773094266838,1,0.99719256,1,0.99677247
is one of if not the best tasting protein bar i have ever tried and this is after trying probably at least a dozen different ones the flavor reminds me of lemon sandwich cookies simply delicious finished the box of twelve bars in a week have ordered it again along with the blueberry for variety,1,1,0.786313694461191,1,0.8467658703650569,1,0.9980387,1,0.9906899
this “mystery” flavor is a fun change for electrolyte drinks i like that it’s sugar free and dissolves easilybr br i sometimes dissolve it in carbonated water just for a change and it does bubble up a lotbr br it’s especially excellent for my high school athletes the powder is portable and sugarfree both of which gives it high marks in my opinion,1,1,0.9512188580422805,1,1.5069661655513493,1,0.94194275,1,0.9963904
tastes like nothing mixes super well and it’s making a big differencebr br i’m a female and have always been told creatine is only for men all lies this stuff rocks my butt is getting so much bigger and my lifts are getting so much easier i do have water weight but have also been eating soo much to bulk so that could be it toobr br you will get a stomach ache if you don’t drink enough water so drink so much water,1,1,0.912555438655037,1,1.208818570651455,0,0.028517934,1,0.93069136
i enjoy this but afterward it seems to give me gas more often than not i eat a lot of tofu and tempeh with no problem so it’s not a soy allergy i won’t buy again,0,1,0.5500507631753748,1,0.006726000100009788,0,0.23265429,1,0.9721919
cheaper than the stores i love this flavor compared to other protein shakes that taste like medicine,1,1,0.9396473374625852,1,1.1588281685279749,1,0.9938676,1,0.9959157
ive only tried vanilla and found the taste off putting and a little scary it tastes the way some cleaning products smell i expected a weird protein taste but instead i got something that tastes more like the rind on a well aged country ham this is the first star rating ive ever given,0,1,0.6565409738608384,1,0.2874716498388177,1,0.5246723,1,0.860384
great tasting protein powder,1,1,0.9845179607520251,1,1.6893828571892349,1,0.99602807,1,0.99713504
the taste is absolutely deplorable then to top it off you can’t return it so it’s a complete waste of money,0,0,0.06638886666759553,0,-2.3732439537433465,0,0.00050914584,0,0.03582065
my fault i picked the wrong flavor it would be stars otherwise,1,1,0.8099277844864573,1,0.7964587563958434,1,0.99293536,0,0.093917176
i love this product i take it to restore my gut health—and i think it’s slowly helping my nails and hair have also become stronger and my skin is glowing and clear,1,1,0.9862588652131575,1,2.0490139923378115,1,0.9992901,1,0.996867
was a good deal the family loves them for their workouts like that there are different flavors,1,1,0.8815613076018064,1,1.2017959076924358,1,0.9876323,1,0.9952826
great product at a great priceall natural nothing artificial,1,1,0.8878772578632614,1,0.4301949275313255,1,0.9110049,1,0.9962555
so this product has two main objectives as a bottle and and a shaker and it sucks at both it leaks from the lid even though ive tightened the crap out of it and it doesn’t really mix well either so yeah dont buy it yet,0,1,0.5975192513764209,0,-0.48915523163576924,1,0.81620973,0,0.054246254
these pure protein bars are pretty good i ordered the chocolate mint flavor it tastes pleasant the nutritional content is nice these bars have a high amount of protein for a reasonable amount of calories each bar has grams of protein at only calories they have grams of carbs which is on par with similar types of bars theyre gluten free so this product is suitable for those who cant consume gluten there are individual bars in the pack,1,1,0.9454055375920821,1,1.5032764213123517,0,0.084925435,1,0.9969176
i’ve eaten these for several years now i’m always skipping breakfast and my early afternoon i get the shakes pretty good i carry a bar in my purse and within minutes i’m feeling myself again,1,1,0.9613126970837914,1,1.3444272816732115,1,0.99846303,1,0.996931
i took these for a while before realizing this product is full of synthetic ingredients oh well off to find one without synthetic ingredients,0,1,0.7140031777191806,0,-0.16493289798728084,0,0.01091149,1,0.7298182
i have been using this brand for quite sometime buying it locally value is really good on amazon will buy again,1,1,0.8932582381943706,1,0.8514971764226844,1,0.9971896,1,0.996101
been using different jf projects for all my workout and comp needs nitrosurge has never once let me down or failed me in providing me the right boost,1,1,0.7360454430218943,0,-0.06116106131855792,0,0.18158202,1,0.99481994
the blueberry hands down is one of the best flavors the cherry flavor isn’t the best the key with these are getting them as cold as you can,1,1,0.9149080179310023,1,0.954281342874115,1,0.9976241,1,0.692854
tastes great blends well but scoop is huge lol i personally use a smakler scoop and flavor is still good,1,1,0.9738143056318439,1,1.2486577653547033,1,0.9875388,1,0.9967073
dont be fooled by other brands now has mg others have at best wasnt expecting such a huge container definitely cheaper on amazon than any storebr br ive taken this for about twenty years its literally the one and only key to weight loss i began it for that and now just take it because i figure its good for me a weightlifter in the castro turned me onto this stuff thank godbr br take a teaspoon within one hour of exercising every single time you exert yourself too big to exercise walk to the mailbox then take some like thatbr br rinse and repeat in a couple months weigh yourself see the difference yeah,1,1,0.9363800909264628,1,1.2933333725141638,1,0.9998442,1,0.9904739
i have less joint pain in my neck and the inflammation seems to be better and i just feel better in general,1,1,0.9561669944734458,1,1.4386847144565316,1,0.9985071,1,0.9957022
i purchased this product for my kd cat it was highly recommended it and she seems to enjoy it no complaints on the value,1,1,0.9394564208072046,1,1.6971821332196284,1,0.9998099,1,0.9961682
great taste great texture low cal and low carbs,1,1,0.9748913266762818,1,1.544285208554298,1,0.9998778,1,0.99705446
my coffee creamer,1,1,0.9437598521188518,1,1.7687310020039202,1,0.9983369,1,0.99436814
i cant get it to dissolve in water ive tried room temp and cold water ive tried a shaker ball and even a coffee frother kind of clueless at this point how to get it to not all settle at the bottom not impressed best of luck,0,1,0.520833914671545,0,-0.028177240226076927,0,0.023206532,0,0.1919294
purchased for reasons to replace the expensive pediasure milkshakes that my toddlers drink when theyre being picky they were too expensive this massive container does the same job in filling them up im month postpartum and trying to control my sweet tooth i order to facilitate weight loss whenever i get a craving for donuts cake ice cream or chocolate i make one of these and im immediately satisfied without the garbage myself and the kids really enjoy this vanilla flavor i especially like it when mixed with vanilla flavored oat milk so yummy willing to purchase again,1,1,0.9112365389227016,1,1.1027364471761332,1,0.99962854,1,0.9969152
good tasting protein bar but not satisfying or filling enough for me prefer the protein cookies a bit pricey,1,1,0.9343042351629771,1,0.9786702618623322,1,0.98202753,1,0.9673131
big fan of blender bottles theyre durable and versatile useful for making iced instant coffee on the trail or protein shakes after the gym the plum color is really pretty too,1,1,0.9106152580494473,1,1.3359358712714755,1,0.9993412,1,0.99689305
best tasting flavor yet,1,1,0.97137743509226,1,1.9507590565641728,1,0.9990682,1,0.9967848
are use these types of rechargeable mixtures for my protein shakes they work great but only for powders it will not chop up berriesbr they are also wonderfully portablebr with the rechargeable battery pack i can make my mix anywhere,1,1,0.9343344943891018,1,1.0317014262591466,1,0.99858993,1,0.9964109
the product works the guy that said he has ants and itching all over his body as an allergic reaction dumb founded mebr br its just betaalanine i can not believe his review got likes that guy was sensitive to betaalanine it cant hurt you but it will tingle and give you pins and needles thats a sign of good betaalanine its a good thing dont be so dramaticbr br this is a good product for a great price although i recommend buying beta alanine separately and making your own pre workout,1,1,0.9507133818057705,1,1.7703810464103136,1,0.9941619,1,0.9901821
this product always tasted fresh but last box had several bars that were crumbling and definitely not fresh tasting amazon prices arent always less expensive so paying more for convenience is ok but not when inferior products are delivered this is why im starting to order less and less food items,0,1,0.5171873952977274,0,-0.20341459154547847,0,0.0031314164,1,0.6479604
nasty tastes like pure plant,0,1,0.6831678440353733,1,0.367806617785006,1,0.98534495,0,0.055268466
there are only two brands of protein bars that ill buy and this is one of them the other has g of protein chocolate mint has been my favorite for years now these are quite tasty i have to get protein through drink or other edibles because i dont like the taste of most meat and i hate the thought of slaughtering too these bars help in that regard as i need a little variety in what i do eat for protein i would recommend these and ive tried a few other flavors they make too theyre all tasty so give them a try,1,1,0.9382572642798174,1,1.156901779103999,1,0.97764313,1,0.9937915
to those who are extremely lactose intolerant heres my tip to you add cayenne cinnamon and ginger cup of ice when you blend never blend over seconds straight a total of seconds and it will keep the drink smooth to where you can swallow it down in gulpsbr br if you shake and you get gas get a blender of mainstream quality find a ninja at the goodwill if you can get as close to ninja quality as you can affordbr br i do not use coffee i read an article that shown me fatigue shows in a sign of protein deficiency i take a glass of this stuff and i can go all day i threw away all my coffee in my house that mess was making me fall asleep at work on this alone i can work hard no soreness and still deal with my anxty teen no excusesbr br i wanted a way to work hard and not short change my son mission complete good fathers or moms get this if you care about the right thing,1,1,0.7992635593375708,1,0.05550837543338788,1,0.585289,1,0.9721705
the most important thing i feel is my blood pressure i frequently have high blood pressure and i really feel it being lowered when i take this product clean energy for clean workouts,1,1,0.9608080637563627,1,1.5099890982249415,1,0.9972542,1,0.9965335
i love this flavoring i just added it to my water in my shaker and drank it that way,1,1,0.9308427935803052,1,0.8007641392402082,0,0.3832612,1,0.9960084
hands down the best tasting least expensive high protein low sugar shake available chocolatepeanut butter is the best flavorbr not sure why sheerness is a category here to rate here,1,1,0.9047316797719517,1,1.000209057537633,1,0.9970372,1,0.99684155
great value,1,1,0.9934674867065986,1,2.3610015212038284,1,0.99803907,1,0.9969584
didnt notice big difference trying other products,1,0,0.47653533789851255,0,-0.6479355012111245,0,0.31650013,0,0.10634343
i love chocolate put this in my coffee every morning and have seen the difference in my hair and nails,1,1,0.9917574209908403,1,2.389891862020664,1,0.99991274,1,0.9967223
flavors a bit much for me but it beats vanilla easy to shake up and take down after a nice workout day,1,1,0.9755103944816178,1,1.7811827958378355,1,0.99986327,1,0.9966307
i would have given stars because it tastes so bad but hubby liked it so we compromised with stars i think he was just happy to take a break from pea protein honestly i couldnt tell the difference but he said it was a nice changebr br its very light on the chocolate flavor but pretty loaded nutritionally its not a bad powder at all just not one of my favorites,1,1,0.8333961727530929,1,1.232024024132539,1,0.97710973,1,0.98870194
bottle shrunk from the heat i dont know if the pills still ok,0,1,0.7013261892026765,1,0.721667227992068,1,0.9602553,0,0.1871165
perfect,1,1,0.9664456954967751,1,1.8709537554481264,1,0.99783665,1,0.9966293
best clean protein powder we have tried,1,1,0.9901499869815488,1,2.4112498589021136,1,0.99919385,1,0.9967315
i use this for a low calorie chocolate meal,1,1,0.9469990337005031,1,1.4513754711673545,1,0.999785,1,0.9955758
wow this is life changing i bought two i drink these for dinner and sometimes breakfast i just add milk and blend it is super easy i no longer feel food stuck in my throat or acid reflux this is a great meal replacement option i love it so much,1,1,0.9633387826439774,1,1.3672601480283677,1,0.999426,1,0.99690455
how the heck do they make a protein bar taste like a candy bar without loading it up with sugar i may never know but they did tastes better than specialty keto snacks so it’s a dessert for me,1,1,0.7394727291211043,1,0.36232882575835845,1,0.93718123,1,0.962204
i bought these for my elderly father to have something healthy for him to snack on he has lost weight and i really needed something that he could just grab and eat unfortunately the taste is so bad we threw them outbr even the texture is not appealingbr i honestly dont understand why these have so many positive reviews maybe a different flavor option would have yielded a better result considering the high price of these bars im not willing to try another flavor,0,1,0.6080171498722786,0,-0.38043826609673737,0,0.01132196,0,0.05510763
not sure what to think about this product i really do not see anything happening when taking,1,0,0.4656691243072976,0,-0.017640249753493875,0,0.48916423,0,0.28293204
i swear by sunwarrior i have ventured out before to other protein powders and keep coming back to this one it’s amazing blended with an avocado if you have a grainy texture issue the avocado makes it so creamy and smooth i love the clean product ingredients and the flavors are so yummy i started using this in and have a smoothie every morning for breakfast,1,1,0.9843650218419386,1,2.377238490932749,1,0.99996936,1,0.9969056
couldnt tell a difference but it is tasteless,1,1,0.6406505683349043,0,-0.2056722053268072,1,0.5366519,0,0.24805118
i loved that this protein powder has a great chocolate flavor was not grainy and mixed well my husband and i drink these after our workouts and they really help us replenish and refuel for our day,1,1,0.9586129649674995,1,1.3126373334189612,1,0.97954077,1,0.9969863
i appreciate that this protein powder combines both faster and slower burning protein sources all into one great powder my husband is the more picky one about the flavor of his protein powder and he cant stop raving about how delicious this is he says that if you blend it with ice and milk it tastes like some sort of ice cream drink youd get at a fast food place but without all the sugar its delicious and has a super simple list of ingredients that i can actually understand which i really appreciate its a little on the pricey end of protein powders but its high quality and has good flavor i would definitely order this again,1,1,0.987938267180462,1,2.344160956162602,1,0.99844825,1,0.99694747
i have to use a blender to get the smooth texture other than that its amazing,1,1,0.9627252207866539,1,1.7887619632675036,1,0.9991722,1,0.9965519
this is a great replacement for energy drinks that will save you a lot of money,1,1,0.9427755464925335,1,1.1565779565151293,1,0.99372756,1,0.99604094
two years ago age i had a total knee replacement the orthopaedic surgeon said that my other knee would need the same surgery in the near future i was in pain every step i took and hobbling recovery is long and painful as i’m sure many of you know i decided i would check into alternatives i started reading about collagen though i had nothing to lose by trying it it took months and i had no more knee pain not a quick fix but so far so goodbr i’m convinced for sure,1,1,0.7922462547803834,1,0.8302383746752008,1,0.98582524,1,0.990647
still a good product but just was not a fan of the chocolate peanut butter tastes much better to me just wish it was a little cheaper,1,1,0.6625559196023934,1,0.3320857297466736,0,0.040044628,1,0.98552006
i usually just put water and protein powder in a shaker bottle and shake it up and its fine before this i was using an optimum nutrition proteinenergy powder and it was great i had zero complaints on flavor and texture there really is no texture and it was only calories for grams of protein and tons of vitamins this purely inspired organic protein shake powder is just awful taste is not good and i can practically feel the plant fibers pouring into my mouth i can imagine it might work ok for a protein smoothie maybe blended with the tiniest bit of mint through all the nastiness it does have hints of dark chocolate but as is its no good i can drink it but i wouldnt ever look forward to this protein shake,0,1,0.8700332378000832,1,0.42428698353449806,1,0.97537494,0,0.35016513
great flavor,1,1,0.9960632424001378,1,2.149830361609883,1,0.98846895,1,0.9970919
taste like fish checked the expiration date…that’s ok baaaad,0,1,0.5793818538326938,0,-0.016770624625707442,1,0.58060116,0,0.054551695
i used to buy eas protein powder but it was discontinued a while back i have had a hard time finding another protein powder with a decent flavor that isnt overpriced i have had some that are too bitter and others that are too gritty pure protein powder is great the chocolate flavor tastes delicious it is also smooth and very light when mixed with milk this will definitely be my protein powder going forward,1,1,0.9484835072572478,1,1.5675751619739007,1,0.99927217,1,0.99616855
not bad when you need a some what healthy snack to help you get through the day flavor was ok,1,1,0.869232604276484,1,1.229905090812192,1,0.99110514,1,0.9903861
this stuff doesn’t taste good but it doesn’t matter this is a high quality protein that fits my macros and is easy to drink with just a little oat milk i think i’ve bought containers of this over the years and i’ll continue buying in the future,1,1,0.9431645073082988,1,1.3405823650570885,1,0.99696654,1,0.9886353
i can only put scoop of this powder in my smoothies is the serving size because its way too sweet but i do like the taste if i cut the serving size in half though has a lot of different benefits and i like that it has collagen but not much overall a good product stars,1,1,0.8566611210443783,1,1.1339294825318273,1,0.99846846,1,0.9962394
ive been taking turkesterone creatine and a number of supplements on and off and had interest in tongkat ali this mixture also has creatine in the mix so keep that in mind if you do take creatine as wellbr br i found my gym performance to be enhanced better than my results with turkesterone wondering if it is the mixture of creatine inside as well my weight also increased although i was eating maitenance calories and i found my cardio health improved as well my workouts remained pretty much the same with increases in the frequency of my walks being the main difference i went from walking k steps average to k which i think was due to less fatigue overall from my day this was very surprising to me as it was winter when i took these and usually the shorter days will make me fatigue morebr br some of my results in weeks training times a week kettle bell swings days a week off daysbr br incline dumb bell press lb for ten increased to lbs for lbs for and lbs for br br barbell squat went for to for br br deadlift went from for to for br br kettle bell swings lbs for to lbs for max outbr br weight went from to br br the pills are small and easy to ingest and i am very happy with my results with this,1,1,0.9523100936308072,1,1.3191131401871878,1,0.9890104,1,0.9951703
way too sweet tasting for me but great pre and post workout drink when dyluded,1,1,0.8689034118946888,1,0.402369309129178,1,0.9350249,1,0.99113923
easy mix easy drink with water,1,1,0.9906391195577908,1,2.604536962924477,1,0.9998332,1,0.9963373
love this product its super easy and tastes amazing it blends really well and doesnt leave those annoying clumps in your drink tastes good with water but even better with milk to make a little creamier i would highly recommend if you are constantly on the go but need to get your protein in great for breakfast too,1,1,0.98868430548845,1,1.9687521369519787,1,0.99946123,1,0.9970074
chickpea protein better than pea protein a lot of plant based rely on pea protein i dont like whey protein and i dont do soy protein because of hashimotos thyroiditis where soy is a big no no while some soy gets into my system i am not about to intentionally dose it on a regular basis to the magnitude that a powder has so non soy non pea plant based protein it is chickpea has come on the scene and so far i have been doing really well with it easy on stomach easy to drink i just feel good when i drink it all else seems to be a toss up so i go chickpea when i canbr br this flavor is considered chocolate oddly it just uses cocoa powder to flavor it and unsweetened cocoa powder has its own benefits but it is faint overall taste is doable if nothing is added to it but if you want a more robust chocolate flavor then add in your own unsweetened cacao or cocoa it makes for a great base for anything else you may want to add in i love a chocolate banana and instant coffee smoothie in the morning like the old starbucksvivannobr br blends easily i use a rechargeable blender cup for most of my basic mixing needs i mix this with non dairy milk and drink up the texture is thicker than a lot of protein powders i use which i like reminds me more of a nutrition shakebr br flavor starsbr quality ingredients simple ingredients gentle on stomach easy to drink easy to mix thicker than norm starsbr br going with stars,1,1,0.9845242828303239,1,2.122858037621559,1,0.9992538,1,0.99568117
i think it works to me,1,1,0.8939895667111634,1,1.3503750068038842,1,0.9876879,1,0.99621755
the thing i love the most about this product is the clean ingredient list we try to eat mostly organic when we can but it’s not super easy to find high quality organic protein powdersbr this powder doesn’t have the sickly sweet taste of some other protein powders i’ve tried but i couldn’t get it all the way smooth which wasn’t a huge deal for me as i ended up blending it with some ice and macadamia nut milk for a refreshing pick me up in the afternoonbr i’m looking forward to getting the full sized bag so i can try adding it to my coffee and making peanut butter chocolate shakes for my husband too,1,1,0.9382273208577944,1,1.3835879967383113,1,0.996467,1,0.996228
love em,1,1,0.9383204444112043,1,1.2850208619783374,1,0.99829143,1,0.9953713
texture is very dry and crumbly it tastes like chalk i could taste the collagen powder i ate it anyway bec that’s all i had at work at the moment but never again expected better for the brand and the price,0,0,0.4200455027761883,0,-0.3263892351290405,0,0.01031392,0,0.037625045
the j j virgins plant base smoothie is excellent the flavor is great also and for it being plant base is awesome it has grams of protein i would recommend this to others and they have several flavors,1,1,0.9759590565371068,1,2.1018330999919534,1,0.998429,1,0.9971679
i switched from orgain to this better ptotein which in my opinion tastes better and delivers more i cant believe all these negative reviews and the one star section i think orgain has asked people to put up negative reviews to gain the trust of potential buyers my post is truthful real,1,1,0.6920814718750704,1,0.09546262319666937,1,0.99548316,1,0.92049026
until i tried this the sweet is just too intense and i love sweets this didnt taste natural to me,0,1,0.5918598365964574,0,-0.09434296719787372,1,0.6372293,0,0.078919835
mind blown folks this powder is a refreshingly sweet and tart bright delicious whey to add g of protein without any milky thick mouth feel my macro game just got easier both the mango lime and the banana pineapple are freaking delicious buy it youll be happy you did im hooked use a blender bottle with oz of cold water and shake for seconds pour over ice and its perfection,1,1,0.969583246774974,1,2.29264178963714,1,0.99994516,1,0.9942432
very helpful with my vascular definition i always have cold feet and this seems to be helping resolve that issue i like the product and would recommend it to my friends i will order it again and again,1,1,0.9375741497982535,1,1.3902112188416569,1,0.998889,1,0.99655306
probr vanilla flavor taste was so much better than expected br i added tbs powder to ounces of unsweetened vanilla almond milk shake wellbr br conbr slightly grittybr settles quickly,1,1,0.9148930651507351,1,1.2577386304365605,1,0.99988353,1,0.80593187
completely flavorless ive mostly used scoop in my oatmeal and it completely disappears no flavor no cakey powder it also doesnt mess with my stomach ive avoided whey because my stomach doesnt react well to it but then i did a lot of research and found this this is by far my favorite protein powder ive ever used i dont have to cover the weird aftertaste flavor or ignore a gross texture and it keeps me feeling full,1,1,0.7961168755086553,1,0.2686888091261523,0,0.0048124627,1,0.9924441
these my babes favorite blubbery spoiled now when i tried these for him he picky eater but these seen to keep a year old guy in great health,1,1,0.9618445344260735,1,1.609141801158718,1,0.99974304,1,0.9401588
i like the different colors make sure you hear the lid snap closed so nothing leaks when you shake it very easy to clean and mixes very well i add peanut butter to my shakes a lot and it never leaves chunks,1,1,0.8927237646384042,1,0.5104991470634282,1,0.90785646,1,0.9965551
this pill is great if you suffer with mouth ulcers,1,1,0.8940979024065402,1,0.705398849614131,1,0.9784621,1,0.9947448
there is a lot of nootropic benefit from this product especially combined with caffeine i blend a scoop of this into my coffee every morning and it works really well to take away the jitters for a nice smooth boost and it also modulates brainwaves for a nootropic effect really good quality and good sourced product pure and works well,1,1,0.9909124307338182,1,2.1549520974469165,1,0.99987435,1,0.99716103
very tasty not to sweet gave me loads of energy,1,1,0.5026246536505593,0,-0.08743599103838917,0,0.015476771,1,0.9949125
this takes like a scoop of artificial sweetener horrible taste nothing we have added it to masked the flavor at all dont waste your money,0,0,0.16877542917824281,0,-1.0755462061419179,0,0.0025697984,0,0.042028595
i really like this i have the flavored turmeric option and it is better than expected when i see powdered bone broth i basically expect zero flavor which is fine as it is the collagen i am after but this flavored variety isnt just a flavored plain powder it actually tastes like broth and not just turmeric but an interesting sipping broth with depth of flavor not too salty but it does have mg per serving i am enjoying it a lot during these extra cold winter days take a look at the ingredient list in their product picture and you will see that it has a soup broth tasting vibe to itbr br note on collagen the beef broth propriety blend states that is has grams within this blend there is collagen you may be wondering how much exactly little trick collagen and protein have a near ratio the protein has to be listed separately on a nutrition label this label says it has grams of protein per serving so given this you will know that there is grams of collagen per servingbr br the directions say to use scoop in hot or warm water but not how much water i assumed ounces and i think that is accurate i used two scoops in a ounce mason jar maybe filled ounces of water and that tasted very nice i drank it as is but it would work great with some added protein noodles veggies etc added in could add to other broth or whateverbr br stars but making it because i like it more than and we cant do half stars also i just added another tub to my cart so that says somethinbg the current coupon makes it more reasonably priced than the price tag,1,1,0.8167915480256039,1,0.21118243840056128,1,0.99214077,1,0.996479
ive been using this collagen for over months my skin looks beautiful it is tasteless when i put it in my coffee it mixes well my go to for sure,1,1,0.9833802190311851,1,2.044394423201999,1,0.99951434,1,0.99675554
tastes nasty chunks up even with a shaker bottle didnt notice any difference with drinking it,0,0,0.3439186821357813,0,-1.1445165578911438,0,0.005086341,0,0.038890462
i keep these in my desk drawer for a snack after work i like them during the afternoon slump period of my day however i guess its because their fiber actually reacts with the body more like a sugar since its tapioca thats the reason why i knocked off one starbr br they have a pretty good macro ratio but since they taste good and i dont have to force them down its a fair tradeoff they have a good amount of protein and work well after a workout for breakfast or as a snack they still have that protein bar taste but they have actual flavors that come through too i love the pb and j one they arent like quest bars where they are so flavorful they just taste fakebr br prosbr these bars taste great for a protein bar these and built bars are the only bars where i feel like i am not deluding myself into thinking the taste and texture is okaybr br the flavors range from sweet to savory which can help curb any midafternoon snack craving since there are several optionsbr br conbr these use tapioca fiber which isnt a true dietary fiber and can cause a blood sugar spike i would rather have this replaced with another ingredient,1,1,0.9238808510804334,1,0.8928773392005749,0,0.11705286,1,0.99585176
proceed with caution with solgar who is actually owned by “american home products” who manufacture pesticides “black flag insecticides” they are hiding who really owns this company but i had reactions from both products i have taken solgar in the past but they told to ahp i had reactions chest pain in taking both bcaa and saw palmetto by the same company i was hopeful since there didn’t seem to be any soy gluten wheat etc but something must be very wrong and when i discovered who took this company over i can never buy from them again proceed with caution i’m furious that companies who start out with a good clean product eventually are “sell outs” to big toxic companies,0,1,0.5947712063287172,1,0.24609939305414608,0,0.050886903,0,0.06089472
like the taste and make me feel good and feel like i had a gourmet breakfast,1,1,0.9143062883110475,1,1.2989126080404292,1,0.9973149,1,0.99621177
i am basing my review on the flavor of the honey badger vegan protein and collagen support in chocolate cake flavor as i haven’t experienced any noticeable health benefits yet i mix a scoop of this with greek yogurt as a snack or after a workout and i like the rich chocolate flavor and feel like i’m indulging but doing my body a favor at the same time it’s a fine powder that dissolves into the yogurt by stirring with a spoon and doesn’t leave any clumps as long as it is thoroughly mixed,1,1,0.9638536570886742,1,1.631587322396024,1,0.99865663,1,0.99680007
i mean it is what it is its pretty chewy decent tasting but if you’re trying to meet your protein intake for the day these can come in clutch,1,1,0.9108566569999172,1,1.0151291203478818,1,0.9904731,1,0.99439406
give great energy,1,1,0.9822009794273291,1,1.5943294618073156,1,0.9952866,1,0.9967393
i add this every morning to my coffee the taste is great and my skin hair and nails improved since using this product,1,1,0.9919772533616485,1,2.348257231057933,1,0.9995129,1,0.9972203
review for kos mint chocolate pea protein powder blend vegan keto dairy free pounds servingsbr br i have tried a lot of kos flavors and this one just might be my favorite there is a solid chocolate base with an unmistakeable mint taste i make a quick smoothie with this protein powder a few ice chips and almond milk it all goes in the blender and in less than a minute i have a wonderful smoothie that provides me with grams of proteinbr br the powder comes in a resealable bag and has it’s own scoop inside making it easy to know how much to use,1,1,0.9772488978453755,1,2.262594712570346,1,0.9983961,1,0.99698955
after taste is awful i regretted this purchase without tasting it first,0,0,0.2541835839109422,0,-0.6334779443982703,0,0.011870347,0,0.035538774
tastes great blended with almond milk and a frozen banana,1,1,0.9806386920151381,1,1.7094668042563896,1,0.9973214,1,0.99695814
the chocolate tastes like metal its barely drinkable and the taste lingers,0,1,0.6346332460547239,0,-0.06455497905063079,1,0.73068863,0,0.082944795
i love this product its amazing my hair nails and skin look great i feel great the price is too high if you mix it in your tea or coffee you wont taste a thing however when i mix in juice it has a smell to it,1,1,0.9866494627870676,1,2.0133292940349476,1,0.9864716,1,0.9967937
best flavor,1,1,0.99141256815351,1,2.346415468997733,1,0.9943381,1,0.9963779
good supplement,1,1,0.9779028052708605,1,1.377171938472209,1,0.9812537,1,0.9961055
i’ve ordered this product from different vendors and researching the amount of ounces product ingredients and overall value this product is great mixes well does not clump up i always mix in hot liquids usually my coffee not sure how it mixes with cold liquids no taste so you can’t even tell it’s in the beverage i’ve noticed a big difference in the growth of my hair and since i’ve been using collagen powder my hair loss is definitely has decreased note when you purchase a powder sone companies may have more ounces but you need to use two scoops but this is one scoop per daybr i’ve been very happy with this product hope this review is helpful for those looking for a supplement to help with hair growth,1,1,0.963103335455202,1,1.770117593499454,1,0.999966,1,0.9953916
i think it tastes mild but thats ok i use almond milk with vanilla and its easy to drink was looking for a low carb protein and i like it will buy again,1,1,0.9766098481857826,1,2.048516163314473,1,0.99945754,1,0.996369
these taste sooo good they taste like chocolate milk to me although for is expensive wish there were more bottles definitely buying again but probably not as often,1,1,0.7053593782595193,1,0.5025542114310263,1,0.91432744,1,0.9661963
as a lactovegetarian i struggle with getting enough protein and have always had to supplement with protein shakes ive always used a different brand jarrows for protein shakes but was looking for a vegan berryflavored one this one came with stellar reviewsbr br unfortunately im not sure whybr br in addition to having the gritty texture like you dropped your shake at the beach and then scooped it back into your shaker bottle this has the most chemical taste ever theres no berry flavor but there is a heavy fakesweetener taste with a hint of berryish in the aftertaste if anyone is doing a sugarfree diet this will make you bowled over with how sweet it is and not in a good way it made me wince because it was so syntheticbr br i gave it three tries the third time i added it to a berry smoothie which when blended could absolutely still be tasted but was at least able to get down my husband said i made a face after each sip which i didnt even realize i was doing it was just that badeven when blended with fruit and greek yogurt and icebr br this was so expensive so ill power through it rather than throwing it away but if i had money to throw away this would be going right into the trashbr br i will never buy this brand again and am shocked at all of the rave reviews,0,0,0.34311047490920094,0,-0.45056210176106726,0,0.012027375,0,0.17091721
ive tried a few different brands that had little to no effects this brand is noticeably better i take first thing in the morning and sometimes another after waiting at least hours after my first mealbr br ill be subscribing to this when this bottle runs out,1,1,0.775427103927153,1,0.6359713217049762,1,0.9123181,1,0.977801
i miss the measuring cup they used to provide that clipped to the inside cover no mess and efficient this is an excellent product with no fillers no sweeteners and no junk healthy,1,1,0.8072576039468121,1,0.7429648648394787,1,0.99966145,1,0.9965341
great,1,1,0.9989227211392794,1,2.927870983357807,1,0.9936824,1,0.9969181
too many ingredients i dont want in my body,0,1,0.8955718786976004,1,1.289924012881186,1,0.96331304,0,0.16903172
i keep getting shipments despite me contacting amazon to cancel the subscription cant even find the subscription in my settings anymore yet they keep mailing it to me fortunately this shipment they are out of stock and i wasnt billed again this product is awful not like it use to be and amazon is not reliable,0,0,0.24953631347178382,0,-1.1700593895649944,0,0.0011486886,0,0.049848508
i am extremely disappointed in this cup it is the first one of many that requires batteries rather than charging however i can deal with that what is not okay is that it doesnt create a vortex or mix up a drink well i use a cup like this once a day to mix oz of milk and a scoop of powder and it the blender could not handle it it works for about seconds and then stopped mixing the motor was still grinding,0,1,0.5852521671162261,0,-0.06331037462331768,1,0.82435673,0,0.045175068
perfect little cup with blender ball,1,1,0.9708309920852977,1,2.043864092964355,1,0.9968265,1,0.99677926
i use a scoop of the genius collagen every morning to add to my herbalife tea i have arthritis and always like collagen to add to my drinks and this one actually has no flavor unlike every single other product i have tried im sold,1,1,0.9719311250650625,1,1.687147881008925,1,0.9951893,1,0.990159
i should’ve taken a picture but i keep all my pills in a pill dispenser and for some reason this one is swelling up double the size and is cracking which makes it impossible to swallow i have no idea why it’s doing this because none of my other pills have this problem i will try to get a picture and post it,0,1,0.7163219954079668,0,-0.014288321230238932,1,0.9782397,0,0.07591627
love this stuff because you can mix it with anything to get more protein in your diet,1,1,0.9250787208895679,1,0.9268686379546058,1,0.9856037,1,0.9967103
purchased this product with the hope that i could mix it with a liquid and could drink daily did not mix at all and the flavor was awful,0,0,0.3181097712466919,0,-0.49180932762272356,0,0.0047537284,0,0.037992984
gives you a jittery feeling other than that it’s good,1,1,0.9711598346759249,1,1.5389903108247622,1,0.998279,1,0.98075014
smells and tastes fresh mixes easily and has caused me zero stomach issues the fact that the company is diligent about rd party testing is a big plus for piece of mind as well,1,1,0.8726804839761287,1,1.0048783459950326,1,0.99940395,1,0.9935091
it has a good taste and it’s easy to blend,1,1,0.9744615187541383,1,1.9322008403645767,1,0.99933857,1,0.99695444
great grape flavor by far the best grape flavor i have found in these type of drink mixes i enjoy this for an extra boost of pre workout energy i would definitrly recommend,1,1,0.9868164587809499,1,2.4017411825151167,1,0.99882394,1,0.99726737
one of my favorite vitamin highly recommended,1,1,0.9687542799662385,1,1.7427368681768984,1,0.9999014,1,0.99696404
you will like this protein powder this is my second container of this brand different flavor though this is pretty good i like peanut butter and i like sandwich cookies this combines both,1,1,0.942824562600347,1,1.2764187703265668,1,0.98030704,1,0.99673563
fits right in with my wellness goals last physical and blood work tell me that it works,1,1,0.9336289577552885,1,1.3256850899308759,1,0.99501294,1,0.9965539
si,1,1,0.8235403465442933,1,0.7664684913998413,1,0.9488764,1,0.98183745
ive been buying different kinds of protein powder but this has been my favorite one for years now,1,1,0.9229965881820394,1,1.156214704180553,1,0.9920845,1,0.9938864
they were out at the store ordered here quest is only protein drink that does not have the artificial sugar which induces headaches wish they had more flavors in premixed,1,0,0.4537174395971498,0,-0.2785560301576443,0,0.0169379,1,0.5245125
vanilla tastes great so it never feels like i have to force myself to drink this,1,1,0.8058444134295303,1,0.11231576479437594,0,0.052447483,1,0.9917651
yum,1,1,0.9065518950524402,1,1.32287607494552,1,0.9976532,1,0.99499065
easy to travel with took on vacation,1,1,0.9307897856901305,1,1.4171138084548254,1,0.99668,1,0.995869
this was advised to me by a certified nutritionist after i came out of the hospital with severe hiatal hernia tastes great and provides nutrients and enzymes needed everyday great product,1,1,0.8864275512513079,1,0.4840756008697603,1,0.99891627,1,0.9956722
great taste easy to use,1,1,0.9972752956512609,1,3.096832275509952,1,0.9993736,1,0.99690884
product is mostly tasteless and dissolves quickly in any liquids my nails grow twice as fast and joint pain is gone,1,1,0.9536134951568841,1,1.3284628596835044,1,0.99878484,1,0.9596587
i first purchased this product at a local vitamin store i have been using this product now for about eight months and i absolutely love it after about a months use i noticed the difference in my skin my hair my nails also in my eyesight and in my muscle and joint function i had experienced physical trauma recently and i was reading about all of the benefits of collagen and collagen is something that your body starts to not be able to produce as you get older and it’s one of the main necessary compounds in your body that help rejuvenate skin muscle joint and bone tissue and maintain eyesight and continuing normal body function so i would try anything at this point to try to repair the physical trauma to my body and this product helped significantly i’ll put this product in my coffee every morning it melts down very easily and i do not notice any type of flavor whatsoever i have tried to put it in cold beverages which is a little bit more difficult in mixing but it does mix and it does not have any type of taste to it also another thing that i really love about this product is that there isnt a high sodium content like other collagen supplements out there which obviously too much sodium in the body is not healthy we need some but not too much i recommend this product to anyone wanting to add collagen to their daily intake for whatever reason beauty health or both,1,1,0.919708272087073,1,1.0096451397220927,1,0.9698326,1,0.9963475
protein delivers everything it says label was incorrect for nutrition,1,1,0.598662459735348,0,-0.4940113683068392,0,0.0051775486,1,0.9826347
add some frozen fruit and ice to this delicious it is very filling and will hold me till lunchtime hard to do,1,1,0.9232892472002269,1,1.195939719635469,1,0.98089427,1,0.996467
nothing crazy good for the money preworkout i wasnt wild about the flavor but may just be preference,1,1,0.5791774549255685,0,-0.3065535651052047,0,0.18053183,0,0.05422946
featuresbr nongmobr mild tastebr gelatin freebr glutenfreebr made in usabr vegan friendlybr cgmp certified facilitybr fda registered facilitybr does not stick to teethbr pomegranate like flavorbr br considerationsbr slightly on firm sidebr unknown if soy freebr unknown if dairy freebr some clumping of productbr unknown if third party certifiedbr no reference to being usda organicbr grams sugar gummies teaspoon of sugarbr br the great debatebr the science always seems to be in question surrounding the benefits of supplements now whether there are health benefits using this product will not be outlined or debated here as the reader can make that conclusion independently notwithstanding this writer wanted to take advantage of those benefits we understand are associated with taking this supplement which is marketed toward heart healthbr br the bottlebr the bottle of gummies arrived with a shrinkwrapped lid the plastic bottle being ” inch tall and ” in diameter we’ve seen glass bottles in other supplements the bottle did not have a “childproof” lid we prefer childproof for safety’s sake the bottle was sealed under the lidbr br aroma tastebr these beet support gummies are noticeably firm now there is no accounting for taste but the taste was like pomegranate the gummies have a stiff but smoothbr br valuebr this offers pricing that is competitive i am happy to have selected this to trybr br the brandbr i never heard of kwala they may have used a contract manufacturer of supplements i suspect this since this is “manufactured for” thembr br the gummiesbr these gummies are slightly stiff andor firm but have some softness the texture is smooth as i consumed chewed and the gummies “did not” stick to my teeth which i prefer these are not sugar free which would have been nice rather are like others these have a dome shaped appearance and are about the size of a dime and several nickels stacked high thickbr br warningbr do “not” eat more than the recommend amount which is two gummies per day so says the label that’s how potent these arebr br ingredientsbr these are made in the usa which is noted on the bottle beet root powder grapeseed extract larginine lcitrulline vitamin c bbr br best of both worldsbr these have the best of both worlds beet support in a gummy so i can say goodbye to swallowing a hard pill that’s even close to these ingredients i think these beneficial to my health only time will tell and in this instance i received a single bottle of gummiesbr br digestionbr i felt no negative tummy consequences after takingbr br fresh productbr the date of manufacture was not labeled but i could read the expiration i received these during november the gummies were partially clumped togetherbr br always consult a healthcare professional prior to anyone taking a supplementbr br i hope my thoughts were informative,1,1,0.7077448248361172,1,0.3805782404508275,1,0.9616157,1,0.9726458
i was looking for a granola bar alternative that had a little protein to send for snack my kids liked it i didn’t try one myself,1,1,0.8080084494367893,1,0.2804652374129522,0,0.4454854,1,0.70248413
little green dynamite not sure about the sugar content but feels like not much sugar more creatine opens blood vessel flow allows nutrients in to veins and organs,1,1,0.7001530085602272,1,0.08821426884880373,0,0.08202473,1,0.965021
just started taking this last night waiting to see if it makes me more active decreases my cholesterol and helps with fatty liver will update later,1,1,0.9309330849937911,1,1.5907944282232913,1,0.99873096,1,0.99580365
my husband takes this with him in his semi truck on days he is on the road this is a perfect product mixed with his butter and coffee it blends easy by itself he usually adds it first and then pours hot coffee over it and swirls his coffee around he said he does not have issues with clumps does not impart any extra flavors to his coffee he likes it no complaints or regrets,1,1,0.970518877142543,1,1.7041479966635136,1,0.9999521,1,0.996135
normally like cellucor products but this one leaves a lot to be desired overall the product was below marginal unlike other c supplements ive taken this one did not seem to have the kick which meant it did not product the desired effect in fact c sport seems much better than this more expensive product in my opinion i wasted the money that i spent on this product lessen learned,0,0,0.47881667251408994,0,-0.23586036877822714,0,0.022647828,0,0.32019022
i normally dont spend this much for just protein a meal replacement formula yes just protein no but i dont rate on price so that doesnt factor in what does the sodium content i failed to notice the mg of sodium this contains something that fluctuates a lot from brand to brand i had a big bag of this some time ago that i remember now had too much sodium for my liking oops same formula just packaged differently this is definitely on high side as usually the higher sodium brands also have a lot more protein grams the protein in this is grams which i happen to find to be a good amount per serving for my needs if using this on hikes then i dont mind the higher sodium amountbr br taste is fine light vanilla almost neutral pairs well with unsweetened vanilla almond milk a little weird to get liquid from a milk container into this much easier to use water mixes fairly well but you have to shake it a lot and do some massaging to make sure the clumps are broken up since there is really nothing else you can do with this no adding a banana or other goodies i can at least say that it has a pleasant enough flavor i had used their loose powder from a bag as a base for smoothies and add ins and for use in making healthy pancakesbr br i imagine some of the price is due to the convenience factor nice for on the go protein needs i think it is a neat idea to have a fillable container that can be closed off if you dont want to drink it all at once and because i tend to reuse stuff i have refilled empties and put them in freezer for use as ice pack also would use this as a water bottle or to refill with protein powder and add liquid later you get the idea,1,1,0.935371167907539,1,1.3200234071471346,1,0.96651745,1,0.9882464
this used to be sold in lbs container now it’s lbs for the same price basically this product became pricier without raising prices because you get less now see photo of old and new container,0,1,0.7603957820351562,1,0.42832492706717545,1,0.96868557,1,0.63394856
tastes terrible does not even taste like chocolate mint but more like some chemical crap,0,0,0.27023439704978774,0,-0.7782409610323957,0,0.26171747,0,0.058399435
this is the first protein shake that i have found that is yummy and vegan,1,1,0.9700839431211148,1,2.029656728126001,1,0.99877244,1,0.99601537
i really love this collagen mixes so well in my morning hot drink and it’s just enough protein for when i need a little something in the afternoon will definitely buy again,1,1,0.9923123783430083,1,2.3278524245938437,1,0.9983876,1,0.9970149
this is a protein powder not a coffee it does not taste like coffee it is thick and grittychalky and the dominant flavor is vanilla flavored pea protein the two main ingredients are pea protein and acacia gum chicory root is also a primary ingredient this drink causes gas bloating and gi distress protein sludge sinks to the bottom of the cup it is better consumed inside of a blender bottle so you can keep shaking it up while consuming it rather than as a cup of coffeebr br the current cost of is per serving this is a ridiculously high price for protein powder or coffee the immunity label is a marketing gimmick,0,1,0.7899733293133925,0,-0.12532455381851892,0,0.096227735,1,0.94814825
been using this preworkout for about a month now it is a little powdery but the flavor is great ive been mixing mine with gatorade and one day i forgot and mixed it with water and didnt notice the difference until halfway through my work out i would say this is definitely more beginners friendly pre because the scoop size is small and the amount of beta alanine isnt much however i dont prefer that much tingly sensation anyways another comment on the flavor is that it doesnt taste too fake or synthetic like other pres overall i recommend this,1,1,0.8679499961762331,1,0.6027388772700806,0,0.103104584,1,0.9928302
lots of good ingredients vitamins and such taste is a bit sweet for me mixes well does seem to keep going all day we shall see long term i dont use a full portion because i add other things and protein to my shakes,1,1,0.9873425768763961,1,2.4519419292964604,1,0.9999267,1,0.99583083
the taste is unbearable i tried mixing it with everything and nothing can even begin to mask the taste also it’s a small container,0,0,0.4624867493679071,0,-0.42036973477462447,0,0.0447762,0,0.04338523
this bar is smooth and does not require heating it delivers everything birthday cake promised and failed and while the wrappers unappealing the perfect onpoint taste and texture is notoverly sweet and in my opinion perfection after about boxes i saw stock plummet and rising prices their website showed seasonal flavor and out of stock unlike its partner release of pumpkin pie a complete dud this ones a win i wrote the manufacturer begging it be brought into regular rotation i told them if they needed to drop one the ones that never sell in stores i see birthday cake albeit attractive wrapper hot seller flavor i expect next to see for hamburger helper it got all the sexy this one got ugly and bark but its elegant and perfect just needs remarking help dont buy any of my boxes shhh,1,1,0.7561738061249462,1,0.5488824618336281,1,0.9937197,1,0.71259695
definitely not the typical protein shake smooth no grit and quite yummy,1,1,0.9141356003237755,1,1.2071276596146396,1,0.9998198,1,0.9954287
been working out for months now and i always finish a workout with muscle milk pro series vanilla i can tell a difference since i’ve started finishing my workout with one of these shakes recovery time is much less and gains are noticeable higher,1,1,0.9530111393104218,1,1.010834460118132,1,0.99735177,1,0.9950854
this is a bit of a mixed bag i like the simplicity and high quality ingredients however on its own its not a great protein shake there is a very neutral taste except for a bit of egg this is nice because it could mix well with many things if thats what youre looking for then this is great if you want a ready to use protein powder then you may want to consider something elsebr br the mix was very easy with a standard shaker bottle a little grainy but not really unpleasant,1,1,0.9542406957293261,1,1.6886975727695468,0,0.048887447,1,0.993561
my son loves this cup it is perfect for his protien shakes me drinks to help with his hunger,1,1,0.9649627438632943,1,1.538635532404538,1,0.99993193,1,0.99672973
i bought mine at a store sorry amazon so i know it didnt contain milk ingredients unfortunately i wouldnt trust amazon to send me the right one so i can only recommend buying this at a storebr br as for the protein itself its a very good product it doesnt have a big stevia aftertaste like some other protein powders ive tried the flavor is towards the top of the list of the protein powders ive tried you wont dread drinking it the price is good and its hard to find a better deal unless youre buying in bulk give it a try i think youll like it,1,1,0.7630163747496612,1,0.2693604517093674,1,0.97900736,1,0.9490044
it works,1,1,0.9697875558190333,1,2.223294452227873,1,0.9967403,1,0.99639124
i use this powder to add protein in my smoothie or when i bake love love mix really well and not clumpy at all,1,1,0.9790195289674933,1,1.716156142042436,1,0.97917134,1,0.99705386
i have bought these a few times however the last time i found them much too sweet for me they will definitely satisfy your sweet tooth with a chocolatey flavor that they were are really really sweet,1,1,0.7545688443088028,1,0.5549226213763148,1,0.86120814,1,0.9939446
it’s really big,1,1,0.8657739837669558,1,0.9822744997449784,1,0.9843592,1,0.9939761
tastes great does the job,1,1,0.9596233287729418,1,1.1730080602688269,1,0.96650064,1,0.9970546
helps with immune system good product stops canker sores also,1,1,0.9690190940626652,1,1.803538513658184,1,0.99979657,1,0.9962794
idk if i got a bad batch but i have tried it twice making the exact same smoothie i make everyday only thing i changed was adding the new protein it is making it bitter i use the collagen and thought this would work for me but not the case,0,0,0.42597935652525426,0,-0.21266081112058233,0,0.05246907,1,0.5622603
i have purchased this exact collagen powder many times however the most recent time i purchased it it came with a bright red lid why not the usual white and the safety seal inside was open and there was a powder everywhere and b gross brown clumps around the mouth of container after doing a returnreplacement i received the replacement and it also has a bright red lid broken safety seals and brown clumps of who knows what around the mouth why are the lids suddenly a different color why does it look like the containers were opened and glued back closed what did i actually purchase there’s no way i’m buying this again,0,0,0.21400081067219218,0,-0.9940508650925997,0,0.0035077413,0,0.03455543
i used to be an advocare sparkaholic after its unreasonable price hike i looked for an alternative this is definitely it you get more for the money it tastes good and it has the exact same effect you can take this for a preworkout and its works great however i found it works fantastically for studying or focusing on detailoriented projects my oldest kids drink it for test days at school highly recommend,1,1,0.9402474655520761,1,0.9968121343078942,1,0.9995284,1,0.99624664
after recovery from a cardiac ablation i was taken off of amiodarone which served me well for several years prior to the ablation within the first weeks of being off of amiodarone however my legs felt extremely heavy during my mile walksso much so that i doubted whether the ablation was successful during this time sportlegs saved the day for me by lessening the heavylegs feeling now after about months i rely on sportlegs to propel me to more strenuous hikes i love this product,1,1,0.7575583618533521,1,0.7653196340424211,1,0.99683124,1,0.992861
is good i refrigerate them is good if you like protein bars i love these,1,1,0.9903009843337375,1,2.25691742309553,1,0.9993767,1,0.99702376
great snack while on the run,1,1,0.9709749130402381,1,1.760206103443518,1,0.9948757,1,0.9968215
i generally take my coffee without any sweetener i checked the label all over and it didnt indicate that any sweeteners used in this product so i put half a scoop into my oz of coffeebr holy smoke so unexpectedly sweet i literally spit it outbr granted part of that was the shock not the flavorbr br so where does the sweetness come from it gets the vitamin c from cherries cherries arent that sweetbr it also contains concentrated cream flavorbut doesnt define if that contains sweetenerbr br i hope that codeage will read this and make the label more clearbr br that being said this product gets huge thumbs up for being organic and does taste very good in a smoothie or shakebr br easy to recycle canister that is double safety sealed,1,1,0.7174092755982484,1,0.35546391608329686,1,0.99895537,0,0.13112256
could use some creatine and a nootropic blend but the ratio for pump inducing ingredients is pretty good for the most part this was a decent preworkout,1,1,0.9384069466086072,1,1.1610012761464499,1,0.9837104,1,0.9954399
i love this product it taste absolutely great and dissolves completelyvery important and as soon as it is gone i plan on ordering another one,1,1,0.9483269161048989,1,1.2889693424912068,1,0.98764384,1,0.99649626
i did not like these at all i can usually get through something so as not to waste couldn’t even get through one bar i did not like the taste or the texture at all,0,0,0.043796771017723064,0,-2.2754125934062084,0,0.0021555729,0,0.25455382
price is great texture pretty good lemon flavor is more tart than sweet overall not too bad,1,1,0.9391481014298533,1,1.3440113567634442,1,0.96616024,1,0.9971691
orgain keto collagen protein powder vanilla container less than full no refundno return will not mix with tai coconut milk just sits on top of milk drank mixture made me sick to my stomach headache tiny sharp abdominal stomach pains tastes horrible gritty watery tasteless please see pictures i will never order this again ever,0,0,0.3570391608898768,0,-1.1160322321679452,0,0.000277622,0,0.040878776
lowest sodium protein pancake mix i was able to find taste like pancakes super happy with purchase,1,1,0.9032337652734265,1,1.5354440744753162,1,0.99799335,1,0.98458385
this is a great product by a really good company i highly recommend it,1,1,0.98213716065584,1,1.5264864957388102,1,0.9988846,1,0.9969246
tasty flavor good nutrition good value for the money,1,1,0.9605294908741268,1,1.3290066701616459,1,0.99658316,1,0.9969842
sometimes i need a little snack but dont want an entire protein bar so i thought these would be a great little treat snack to have on hand much healthier than some of the other treats i have in my desk drawerbr br i was pleased with the nutritional information on these but was a bit disappointed with how teeny tiny these were a bit too smallbr br i wont be ordering again but would be willing to retry if they were a bit bigger in the future,1,1,0.883286490009596,1,1.1708093053227673,1,0.9340756,1,0.7188506
im so glad i found an all natural product without caffeine or artificial sweeteners or artificial ingredients i only take half a scoop and it works perfect no after jitters or crashes it gives clarity and great mental focus i have felt mind muscle connection with everything contracting more then ever before,1,1,0.965876387570861,1,1.6589676391074035,1,0.9971438,1,0.9967746
i love this protein powder its a nice flavor and the ingredients are cleanand vegan which is important to us too it has a slightly gritty texture but works great when blended in a smoothie and its not super sweet which is also something i love i dont add sweetener to my smoothies and having one that has just a touch of sweetness is what im looking for and its not stevia which is also important because any steviasweetened product is typically overwhelmingly sweet to mebr br if you are looking for a quality protein powder free of animal products i highly recommend this one i havent tried this in just liquid but its stellar in smoothies,1,1,0.9416115798536469,1,1.1597260695154508,1,0.90651834,1,0.996698
great cup,1,1,0.9784557530048726,1,1.5374208833661436,1,0.9830881,1,0.9968077
i was pleased with your product and it did make me feel better hair and nails showed improvement,1,1,0.8477133934527658,1,0.6406964722489871,1,0.9952028,1,0.9949326
these are the best protein bars on the market others i have tired are very hard on the digestive system but i have never had an issue at all with them can’t say enough about them except to give them a try,1,1,0.8492912669577084,1,1.1905418439298423,1,0.9853837,1,0.9923631
magnesium is an important mineral and many people are deficient in it i have taken it for many years after i explored its anticancer and antiheart disease properties and it can help with relaxation not all magnesium is equal in terms of absorption and utilization by the body however the forms in this formula amino acid chelate and citrate are good forms my daughter takes these wafers since she doesnt like swallowing pillsbr br the only reason i gave it four stars is that i dont like the sugar content of the pill fructose is the first ingredient and because i cant find anything substantial on the company,1,1,0.7401657646245347,1,0.05663631622970294,0,0.008103797,1,0.9778415
got this in place of what i usually use because of shipping issues do not like the flavor and is grainy going to keep my usual brand,0,1,0.6256326004849021,0,-0.09344074545096226,0,0.029158501,1,0.7401071
yup,1,1,0.7944206329076468,1,0.529492455724013,0,0.36821547,1,0.989913
i work out immediately after waking up i tried to take preworkout or eat cliff bars with caffeine in them but for whatever reason they just made me sick i mix a scoop of this with a cup of water and im goldenbr br how it mixes with cold water is interesting honestly it works but takes a second i wouldnt say you get an insane pump but it definitely gets you going and wakes your body up i wasnt going for anything crazy so this product is perfect for me another quality on purchase,1,1,0.868458720587965,1,0.7028770373924665,1,0.78536797,1,0.99360114
i used to buy vital proteins but started to use this about three years ago instead overall i feel good and do a lot to try to stay healthy so its hard to say this one thing is the thing that makes all the difference however i believe in the value of collagen this is a really good product and i add two scoops to my smoothie every day which i will continue to do,1,1,0.9456493594330286,1,1.6566159252961068,1,0.99956805,1,0.99652785
great quality,1,1,0.9957087209028127,1,2.2253631000204215,1,0.99653554,1,0.99685127
good basic ready to drink protein drink flavor is good and seems to be good quality product,1,1,0.9829783348582627,1,1.4850857735003746,1,0.9968143,1,0.9970053
i do believe that this product actually gives me more energy i consumed one pouch before a tennis practice last week and i had more energy than usual and recovered quickly when tired earlier today i was feeling draggish and not wanting to do much i consumed another pouch and have since done a lot of chores around the house and not even one bit slow or tired the flavor of these is pretty good it reminds me of hersheys chocolate syrup but not quite as good they are easy to drink from the pouch and if they fire my jets i bet they will fire yours too they come in a resealable bag one pouch had burst in the bag so i had to put all the pouches in a colander and rinse them off then rinse out the bag but all is well now,1,1,0.7850473222300591,1,1.0415852077969516,1,0.991767,1,0.9947891
i have been taking this supplement for over weeks now there has been a significant difference in my wellbeing not only at the gum but i feel more energetic in general the body seems to be more efficient overall there is a feeling of better pumps at the gym i would recommend this product but as always consult your physician before taking any supplement,1,1,0.8665552639545273,1,0.47780112926097446,1,0.9941888,1,0.99560636
i was impressed with the effectiveness of this glutamine supplement in supporting my performance and recoverybr br i noticed improvements in my strength and endurance during workouts as well as faster recovery times after intense exercise when incorporating the glutamine supplement into my routine the supplement provided a source of fuel for my muscles aiding in the synthesis of muscle proteins and preventing muscle breakdownbr br in addition the immune system and gut are closely linked and glutamine has been shown to support both glutamine acts as a fuel source for the cells of the immune system and helps maintain the integrity of the gut lining preventing the entry of harmful substances into the bloodstreambr br overall i highly recommend this glutamine supplement for athletes looking to support their performance and recovery its ability to support muscle protein synthesis immune function and gut health makes it a valuable addition to any training regimen,1,1,0.9580081673195263,1,1.5883462412531402,1,0.9999691,1,0.9960223
easy to take it dissolves quickly in a shot of coffee can tell a difference after one container in hair growth joint discomfort liked my results so much i put on the subscription service,1,1,0.9666733584226292,1,1.953245812160605,1,0.99942005,1,0.9960098
this drink taste so horrible i am not too picky with sugar free drink but the taste is horrid i tried to keep drinking and see if it would grow on me but the taste is just too awful definitely a no for me,0,0,0.3186855596051819,0,-0.447774964228167,0,0.010019826,0,0.03949768
i bought these protein bars straight from the manufacture’s website this sweet cream is my most favorite flavor so far the taste is not too sweet like the other brands of protein bars just the way i like it the texture is chewy so it’s best with a cup of coffeetea,1,1,0.838320169260489,1,0.7060957105518013,1,0.98207986,1,0.9968176
when i am finishing up my workout i like to take bcaas branch chain amino acids but also additional amino acids as well some research suggests too many bcaas without the others can have detrimental effects on the brain so i prefer taking eaas essential amino acids instead these are all the amino acids the body cant manufacture and other nonessential ones can be made from thesebr br i do like some taurine in my postworkout formula so ill have to add that but that is my personal preferencebr br this is a good formula from a brand i have had good experiences with the brand claims thirdparty testing which is important to me,1,1,0.9155176602692752,1,0.8245288451418196,0,0.4733479,1,0.9928128
sent to my granddaughter for a snack this summer at camp,1,1,0.7888094843544067,0,-0.08790287073225223,0,0.3265711,1,0.99006796
husband really dislikes the milky protein shakes you buy locally this one is very sweet but he can sip one all day for those on a clear liquid diet i recommend this very well worth the price and arrived very quickly,1,1,0.9002880791851182,1,0.9150979362446238,1,0.9727428,1,0.9794627
not the products faulti didnt like the taste overall great product though,1,1,0.7274917360545389,1,0.5739973513525662,1,0.99162465,0,0.2725332
works as expected roll out of bed am to be at the gym by nitro surge wakes me right up,1,1,0.8907954177237564,1,1.46821247947924,1,0.9997799,1,0.994001
since moringa is a superfood what a better way to get the benefits than a supercritical extract like this yep i use this instead of eating tabletscapsules and recommend it to my friends associates and patients for nutritional support keep up the good work gh,1,1,0.8944676142327789,1,0.7078234462228223,1,0.9906493,1,0.9955928
product recommended by a friend i use right before and after biking taste is great,1,1,0.9488338646988704,1,1.3173086334087643,1,0.997813,1,0.9972114
delicious,1,1,0.9905628006831674,1,3.019230423558707,1,0.9989699,1,0.9964954
i’m all for plant protein yea these are hideous my dog won’t even eat them there are better ways to get good non meat protein skip these no way 😞,0,1,0.8337267701067311,1,0.3349738350439248,1,0.96038866,0,0.05817142
i accidentally bought the recovery shake rather than the essentials shake the recovery shake does not have all the same nutrients as the essential shakes i’ve since started a monthly mail plan so i receive two bags of essential shake mix a month recommend,1,1,0.83328332190446,1,0.6951212564961688,1,0.99861634,1,0.89752156
i have to use this due to health problems i cant tolerate whey protein at all the vegan protein has literally kept me on my feet and this brand tastes so good,1,1,0.9046910048971928,1,0.7388315490631973,0,0.042985767,1,0.99582446
first i love chocolate plant fusion but not their vanilla onebr br this time of the year i love to make pumpkin smoothies and for that wanted a good vanilla protein powder which i have found really hard to find i have tried so many and dont know why its hard to get vanilla right but most are too chemically sweet for me or have an icky flavorbr br prosbr br packaging i love that it is was double sealedbr br quantity i saw pix where it looked like it was about a third full mine looked a little over half full and all protein powders ive gotten are like this because it settles so as long as i get the number of servings im fine with itbr br price i got the smallest one to try and so you pay more for how much you get but its in line with what i pay for other powder i usebr br smell i opened it up and was pleasantly surprised i really liked how it smelledbr br taste i only used one scoop for my pumpkin smoothie rather than the two and i thought tasted really good obviously not as much protein and nutrients with one scoop but i wasnt sure how strong it would be so used one really was good not too sweet no chemical taste and the pumpkin taste really came throughbr br cons so far nonebr br recipe for pumpkin smoothie take regular libbys pumpkin the kind without added ingredients just pumpkin freeze i freeze in ice cube trays so i can just pop out about three cubes per smoothiebr put in my mini blender i made with silk almond coconut milk a dash of nutmeg cinnamon and stevia to taste i may not have needed the stevia it tasted pretty sweet and blend wellbr br bottomline glad i got it and this will be my go to for when i want vanilla protein powder,1,1,0.8751230877472683,1,0.8715139875589821,1,0.99452823,1,0.9748039
tasted horrible,0,0,0.09971122525199808,0,-1.392996502214168,0,0.033329573,0,0.03875884
price for what you get isn’t great but overall this is a better pre than of what you find on the marketbr i do prefer this blend over their caffeinated blend simply because the stimcaffeinebased blend has ltaurine in it research shows that ltaurine can negate the effects of caffeine and even cause heart related issuesbr br that all being said the stim free pre is headed in the right direction but still a bit over priced for what is in it,1,1,0.8867988846300735,1,1.0820648261842911,1,0.9965198,1,0.9552872
flavors not the greatest but the protein content is exceptional i use it in my fruit smoothies the flavor is easily masked by fruit and almond milk i use,1,1,0.9445231949437446,1,1.6069925215451755,1,0.99630344,1,0.9969433
i love this meal replacement shake so much it is tasty and mixes well ill continue to purchase,1,1,0.9809166759325859,1,1.806376115386185,1,0.99924856,1,0.99683136
collagen is a staple in my household my wife and i add it to our coffee yummy butter and mct oil coffee every day weve tried several different brands heres how this one comparesbr br the good it really doesnt have any flavor no aftertaste nada it wont wreck what you add it to you get a good amount of peptides its also grass fed which can really make a break a supplement like thisbr br the notsogood there are servings in a container that costs at the time of this writing while some others are that expensive there are plenty that have twice that for about the same cost servings for is a chunk of changebr br middle ground this powder does clump pretty easy most do ive tried two different brands that dont but all of the other ones clump also the scoop size for this one is huge you also get a lot per serving it might be that you use half a scoop to match others and then the price tag isnt so badbr br overall its a good supplement,1,1,0.953925587948607,1,1.2485204097144607,1,0.9989791,1,0.99287015
great product,1,1,0.9910199861615988,1,1.630876905865732,1,0.99142504,1,0.99691916
i love this product and can no longer find it in stores thank you so very much there was some confusion as it says three pack but you only get one bottle but its not one bottle of its a bottle with as many as three bottles great deal,1,1,0.893831906677051,1,0.9207749994807528,1,0.9965061,1,0.9906363
people want healthy but then scoff when something is offered in a nearly pure form this is just pea protein concentrate and brown rice flour in crunchy little balls fun if you are expecting sugar smacks pass this by this is more like grapenuts which i happen to like also reminds me a little of asinbwgjflw unsweetened quinoa puffs which i buy regularly side by side these pea balls are a bargain i see they have a whey option no thanksbr br crunchy kind of blah but pair well with other foods i like it sprinkled on yogurt added to trail mix as a base for a certain marshmallow treat regular marshmallows fruity marshmallows or asinbgzxos sugar free marshmallows i am not a big cereal eater but when i do grab for a bowl it is a ridiculous amount i enjoy taking sweetened cereal and bulking it up with an unsweetened cereal usually i use my quinoa puffs but these pea puffs work in their steadbr br can be used as a mindless hand to mouth snack but might want to add in a little extra something if it tastes too bland to you i think it makes for a good option for cutting in to other food items when you want the added volumebulk but not the calories sugar etcbr br make homemade trail bars or balls add these inbr br lbs makes for a comically huge bag,1,1,0.8937102647320501,1,1.1406585908168623,1,0.9941754,1,0.9923375
delivered as described,1,1,0.883876160952869,1,0.9546329346345618,1,0.97650355,1,0.99310994
i have been using a bovine based collagen for several years with great results but i really wasnt comfortable with the manufacturering processbr i decided on a marine collagen and went with zen principalbr i absolutely love this brand it has no fishy taste and mixes well and tastes great the container is huge and the price is fantastic i have continued to get great hair skin and nail results i highly recommend this product and brand,1,1,0.991500083179375,1,2.648636418728746,1,0.99962723,1,0.9964431
haven’t found a better alternative at a better price when you buy the other stuff you’re paying for a label a tub and the exact same creatine monohydrate this dissolves well doesn’t have a taste and digests easily,1,1,0.8819169092409403,1,0.4982732035643447,1,0.99850583,0,0.24266808
i bought this in hopes it would help relieve some of my joints painhelp with my weak peeling nails it has helped so much i’ve tried supplements and oils and this is is the only things that’s truly helped my nails become stronger i just add a scoop to my daily coffee and it dissolves right in wo weird flavor or texture can’t say it’s helped with my joint pains too much unfortunately hence my stars,1,1,0.9602338697171737,1,1.3145685430608909,1,0.98770964,1,0.98599666
great pre workout snack,1,1,0.9809085688300576,1,1.325714819919927,1,0.99428916,1,0.9968671
these bars pack in the protein with great flavor and texture was happy with the value and would definitely order again,1,1,0.9795524499687571,1,1.985707194370239,1,0.99931896,1,0.99564904
i have been using this product for years i love it nothing compares to it its a must have,1,1,0.894842162958775,1,0.9254482838043714,1,0.9951178,1,0.99299276
i use it every day blend smoothies every morning pour into the shaker and place in the freezer while i get ready for work light shake and smoothie is ready to drink,1,1,0.95080087968589,1,1.7385011460058766,1,0.9983151,1,0.99661946
been using kos productssupplements for a bit over a year now and overall i have found the company’s products to be of high quality and a decent value especially if on sale this vanilla protein is no exception great flavor easy to mix and very versatile as i have used it in a variety of foods and drinks and it works well i mostly use it as a supplement to smoothies and shakes but it also works great in pancakes cereal oats baked bars and even desserts the vanilla is not too overpowering or overly sweet it does get clumpy at times but most vegan proteins do i find that this protein helps me get the protein and vitaminsminerals i need to replenish my body after workouts i also like to support companies that are responsible and honest in their sourcing and philosophy overall good product that is worth a try,1,1,0.992113034572006,1,2.55082486723834,1,0.99363786,1,0.9969103
organic,1,1,0.7730604827239236,1,0.22039671917525927,1,0.69396126,1,0.99308586
honestly a little too sweet to my taste they’re basically like a candy bar that i feel less guilty about eating since you do get some protein out of this but i would much rather it be half as sweet,1,1,0.8712831819736064,1,1.0342053939355558,1,0.9298537,1,0.63811487
it works good but it whips best if you have a stand mixer,1,1,0.979322136303766,1,2.2611619558945657,1,0.9994931,1,0.99536645
mine were stale couldnt bite into it,0,0,0.2604206448160173,0,-1.3876762593164096,0,0.0020579484,0,0.0372702
great tasting tastes exactly like fruity pebbles great to mix it up since im sick of chocolate,1,1,0.9081164597107035,1,0.6219412069638257,1,0.9803021,1,0.9967211
i have lifted weights for years and run a gym for and tried every protein powder imaginable this is the worst one ive ever tasted,0,1,0.697901664419425,1,0.1627120663674898,0,0.039055027,0,0.08238956
not sure how much this helped but i was taking small amounts of edibles once a day and stopped for weeks then drank tons of water for days before my test and then took this and i passedim also pretty lean so take that into account i wouldnt soley count on this thing to pass a ua,1,1,0.752663965983977,1,0.044580240164873,0,0.035304975,1,0.9412991
easy to blend taste good makes for a good meal replacement,1,1,0.991550888400003,1,2.507815425351449,1,0.9999765,1,0.9969664
product is ok though way too much stevia for my taste also terribly overpriced,0,1,0.7891506803585199,1,0.5251732640678152,0,0.14162135,0,0.22932199
when i saw my blood report i picked up my phone and ordered this used it a long time ago and was delighted to find it again and reasonably priced too,1,1,0.8329504191370625,1,0.818126977728069,1,0.9970944,1,0.98614013
great product,1,1,0.9910199861615988,1,1.630876905865732,1,0.99142504,1,0.99691916
its been a long time where i felt truly disappointed in something i bought but the price of these the taste and upset stomach all combine for a trifecta of unpleasantness theres really nothing positive i can say about any of the flavors i tried from brownie to blueberry as they all have an unappealing taste and texture as well,0,1,0.5242089831449253,0,-0.08398841382859845,0,0.044386588,0,0.045718115
we have tried so many protein powders and all of them were awful this is the only one we like and we really like it no taste added to food easy to mix cold water and doesnt break the bank weve used multiple bags now and will continue to do so as long as the quality and price remains good,1,1,0.9298180911011704,1,1.2282089473073943,1,0.99908555,1,0.9918019
excelente,1,1,0.8857749140724771,1,0.9712789272151501,1,0.9915354,1,0.9923449
i very much enjoy this product the flavor is great highly recommend using with vanilla almond milk yumm the powder is easy to scoop and blend the price is great compared to other organic products and provides you with more servings my husband and i are supplied with weeks worth of breakfast shakes and we are full for hours,1,1,0.99328565400327,1,2.3056782398428863,1,0.99926,1,0.9971648
tasty and the right amount of both protein and fiber will be my replacement for oatmega bars which have been discontinued,1,1,0.9520630478375045,1,1.1692766964895434,1,0.9749307,1,0.99666214
this garden of life marine grassfed collagen peptides powder supplement is a great bovine and marine collagen powder mix with added hyaluronic acid and probiotics not only does it help hair skin and nail health but also joint and digestive health as wellbr it mixes easily into my morning coffee overnight oats and smoothies its tasteless and odorless and doesnt leave any icky grainy or powdery texture in the last bit of my coffeebr ive been taking collagen powder supplements for well over six months and have noticed big differences in my digestion as well as my hair and skin i can always tell an immediate difference when taking marine collagen as it really helps my tummy im sure theres a difference in my nails but i keep them overlaid with gel so its hard to tellbr i really like this collagen powder i especially like that it is a combination of bovine and marine collagen that is grassfed wild caught and sustainable its so easy to take and i can really tell a difference with my tummy within a couple of days i believe the price to be very competitive and even more attractive with the coupon thats available at this time i would absolutely recommend this collagen powder supplement,1,1,0.9886541147599552,1,2.6019999328460344,1,0.97875834,1,0.99679726
i like that there is a couple of extra screw on compartments one for the powder another for supplements the main for almond milk it cleans up well also,1,1,0.8993227345086984,1,1.2119035117905743,1,0.9992932,1,0.9965514
this has been a lifesaver for me it has helped so much with pain from a herniated disc caused by an auto accident i stopped taking it at one point and the pain increased a lot i love having a natural solution to help with pain i make capsules and take of them x a day,1,1,0.9315867417398745,1,0.9727203030064018,1,0.9989942,1,0.9926723
it smells a little powdery but is it because it is not artificially seasoned i also believe in this quality so i would like to ask for it again next time i mix it with a smoothie and drink it together,1,1,0.8362978942261203,1,1.0069145143123563,1,0.9998585,1,0.9939069
these are my favorite protein bars others on the market have nasty flavor as you chew or the after taste is terrible these do not taste “healthy” but are are great for a snack or meal replacement i use them on the go breakfast or if i’m hungry late at night it’s a guilt free food sam’s club is always out of stock now i’m glad to know amazon carries them,1,1,0.9214904841198709,1,1.3598308815422597,1,0.99957603,1,0.9797092
these are by far the best tasting protein bars i’ve eaten,1,1,0.9554977163685453,1,1.2418170070413233,1,0.9972037,1,0.9965312
i use this product vas a meal replacement add a banana and dine cinnamon and it’s good to go,1,1,0.9799197341132808,1,1.6786570518900576,1,0.9997131,1,0.9966871
tastes just like a milkshake so good,1,1,0.9069789117685816,1,1.1161262374302188,1,0.94488066,1,0.99641526
better than many other liquids and has tumeric,1,1,0.8728776833531573,1,0.8551936117154344,1,0.93082047,1,0.99594396
the flavor is great i loved all three flavors in the variety box,1,1,0.8888985550609878,1,1.199436875251624,1,0.9984767,1,0.9961862
it makes for a nice lemonflavored snack ill buy it again,1,1,0.901086940058046,1,0.9481163803473166,1,0.9919131,1,0.9879216
taste great,1,1,0.9928806585994133,1,2.2488037992572556,1,0.99418795,1,0.997129
switched from a more expensive creative and this one does what it should do i feel pretty energized with this product and can work out harder i will continue taking this product as needed,1,1,0.8710465177241329,1,0.8520984041281693,1,0.9919551,1,0.9950235
love that there’s no additives,1,1,0.9437570361914526,1,1.5824913433336205,1,0.999524,1,0.9955129
banana cream is an experiment i won’t be conducting again but this brand is excellent if you get the chocolate cookies and cream strawberry or vanilla,1,1,0.6859048390011565,0,-0.15234790029664946,1,0.72027194,1,0.99045324
nothing to dislike all good beautiful beet red color added to yogurt or smoothies or just juice a small amount each day for good heart health,1,1,0.855600022810402,1,0.33724282308511355,1,0.9992879,1,0.99434847
i use this to help with diarrhea from radiation damage suffered years ago it helps greatly i prefer the vanilla flavor but this is a nice alternative i use this daily in my almond milk and it really helps,1,1,0.966149530842694,1,1.5306588453790189,1,0.9992142,1,0.99638844
not the cheapest protein bar you will buy but it may taste the best,1,1,0.7911630800761786,1,0.5855616540473876,1,0.99705637,1,0.9870111
i’ve had a lot of chocolate protein powders and this is the best one i’ve had yet rich chocolate flavor that tastes like real chocolate doesn’t have any weird after taste great product,1,1,0.9120260467060048,1,1.196113931358127,1,0.9679966,1,0.9964311
i bought this stuff direct from the manufacturer so its not going to say verified purchase but you have to trust me this stuff cracks you out i drink it and minutes later i can feel my skin tingling i dont get the mental focus i got from the other brand i tried which i cant remember but that one didnt give me literal skin tingling energy i also have trouble getting the entire scoop to mix no matter how much water i add it to theres always a little powder still at the bottom of the cup or bottle,1,1,0.5642039025140385,0,-0.07096502819411521,0,0.36148885,0,0.06932256
higher calories than i like and some days this is what i need when i cant make a shake really good when cold,1,1,0.9553429982479803,1,1.3319497623691605,1,0.9865051,1,0.9962819
great,1,1,0.9989227211392794,1,2.927870983357807,1,0.9936824,1,0.9969181
i use this once or twice a day i love it it blends easily does not have aftertaste is not grainy i mix in a blender healthy for you and it sustained me,1,1,0.8978528969886924,1,1.0413383133317702,1,0.99546415,1,0.9968731
tastes like playdoh a little awful aftertaste,0,0,0.3253480898110066,0,-0.5778033593771406,0,0.017521406,0,0.111123264
great protein drink especially if watching sugar levels,1,1,0.9573106864203154,1,1.6098413690116165,1,0.9985863,1,0.9970595
i had high hopes but as good as it tasted i began having very frustrating problems that caused diarrhea had to stop using it,0,1,0.64709561835074,1,0.22755892118757554,0,0.19581127,0,0.093988776
considering the short time ive been taking beet root it seems to give me more energy,1,1,0.8718339118667572,1,1.0453208763664055,1,0.98884165,1,0.9906927
with apologies to jennifer aniston these may be healthy but they taste awful put them in refrigerator hoping that helps,0,1,0.5286387057274506,0,-0.3286052598762096,0,0.10384379,0,0.3799955
warning if something ever says “fruity cereal” flavor never entertain for a millisecond any thought of buying it this flavor put forward by anyone and any flavored whey product made by this company are good for only to induce continuous vomiting to the point of dry heaves in man or beast,0,0,0.41428149199215475,0,-0.9470897270333549,0,0.008657145,0,0.055224758
ive been drinking this stuff for maybe two or more weeks now and i must say im noticing a difference in my muscle mass and my nails longer and stronger than ever ive come up with a system since the blending isnt awesome and the taste is heinous i fill a oz bottle with shaker balls at the bottom with hot water add a scoop of the protein powder the hot water dissolves it better shake vigorously refrigerate overnight in the morning i set it out and chug it down through a straw in the afternoon its hard to chug when its cold before i was adding a ton of mio and it helped the milkshakey taste but who can afford that much mio ive added it to smoothies and frozen alcoholic drinks and you can taste the protein if thats the route youre headed overall this is a great product no carbs bulk size great nutritional value etc just the taste is rough plain which is how i was hoping to drink it,1,1,0.9423722104907647,1,1.4544632285126502,1,0.945438,1,0.98080623
i took one bite and i had to spit it out i can normally at least finish the bar if i dont care for something but this one was a waste of money threw the whole box away,0,0,0.05518512248433039,0,-2.125854315184424,0,0.00012022244,0,0.03647618
pricey but overall a good product,1,1,0.9673756594561418,1,1.6153104306090187,1,0.9988207,1,0.99571556
my son uses this everyday after he comes home from the gym he loves it fast delivery and the price right,1,1,0.9607469814448105,1,1.860563769613758,1,0.99998724,1,0.99683857
you will notice a good difference,1,1,0.9218499916793635,1,0.7327024188023343,1,0.9899475,1,0.9947832
i really disliked the taste it tasted chalky,0,0,0.4750116900037727,0,-0.6442219915399943,0,0.04094489,0,0.046037946
i have now been using this every morning for years mix it with some fruit and completely fills me up in the morning,1,1,0.9669183090484421,1,1.7258924453994913,1,0.99877185,1,0.9961307
i’ve tried and enjoyed around or so flavors from on amino energy and this one didn’t have much flavor even after increasing to scoops will not order again,0,1,0.5202502264764026,0,-0.18654938351806727,0,0.24449503,0,0.056321386
i got the vanilla flavor this is our first time using vegabr br it was hard to mix in water because it wouldnt mix fully and a blender makes it too foamy it tasted okay with just water but worked best in a smooothiebr br for a smoothie i added more greens frozen bananas and frozen strawberries and water plus a few tablespoons of oats they keep me fuller longer and some flaxmeal i mix up the add ins when making smoothies plus scoop of the vanilla powderbr br i loved it honestly my year old drank ounces in like minutes and even the year old who never finished her smoothies drank a full ounces in the same time and asked for more but it was gonebr br the next day i did kind of the same but with blueberries and switched up the extra greens not as good as the strawberry one but still really good both kids finished their drink in good timebr br i sent my mom home with a scoop to try she texted me later and said that it was good she mixed it with plain water also mentioned while it tasted good it was hard to mix smoothbr br i dont need the extra protein and i know too much protein isnt a good thing and i dont lift weights or anything so i wont drink this daily but i enjoy the vanilla flavor and will enjoy this with the kids on occasion as vegans as this product is a little extra protein is nice on occasion just not obsessivelybr br often smoothies leave me feeling ravenous after i drink one these kept me feeling full instead of that weird feeling i get after a smoothiebr br i also want to mention it expires in months thats fine if you drink it often i wish it last a bit longer for myself as its only an occasional thingbr br other than getting it to mix smooth with water and that i give it stars,1,1,0.9334077208504803,1,1.327973604795868,1,0.99762183,1,0.99436766
this stuff helps sore muscle recovery and stress just be aware you might need to mix the powder in the container up some the stuff at the top when you first open it tastes bad,1,1,0.7021281483884213,1,0.4828608171839749,1,0.57900363,1,0.70186305
regular creatine monohydrate without all the fancy gimmicks just the product,1,1,0.8222261135210085,1,0.6426922331791413,1,0.9682897,1,0.9944845
nice flavors and really sweet,1,1,0.965207070784854,1,1.771182531260648,1,0.98952484,1,0.9964483
i have tried a lot of pre workouts and this is pretty good definitely the best value,1,1,0.9918568619248656,1,2.4544081500227213,1,0.99981934,1,0.996967
i tend to grab the nature ones from walmart or a kroger brand store because they are cheap and i know they work prices starting going up in stores so ordered here and im quite surprised theres a nice coating on these that make them so much easier to swallow than my other previous brand they also dont upset my stomach if i forgot to eat for the day great vendor will definitely be purchasing again when i do run out,1,1,0.8966683159174766,1,1.0123449983078627,1,0.9997259,1,0.9944166
this is my favorite preworkout supplement it gives a boost without caffeine its also available with caffeine but i prefer to limit caffeine intake the flavor is great no junk or fillers or artificial sweeteners,1,1,0.9740768918756337,1,1.5532794663817098,1,0.98978806,1,0.99720484
i have been using this hydrating during workouts the flavor is great and i am doing more during my workouts using this product muscle mass is increasing and my recovery time is really fast this product does what is advertised,1,1,0.9717219595541209,1,1.606671197241455,1,0.9998042,1,0.9969285
i received a consumer warning about this product after i purchased im not certain if officially it was recalled but the amazon official email said that they recommend not using the product i feel like individuals in this situation are really bearing the brunt for poor decision making and poor quality assurance on the part of the manufacturer,0,0,0.487260527455499,0,-0.3771352489868559,0,0.0006996888,0,0.07115393
flavor is a little lacking so i usually add some kaged muscle hydracharge fruit punch packs a big flavor 🥊 it takes a little while like minutes when cold to dissolve and for the foam to dissipate so i usually prep mine in a blender bottle shaker it’s a little on the expensive side but it’s a refreshing difference from a thick heavy protein shake,1,1,0.9336539644246717,1,1.3509380610122759,1,0.99945706,1,0.99399054
absolutely delicious protein cookies and hands down the best we’ve ever had the chocolate tastes like a cosmic brownie without the guilt the product itself gets stars but the packaging gets it was shipped in a mailer envelope and the box came completely smashed,1,1,0.7847563580836675,1,0.5645178814858776,0,0.19392613,1,0.67779803
one special cup to mix drink with no mess,1,1,0.7170853810245553,1,0.15090139314325135,0,0.17434761,1,0.9959078
works very well,1,1,0.9771115164690155,1,2.1064438556448257,1,0.99344206,1,0.99654704
this stuff really hurt my stomach i don’t really have a problem intermittent fasting on a naturally empty stomach drinking water and tea or coffee but this made me feel sick and not at all ready to tackle my day while dealing with the discomfort,0,1,0.6844864819803879,1,0.2940280111892527,1,0.898478,0,0.08260271
ive been taking this sparkle collagen flavoredmixed berry for almost a week now to me the flavor is a bit sweet but not horrible id purchased this primarily for wrinkles nails and hair i dont expect any results in my skin right now its way too soon for that i have noticed a decrease in back pain and knee pain in under one week thats worth the price of admission alone i started out with one scoop in water every morning and today just upped it to two you can take up to four scoops a day i use a hand milk frother to mix it in with the water for just a few seconds because it will clump i wanted to ease into it to see how my body would respond i didnt feel any noticeable negative side effects i did feel full so i dont eat as much during the day not that i ate a lot to begin with but just something to note you might want to eat something before taking this i can take collagen alone and not feel sick decided to on auto delivery because i know to see the results that im looking for will take months,1,1,0.8944908336107544,1,1.298995002197208,1,0.9975909,1,0.9894922
i have purchased just about every protein bar on the market i really like these with the chocolate covering they are quite tasty and filling they are extremely reasonably priced compared to others these are my go to bars i have purchased them several times,1,1,0.9333046391551255,1,1.049415770439321,1,0.9949285,1,0.9961714
read all these reviews on how it works great for pain and clears up skin and nails but i found it didnt absolutely nothing could not even return it waste of money,0,0,0.1438962521526476,0,-1.4984369423882118,0,0.00025217733,0,0.069886
we like to eat digestive enzymes when we eat cruciferous vegetables like cauliflower and cabbage to reduce any negative effects from eating such healthful foods these digestive enzymes did a very good job of mitigating any effects and didnt have any issues making them difficult or unpleasant to use they are overall effective inoffensive and just exactly what i would hope and expect for from a digestive enzyme,1,1,0.8617504019951254,1,0.8526445294882499,1,0.9997645,1,0.9901716
i tried this figuring how bad could it be at worst it would take a while to very used to nope not even close lumpy no matter how much ice i crushed and no matter how long i blended it i could not get it cold it just tasted like card board i canceled my subscription on september th september th and again on the th i hope i dont keep having issues this is why i dont like these subscription one way or another you get screwed,0,0,0.31604478576326805,0,-0.40419682085301245,1,0.9618844,0,0.05340386
really have enjoyed this good vanilla flavor doesn’t taste like a “supplement”,1,1,0.9215246888955343,1,0.5515198200880906,1,0.89609045,1,0.996763
delish like a reeces cup but good for you,1,1,0.9423232073192649,1,1.2956511183462485,1,0.9744573,1,0.99410397
this product does everything it claims and more ive been taking it for about a month and felt results from day one i highly recommend this to anyone who has leaky gut or ibs issues its also reasonably priced i will definitely continue taking this long term,1,1,0.9389530737615933,1,1.091687978013752,1,0.99997294,1,0.995168
product as described,1,1,0.8774390322137032,1,0.6632456478444075,1,0.95732355,1,0.99377406
insufferable in both water and almond milkbr taste is almost tolerable in smoothie banana berries yogurt almond milk flaxseed but the chalky texture is not enjoyablebr side effects include headache and nausea,0,1,0.7760322944810101,1,0.3036334826001288,1,0.933979,0,0.1658754
this protein powder has a refreshing and light fruit flavor i got the tropical fruit flavor it’s a nice change from classic whey protein powder i just put a scoop in a shaker bottle with oz water and ice,1,1,0.9399136367831687,1,0.9778694256030553,1,0.9907594,1,0.99629825
i have been using this product for years now and it has helped me put on muscle great tasting i have tried all the different flavors and each one is very good quality and tasting thanks amazon,1,1,0.9360523437152672,1,1.0056225894211204,1,0.8907079,1,0.9969105
i like the chocolate peanut butter flavor but was getting tired of it these are gross however,0,1,0.5901528476877033,1,0.08634005214231871,0,0.20364794,0,0.23541328
this product is awesome tasteless and blends so easily into food or drinks i sit it next to my coffee pot and add it to my coffee every morningbr after just days of use i feel it working i will definitely be buying more,1,1,0.9760692847769817,1,2.075430457131393,1,0.9979037,1,0.99718696
taste isnt great but what protein bar is,0,1,0.9703694692392565,1,1.3921184918327314,1,0.9820576,0,0.28552037
another great schwartz product,1,1,0.9452921952471338,1,1.0480344373231119,1,0.9719312,1,0.99618393
the jar is acrually bigger then the picture the taste is amazing,1,1,0.830112024743258,1,1.0969694790023432,1,0.9991755,1,0.985872
great if you like getting jittery high caffeine content if you are not use to this product be prepared to visit the gym restroom gets you ready for the club too,1,1,0.9102940925586882,1,1.5040230388959301,1,0.99856734,1,0.99659365
i like this better than the watermelon one but both are good and a nice change of pace from vanillachocolate,1,1,0.9573093160274063,1,1.6790233640779566,1,0.9938081,1,0.996867
volcano claims to contain concret or creatine hcl but doesnt say how much a person should take roughly mg of creatine hcl per lbs of body weight for all we know volcano contains no more than to mg of creatine hcl so youre possibly paying a high price for no i get better results from beet root nitric oxide why put in your stomach an unknown quantity of a potential dangerous substance,0,1,0.8059877824487531,1,0.456800582886665,1,0.90829164,0,0.3917954
get it as a great deal from amazon thanks for the discountbr however this doesnt taste like chocolate flavor and hard to shake well i can see a lot of power down in the bottlebr dont waste your money try something better,0,1,0.504396883860251,0,-0.7359125933872932,0,0.03760313,1,0.9566987
my husband loves these bars for breaks snacks,1,1,0.9375916013230825,1,0.9914835979094313,1,0.9952963,1,0.99615866
great product,1,1,0.9910199861615988,1,1.630876905865732,1,0.99142504,1,0.99691916
i like clif energy bars but there are issues with old stock being sold and i won’t purchase any further until they confirm they have rectified the situation,0,1,0.6212626237758743,0,-0.128034876712666,1,0.6047872,0,0.47397557
has all of the amino acids instead of like,1,1,0.7359984173686483,1,0.5035863451189279,0,0.35266197,1,0.9688373
when it comes to any kind of dairy product grassfed is important to me happier cows would make happier milk rightbr if you have any sort of blood sugar problem be it high or low they say that having protein first thing in the morning is important being on a routine of this as breakfast mixed with fruit into a smoothie it has helped with lowering my blood sugars overallbr although i prefer it mixed with other things its good even with just my homemade almond milkbr br every person is different what works for me might not work for you but my experience with this product was very good,1,1,0.956194998617282,1,1.705701473106374,1,0.8818289,1,0.99459594
as come one with celiacs disease it is not often easy to find a high quality protein bar that is high in protein and is delicious i received this bar at a sporting event and was surprised at both the quality of the ingredients and the delicious taste it is my go to protein bar for after tournament play or for a breakfast substitute while on the road i also love that they do not contain preservatives,1,1,0.9737385609912234,1,2.0811024022915587,1,0.9954483,1,0.9961054
gives you great energy and a very good workout,1,1,0.996315083758924,1,2.2974024045453323,1,0.9966865,1,0.997031
i decided to give alaya multi collagen a try because not only was it collagen it also had a joint support complex i have noticed that my knees are a lot quieter when going up the stairs and they just feel better i love that this product is easy to take it has no taste and i can mix it in my coffee every morning,1,1,0.954711828758781,1,1.6413280378827733,1,0.9996923,1,0.99697554
videoidbcefacffbeabc the ad said it came in a cooler so they didnt melt they did not come in a cooler and were completely melted what a waste,0,0,0.28811185144415946,0,-0.7418314952133187,0,0.0006157823,0,0.03405193
these bars are a surprise for this house we are always trying new protein bars and these by far are the most eated of allbr they are thick and i only can eat half of them and get full for hoursbr my yo son loves them he eats them like chocolatebr the flavor is kind of chalky but it is not bad it does taste a lot as peanut butterbr good source of protein and vitaminsbr they are a little hard to chew but not as a rock hahabr we will definitely be buying more of thembr recommended,1,1,0.8913807488381702,1,1.100465191672507,1,0.9956535,1,0.99575436
muscle milk genuine protein shake vanilla creme g protein fl oz packbr this is just a reorder i use this as a partial supplementary flued intake its good stuff,1,1,0.95057474699837,1,0.9864044099603417,1,0.99689686,1,0.99679476
directions say one scoop however no scoop came with this product i used a long iced tea spoon to try and find it and there was no scoop included to add to that the inundation of metric measurements into our standard measurement culture is painful to say the least because all companies no matter the product do not include what the measurement might be also in standard so people can get better acclimated frankly its a pitabr sofor this product for all of us who find metric so agonizing as i do and if they get this product without a scoop the grams listed as a serving equates to tspbr as for performance of this product only time will tell,1,1,0.6192207821578823,0,-0.04544811096606882,1,0.99303573,0,0.13101906
this flavor is the best one the price is the same as walmart if you have prime with free shipping if i eat one of these for breakfast with coffee i am not hungry until lunchtime because of the grams of protein in them and they taste so good,1,1,0.9276310059538619,1,1.2838165282305845,1,0.9877352,1,0.9969216
i’m a dialysis therapy patient data doesn’t lie research doesn’t lie my gfr is improving since beginning la therapy on doctor’s orders i’ve tried a few brands easy to swallow no after taste and again data doesn’t lie labs show effectiveness,1,1,0.7830322706225623,1,0.37807695375152606,1,0.9213461,1,0.9877293
purchased these and they were stale 😢 i wouldn’t order these again,0,1,0.5039808985151525,0,-0.8038356320318414,0,0.0022047258,0,0.03242871
with vegan ive always ate the entire bar before deciding if its a keeper or not i had a hard time making it through a single bite it tasted like plastic it had about the same texture too sadly i had to throw the entire box away i just couldnt force myself to try a different flavor,0,0,0.12211075087853082,0,-1.4048181791239989,0,0.0007199023,0,0.040235456
excellent product,1,1,0.9500887846288836,1,1.2274008304401123,1,0.9956476,1,0.99666613
taste is very sweet but having said that the coffee flavor is less sweet than the vanillabr what i like the least about this product is the price you can buy this same product at hour fitness gyn for much lessbr amazons price is lbbr hrs price comes out to lb buy get one off,0,1,0.7378109167091952,1,0.16081140412572292,0,0.13202572,1,0.97777724
i love these bottles i have this set the mouth part closes easily and they are completely leak proofbr they blend protein powder so well you don’t need a blender at all making them so easy very wide easy to clean by hand lid is simple so hard small bits to struggle cleaning,1,1,0.9190691885020212,1,1.1835565116040518,1,0.99888974,1,0.9949992
it causing abdominal cramps for me br high price,0,1,0.833847262302448,1,0.1989036443408283,0,0.111690156,0,0.3888253
i’m a chocolate and peanut butter freak and this protein powder didn’t have a good taste to me at all,1,1,0.8586881618392137,1,0.40828071468953964,0,0.08404716,0,0.041590385
i started taking collagen a couple of months ago and have been really pleased with the results i have noticed a huge difference with my joints this is my first time trying mct with or without the collagen this doesnt dissolve as well in my coffee as the other collagen powders i have tried it ends up with a lot of small clumps on the surface of my coffee that i have to keep trying to break up with my spoon so far i have not been able to get all of the clumps broken it doesnt change the taste of my coffee and if it wasnt for the few clumps i cant get rid of i find it to be unnoticeable i havent noticed any difference with focus or any of the other claims given for the mct with that being said i havent noticed any negative side effects either the jar is smaller than i expected i will keep using it but as of now i dont have any reason to order again,1,1,0.9131704267952246,1,0.9841509321424835,1,0.99119264,1,0.9610196
micro plastics andor tiny glass beads or crystals throughout productbr it nah help hard to really tell i’ve been using daily it for two weeks prior to hard indoor cycling didn’t notice the micro beads until today when i thought i broke a tooth not good likely the upper portion of the jar was smaller lighter powder actual beet after having eaten the top portion the denser particles that settled is riddled with incredibly hard clear spheres micro plastics or glass could be purposeful to prevent caking not acceptable,0,0,0.49696132212438393,1,0.1427198060800281,1,0.9601306,0,0.07295266
ive tried other brandsi switched to this to save money and i regret itim not sure it really does anything i feel nothing from using this,0,0,0.3135986597948293,0,-0.5973454523582387,0,0.0074321744,0,0.101132475
ive tried several different collagens and so far this is my favorite i typically stir it in my morning coffee and im done for the day,1,1,0.975336699732462,1,2.1450563882193685,1,0.99978465,1,0.9965108
delicious,1,1,0.9905628006831674,1,3.019230423558707,1,0.9989699,1,0.9964954
dont know yet just started daking them,1,1,0.8685896492103239,1,1.25349347329424,1,0.99689037,0,0.11361537
non dairy great flavor noticeable results for both muscle gain recovery and weight loss im gonna try different flavor next does not hurt my tummy,1,1,0.9425631528305725,1,1.4974408961296275,1,0.99974996,1,0.9966882
i have these on autoship and they are amazing healthy and very tasty,1,1,0.9661838579125319,1,1.87425723548921,1,0.99956614,1,0.9970016
mild unique chocolate aromabr mild chocolate flavorbr no clumpingbr made in usabr soft powderbr gmpbr br considerationsbr different from listing’s picturebr has artificially made ingredients – sucralose most concerningbr br the bagbr the powder arrived in a ” inch tall ½” wide and near ½” deep sealed plastic like food type bag that the top can be torn off and then allowed to reseal with no issuebr br aroma tastebr there is no accounting for smell or taste however chocolate is universal and this has a mild delicate aroma and taste of a chocolate water based shakebr br the great debatebr the science is kind of thin surrounding the benefits of these kinds of supplements however it’s universally known that cultures with heavily biased proteinbased diets may grow taller now whether there are health benefits using this product will not be outlined or debated here as the reader can make that conclusion independently notwithstanding this writer wanted to take advantage of those benefits we understand are associated with taking this supplement which is marketed toward growth in height for childrenbr br valuebr this offers pricing that is competitive with other supplements that have some but not all the same ingredients these powders never seem to be inexpensive there is a price to pay for results i guess i have never seen such vitamins and minerals targeted so specifically for children and their growth so this is where the value seems to come into play i am happy to have selected this to at least try the results are still pending as any results are measured in months not daysbr br the brandbr i never heard of the trueheight brand before selecting thisbr br gmpbr this was reported to have been made using gmp good manufacturing practicesbr br allergy warningsbr this was manufactured in a facility that processes milk eggs shellfish tree nuts peanuts soy and wheat and that those ingredients may be in this powderbr br the powderbr the powder is very soft the texture is smooth the powder with enough mixing for the most part dissolved in water in a fairly short time the powder did not clump like a rock in the bag or in the liquidbr br ingredientsbr the powder is made in the usa from globally sourced ingredients we would suggest reading the label on the bag in the listing however that listing’s picture is different from what we received i’m not happy about that either have the formula down pat or not but i do not like to be part of any experiment in formulation and for that reason a star is taken awaybr br artificial sweetenerbr has artificially made ingredients – sucralose most concerning i will leave that to the reader to decide whether they want something that science had to create to makebr br best of both worldsbr these have the best of both worlds vitamins and minerals and a formula for growth so we can say goodbye to chewing or swallowing a hard pill that’s even close to these ingredients i think this should be beneficial only time will tell and in this instance i was given a bag with servings which is not going to last the many months needed to see resultsbr br digestionbr no complaints if taken during or just after a mealbr br fresh product receivedbr the date of manufacture was labeled october i received these at the start of december expiration was labeled as being september br br always consult a healthcare professional prior to anyone taking a supplementbr br i hope my thoughts were informative,1,1,0.5977462872493229,1,0.1322575915158833,1,0.9347903,1,0.9842433
been a long time fan of on aminos specifically the standard watermelon flavor so ive got a good point of reference for comparison with my goal of trying to reduce some sugar i gave this a shot overall its not bad they tried to get closer to a more natural watermelon flavor vs jolly rancher candy flavor imo the flavor is less punchy vs the regular so you can use the recommended amount of powder without issue if youre keto friendly looking to cut sugars maybe have some health restrictions this is a good optionbr br also probably my favorite part about this product right around pm while at work i start to tank on my energy not sure if its food coma or perhaps just a want for it to be pm but ive started adding this to my daily routine to help me get through my days and its provided a noticeable difference i dont nearly feel as tiered lethargic and i feel like im firing on all cylinders as the day progresses id say give it a shot for the price vs value its a good buy,1,1,0.9379501689727667,1,1.1818994566646377,1,0.9969728,1,0.99504954
i first bought twice under the label asinbtynkjj amazons brand nongmo pure whey protein isolate you can see it in the picture the manufacturer is listed on the label as trusted organics looking to by it a third time it could not be found except under a this new label the packaging has changed from a container to a bag although the labeling is almost identical the ingredients are the same the taste is the same however the manufacturer is now listed as summit nutritions the directions are also different calling to use a smaller scoop more often throughout the day shipping was horrible it was free but days to ship from new jersey thats almost irresponsible these days now it is confusing because just today as i write this i saw that amazon is offering another whey protein isolate product under the label asinbssd amazon elements grassfed whey protein isolate powder you can see the picture is this the old product resurrected it looks very similar but the label doesnt tell everything like the other amazons brand did im kind of guessing they brought it back so on my next purchase i think it will be worth taking a chance on it because i know it will have prime shipping,1,0,0.3688955710002196,0,-0.5423198283241082,0,0.04064294,0,0.10986804
i love these you might have to get used to the high sulfur egg smell but that way you know you are getting the sulphur compounds great to add for a feeling of well being i have been using for years now,1,1,0.9581065145668962,1,1.4067576149176704,1,0.9989988,1,0.99644643
this is a remarkable addition to my morning routine it is completely tasteless i add one scoop to my morning coffee daily since using it faithfully for months my energy level is much improved my memory is better my joints are pain free and my hair is curlier i wish i had started using this product sooner i can notice the difference if i skip one day i highly recommend this product,1,1,0.9827557941123652,1,1.9976488066454143,1,0.9996866,1,0.99704677
great results fast acting not a bad taste at all easily goes away with a drink so happy to have found these,1,1,0.9077345521357784,1,1.4881036747581757,1,0.99630487,1,0.9969907
i love my kos powder i use it every day in my shake in the morning it tastes so good thank you,1,1,0.9936515471693971,1,2.392756191213401,1,0.9991943,1,0.99674773
videoiddedbeedfffa you get a whopping grams of collagen and an even more whopping servings out of this its grass fed bovine collagen and the grass fed part is very helpful corn fed bovine is garbage,1,1,0.7479559999824099,0,-0.03611524851613912,1,0.80267376,0,0.108366765
ive bought this awhile ago before and ive had no problems with it but the one i received has a really nasty fishy taste seriously it tastes so bad ive tried a lot of collagen powders and none of them tastes like thisbr ive asked for a replacement hoping i just got a bad batch the next one i got still had that awful taste but it wasnt as strong as the first onebr it is one of the more cheaper collagen powders but savings that few dollars isnt worth it,0,1,0.5307677417103879,1,0.3891985867576052,1,0.98738307,0,0.04954297
helps keep husbands weight stabilized as well as keeping his blood sugar stabilized great buy,1,1,0.9728750691205873,1,1.2468488656940369,1,0.9992719,1,0.9969355
i feel like this product works yet doesnt at the same time for me i don’t know if it’s just a me thing some times i’ll get the pump i need to push through my workout and other times i feel so tired i don’t enjoy the weird tingly feeling from it though it’s reminiscent of when a body part goes numb and then is recirculating again just not as intense i guess,1,1,0.7463475725647848,1,0.6284051496664078,1,0.9909462,1,0.9623597
will be using this product for energy excited,1,1,0.8032286509200767,1,0.0812716270498614,1,0.78214824,1,0.98847955
overall satisfied with purchase capsules as expected,1,1,0.9231371534300307,1,1.2068723812934348,1,0.99542725,1,0.9955914
delicious but very messy,1,1,0.9407390634380537,1,2.145433720231863,1,0.9986436,1,0.99202853
worst purchase i ever made horrendously misadvertised amazon didnt even want it back lol,0,0,0.08432942103133224,0,-1.563368141937564,0,0.005449864,0,0.035669602
when i tell you i used to suffer from terrible bloating every time i ate im not exaggerating i hated eating in public because of the discomfort it caused by the end of my day i was so miserable from the gas and pressure i wanted to cry so tiktok influenced me to try lglutamine to see if it would make a difference and boy has it i have little to no bloating now when i eat and my tummy stays relatively flat i also suffer from ibs and my symptoms arent as bad since ive started taking this supplement its truly been a godsend and i would highly recommend it to others with gut troubles,1,1,0.8308898725555487,1,0.8048668212825105,1,0.9998661,1,0.9734331
ive been using this collagen powder every morning in my coffee it dissolves almost instantly and it does not alter the taste at all im glad to have a supplement that is so beneficial and easy to use,1,1,0.9718445728917811,1,1.9933945338036865,1,0.9996785,1,0.9951326
first off i have hated every protein powder i’ve tried so i don’t know what possessed me to buy this here’s my reviewbr br i like that this powder blends easily in liquid i have a shaker cup with the metal springy ball and that’s it and i haven’t had huge clumps of powderbr br i don’t love the flavor or texture so much… kinda like adding chalk dust to your favorite drink so i pinch my nose closed and just drink it in one gulpbr br i can tell the difference on days i make a beverage as i have more energy for sure i probably won’t buy another tub but i also didn’t immediately throw this one away so that’s points for this productbr br if you’re into this sort of thing this is better than the others i have tried,1,1,0.7428721316545114,0,-0.011630598779453605,0,0.008378908,1,0.9931272
good value and seems to work,1,1,0.9714193765136289,1,1.5670120774572076,1,0.9935322,1,0.9965867
a lot of protein powders contain maltodextrin which is not good for your body and can throw your sugar levels through the roof just look on the internet and you will be shocked that they even use maltodextrin in something that is supposed to be good for you and build strength syntha does not contain maltodextrin perfectbr heres what i found after i drank it and experienced a bad case of vertigo and fell down almost cracking open my skull i am relatively healthy and dont have diabetes or insulin resistance so you be the judgebr maltodextrin has an even higher glycemic index gi than table sugar this means that maltodextrin can cause a sharp increase or spike in peoples blood sugar shortly after they eat foods that contain it a spike in blood glucose can be particularly dangerous for people with diabetes or insulin resistance,1,1,0.6841597941021473,0,-0.2004378740287469,0,0.0020188582,1,0.94596773
these are not good blech,0,1,0.7226923795098508,0,-0.03968139341265853,0,0.36958724,0,0.051139995
this is the best plant based protein powder i have ever had it taste fantastic it blends well it is delicious and has no gritty feel i will be back for more and more i got the salted caramel flavor but i will try all the others as well 👍👍👍👍👍,1,1,0.9375448056264084,1,1.6152178032239226,1,0.9914675,1,0.99689204
overall its a great product we use it in our strawberry smoothies tastes greatbr br only downside its a bit on the pricey side although this tub lasts a good while,1,1,0.9762934661489411,1,2.02673873205514,1,0.999186,1,0.9968665
this product is not for pain relief and the taste is just ok but it helps with joints and skin as it is supposed to,1,1,0.8899493551754799,1,0.8598309653750432,1,0.9398198,1,0.93954563
this creatine monohydrate powder dissolves easily in fruit juice like orange or grape it is unflavored so you wont even taste it in the juice i like taking creatine because it helps with muscle recovery and after i need something to make me feel better the day after exercise it can also prevent fatigue taking g a day does not upset my stomach so that is good please consult with your doctor before taking supplementsbr br the rebecca review,1,1,0.9163776539333139,1,1.1577320015238273,1,0.99888164,1,0.9959745
great flavor great high protein portable drink m love the recyclable material the price is a bit steep though,1,1,0.9898424052422182,1,2.321603163153948,1,0.9997193,1,0.99715316
this collagen supplement is great it contains collagen types and and is made from grass fed pasture raised cows the texture is fine and not lumpy and mixes into things easily i love that it’s unflavored so i can add it to anything and not be stuck with one particular flavor like chocolate or vanilla like a lot of powdered supplements i add this to my morning protein smoothie and it just blends right in you wouldn’t have a clue it was even there collagen has so many wonderful heath benefits from improving your hair skin and nails to joint health to gut health to weight loss it’s just an all around winner this is an easy way to incorporate more collagen into your diet mix it into your coffee sprinkle it on your yogurt or granola blend it into smoothies bake with it the possibilities are endless,1,1,0.9544067776574429,1,1.5095704479063143,1,0.99927217,1,0.99719065
good in all areas,1,1,0.9652484672616,1,1.488366943353427,1,0.9798464,1,0.9965397
awesome,1,1,0.9408717521424649,1,1.64683504567919,1,0.9925842,1,0.9966599
love product,1,1,0.9804576344124747,1,1.4271823853359988,1,0.988667,1,0.9963451
great deal for the money,1,1,0.8486086051948621,1,0.6548619556361189,1,0.9799287,1,0.9968497
it’s super challenging to find quality high protein bars that have no animal proteins and are not loaded with sugars no cow has met that challenge they can run more expensive in grocery stores than through amazon but the biggest savings is through subscribe and save i can actually pay less than a bar which makes this bar the best bang for it’s buck i actually look forward to them on my heavy workout days try putting them in the fridge they will taste even yummier 😋,1,1,0.8478553900537715,1,0.5537279042160249,1,0.9964463,1,0.995754
tasty and easy breakfast alternative,1,1,0.9846483838158849,1,2.363762643446744,1,0.99988914,1,0.99657094
love this keto cocoa so much it’s the best one i’ve tried that tastes most like the sugar filled kinds but better because there’s no sugar,1,1,0.8632993838578179,1,0.5823817720675262,1,0.6114895,1,0.9963967
i have been using this for over months i use one scoop with my morning coffee everyday after about months i noticed an improvement in my joints stronger nails and healthier thicker hair it mixes in with hot or cold liquids very easily so it is very convenient to use very happy with this productbr i use one scoop with my morning coffee everyday,1,1,0.9871322943753219,1,1.9796356573033551,1,0.9993218,1,0.9967614
i ordered the blue raspberry seems okay i havent been on it long enough to grade effectiveness but it has a pretty solid ingredients list with no added sugar or caffeine the flavor is surprisingly strong without tasting chemically which is a surprise considering the lack of sugar id order it again,1,1,0.8162941470713562,1,0.7658665748545751,1,0.9503423,1,0.9943163
better than many other protein powders mildly sweet,1,1,0.9300344524023146,1,1.424725885631425,1,0.994269,1,0.9953982
excellent vegan protein bars adds a decent amount of supplemental protein to round out a healthy vegan diet,1,1,0.9618798565268841,1,1.4525196821680761,1,0.999863,1,0.9971378
im and ive been somewhat of a couch potato over the years ive worked out here and there and ive done a little running off and on but i recently started getting into the best shape of my life with this commitment comes a lot of training ive been doing a lot of cardio and highimpact exercise including running i realized that im not actually physically anymore even if im in my head heart and soul so i researched all the best types of collagen and most of the products available on amazon thats when i found revive multicollagen protein i dont take it for the protein but for the collagen it all started when my mom mentioned collagen to me and how she was taking something recommended by a tv doctor thats when i started on a mission to find something even better my main driving force was how much she was paying for that collagen outrageous so i found this product by revive that not only has more comprehensive and better ingredients but it has a much better price as well the product mixes well as long as you add room temperature water to your drinking container first i found when mixing it with cold liquid such as milk sometimes residue gets stuck on the bottom but thats really no biggie you could even mix it with an ounce or two of room temp water then add the milk anyway this is a great product thank you very much oh btw i told my mom about it and she is going to probably start getting this stuff please dont change the formula or price youve got a real winning combination here ok thanks take carebr br ps i take a half scoop in the morning and a half scoop at night or sometimes i take a whole scoop depending on my intuition ive noticed an improvement in my knees and my bones and joints in general at least i would like to give credit to this collagen it could be just my body getting used to it but i know as we get older our body produces less natural collagen so if youre doing hard training and youre over it is a good idea to supplement and help give your body what it needs,1,1,0.96863992516725,1,1.6847668123037733,1,0.9997118,1,0.98894215
still testing it out there is know bad taste i mix it in my coffee and tea will update later,1,1,0.8579265549241328,1,1.235471560172065,1,0.9736863,1,0.994697
these bars tastes good but there is a ton of sugar in them the one i got has at least grams of sugar which is like eating a candy bar it is not good for those with diabetes or trying to lose weight i personally would stay away from these,0,1,0.6356043787595188,0,-0.33494476782861204,0,0.07793115,0,0.06905661
starting taking this weeks ago and im starting to get results i have leaky gut and as a consequence i have problems with constipation gut assist has helped with this my stomach sensitivity has lessened and the bloating is almost gone im sure as i continue to take gut assist my symptoms will continue to diminish it mixes well in water the taste is a bit weird but not bad highly recommended,1,1,0.9567400940711629,1,1.669272993235045,1,0.988841,1,0.99312097
lots of allergies this one was good match,1,1,0.7702900979137923,1,0.2087043403269258,1,0.6402997,1,0.98018116
the individual bar size is smaller than expected that said the flavors were decent for protein bars and the macros are solid i will likely buy these again,1,1,0.9078342043363914,1,1.131998178997563,1,0.94608635,1,0.94998276
the packaging is super cheap and it gets everywhere when you first open it and every subsequent time basically like a giant ziplock bag for your protein powder the protein powder has a very meaty smell and tastes literally like collagen it does not blend well and the taste overpowers whatever you mix it into was really disappointed highly do not recommend this protein powder also very expensive for this product,0,1,0.6460296142319418,1,0.024530566149150057,0,0.0047199214,0,0.06452336
these protein bars are my favorite they taste so good and make me feel like i’m having a dessert,1,1,0.9835705680704142,1,1.9656150938416226,1,0.99911326,1,0.99697
i love this,1,1,0.9816489076040634,1,1.7862948261806968,1,0.9834379,1,0.99562967
tried and true genuine blender bottle i won’t use anything else,1,1,0.5628750043121675,0,-0.5603577046728385,0,0.028159017,1,0.8774277
super cute and sturdy love blender bottle shakers,1,1,0.9215856108983758,1,0.8269175877938253,1,0.97724473,1,0.9952069
the container is absolutely deceptive it stands tall but is only filled with of powderbr in other words you are not even getting of what you seebr this is very negative from the get gobr taste a pungent artificial lemon taste overly sweet to a point of numbing my taste buds and going almost bitter with intense stevia tastebr i was very disappointed with the productbr had it not started so bad with the empty box i might have felt different,0,0,0.248836278037578,0,-0.77146332978886,0,0.021931851,0,0.035468034
love the quality its ingredients profile the company the ingredients the quality the company did i miss anything you only need scoop but on heavy compound days i use scoops and drink before and throughout working out i don’t need fancy flavors and those extra ingredients in my body so i usually get the no flavor bcaas which tastes perfectly fine high quality product used by regular military level fitness and while traveling abroad excellent company and mission,1,1,0.9424186918714906,1,1.5388639272825508,1,0.95849705,1,0.99701357
will buy again,1,1,0.7547109618259022,1,0.6277920155782166,1,0.963198,1,0.9931987
i have now tried chocolate and vanilla both are good tasting even in water though i do often add powdered milk to improve the flavor which ups the calories a bitbr br massive grammy grams of proteinbr i just use scoop at a time for g of protein seriously can a body absorb g in go isnt it better to space this outbr its kinda weird to me it would claim g but it requires massive scoops to achieve this and calories like any other protein powder could blast you with g too if you add multiple scoops seems like a somewhat shady marketing tactic do the math and this product is still a good deal cause its often soo cheap so im not too worried about thisbr br otherwise i like the product i feel good after having these and it tastes good too months of use now and i already miss all my fat ive lost though my favorite fat part was puffy my soft neck friend and then there was lumpy and slumpy my leg fats not to forget dumpy my stubborn belly fat that is gradually disappearingbr br on puffy on lumpy and slumpy on dumpy will you drive my fats tonightbr br whooooooaaa ho ho hoooooooooobr br disclaimer product did not make me insane i already was before buying,1,1,0.9204505803363074,1,1.1998309109831924,1,0.9383245,1,0.98630327
they market this as a clean protein powder for weight loss yet is has g added coconut sugar doesn’t matter if it’s coconut it’s still sugar when your body metabolizes it,0,1,0.8114384411420388,1,0.24455141743615233,0,0.3355056,1,0.99072075
i love this stuff added to my water with organic lemon slices in it better than hot coffee during summer time,1,1,0.9519830461617292,1,1.2873262078938457,1,0.9982742,1,0.996637
taste great adds a bit of sweetness and a hint of pumpkin flavor however adding it to my green tea latte in place of flax seed powder quickly put on lbs now i only add a small amount to my keto pumpkin bread to give it a better bread consistency,1,1,0.9404743027307055,1,1.3160606765557152,1,0.99977714,1,0.99680823
i bought this product because ive never had it before i had used other whey protein powders this one is the best one so far,1,1,0.7653652461372901,1,0.6708495573299318,1,0.9750965,1,0.99340546
great option for a plant based protein powder the ingredients are also organic tastes great i did not experience any unpleasant aftertaste or after effects i would definitely recommend to others,1,1,0.8987522565231308,1,0.7051023045951823,1,0.98751825,1,0.99574476
optimum nutrition micronized creatine monohydrate powder is a highquality product if you are serious about the gym you know its important to use highquality monohydrate creatine i am seeing excellent results in just the first few weeks this should be your goto powder,1,1,0.8750277362645197,1,0.8465929166781332,1,0.9973909,1,0.99660325
love the flavor and i can see the difference in my body after workouts,1,1,0.9647532302814843,1,1.5544193381804097,1,0.9978714,1,0.99703074
great for a meal replacement on the go filling and energizing,1,1,0.986992046910725,1,2.146663763228944,1,0.9991522,1,0.9971111
these are handy to have when a cup of coffee isnt an option my only beef is how hard they are i cant bite through them with my ol teeth i use a steak knife to cut them into pieces then rewrap not ideal but it works,1,1,0.7408212474437738,1,0.09503403125938914,0,0.3988041,1,0.9900378
i did not expect this to dissolve which it doesn’t but it also doesn’t have a disagreeable texture in my opinion it is completely flavorless…a good thing to me the instructions on the jar are clear it is a large package size,1,1,0.5555768409364111,1,0.03646099966212696,0,0.24561124,1,0.9221908
the ginger ale flavor is fabulous,1,1,0.8020527937106697,1,0.5630105021167027,1,0.8517018,1,0.9969085
i like the bar for the protein i just wish it wasnt so sweet,1,1,0.7413085777381502,1,0.1211972739292766,0,0.13490434,1,0.995567
i follow a combination of a aip a low fodmaps diet for helping me to manage my endometriosis my endo has created a lot of digestive problems for me lglutamine is supposed to help heal the intestines i truly cannot say if the stuff actually works or not ive been taking it for years now along with other supplements i believe it does help but really with everything else that i take who knowsbr br it is super easy to take i put a tsp in a little water drink it it has a taste but nothing that is particularly off putting i always get lglutamine in powder form to avoid fillers that are typically in capsulesbr br my go to brand is by now i get a ounce container for about an ounce on subscribe save at the time of this review this product is about an ounce a huge price difference plus now has a legit gmp seal this product doesnt have a gmp seal many supplements dont im not knocking this brand mind you from what i can tell this powder is no different from the now brand upfront youll pay less for this brand because you get less that can work for you if you just want to try it out dont want to buy in bulk the choice is yours,1,1,0.8585939101426321,1,1.0355524248648056,1,0.9842704,1,0.99586296
i really like this product its durable and it’s worth the price and its very easy to clean,1,1,0.9714085745066627,1,1.9117611476555347,1,0.9995061,1,0.9969409
im fairly new to protein bars just discovered and tried them over the last year its a nice handy alternative to eating a meal personally i never eat anything first thing in the morning i dont know what it is just dont feel right if i do so i tried protein bars of different kinds and they work as do these i feel like im not starving come lunch time and i dont feel icky after eating thesebr so kelloggs bars of any kind ive ever tried all suffer a bit with the one same problem theyre always really dry ive tried three different types of bar so far and again these are dry but it sort of works a bit here these have a slightly dark tasting chocolate on them and the dry flavor balances quite well with the chocolate and then there is a bit of moisture in the bar that binds the whole thing togetherbr they work absolutely not the best protein bar ive tried but the one big sell for these is that price price per bar i think is a bit over a dollar normally when i try protein bars they tend to be of a higher quality but a bit more expensive so you sort of compromise a little but it works out,1,1,0.8888190234790715,1,1.2265706916783707,1,0.99307525,1,0.94146824
enjoyed the flavor mixed it together with beet drink for workouts and it was amazing,1,1,0.9363748760954484,1,1.521947396350305,1,0.9998636,1,0.9962095
its like an edible strawberry milkshakebr br that could be the review really but there are a few more things that need to be said my reason for eating these is that protein bars are easy to eat quick and very filling i find i cant eat a usual breakfast before going to work i dont know its just i dont feel right after eating so early these help in a big way in that im not starving by ambr they are very sweet the sugar content doesnt look at that high but it tastes high but its a very light crunch with a soft creamy coating and a nice aftertastebr can you tell im mostly concerned about the flavor thats because some of the bars you get have awful flavors like youre being punished for something you didnt do well as far as im concerned this company cares about their customers for making something that tastes good and i approve,1,1,0.883320004416791,1,0.6923477395965163,0,0.02985672,1,0.99512154
great tasting pre with no jitters little tingle but just enough easy min of sustained energy no crash would definitely recommend,1,1,0.9841043333595297,1,2.7072003483510745,1,0.9999893,1,0.99717915
i bought green apple too sweet and doesnt mix well,0,1,0.7580228093030118,1,0.4022583928948422,1,0.94736445,0,0.25506482
prosbr for those who are sick of citrus or lemonade flavors blueberry is a great change up that tastes goodbr no sugar no calories and no artificial ingredientsbr i like that it is usa made and i am supporting a small businessbr in addition to a hefty dose of caffeine mg it also contains bcaas creatine and amino acidsbr did not itch from this also got a small “pump”br br neutralbr really needed to shake this and it leaves a little bit of residue about the same as other preworkoutsbr br consbr though it feels great to pour a hefty scoop into water the large serving size and large tub is annoying to carry around it’s the size of a small protein powder tub,1,1,0.8877850461250579,1,0.9345343887141472,1,0.9949462,1,0.9952911
thanks,1,1,0.7315226544109548,1,0.03892389154866843,0,0.4399118,1,0.9935946
i’ve tried a lot of electrolytes i am a sweaty runner and workout a lot here is my review…br br prosbr for someone who is not a huge fan of lemon flavored things i like this and look forward to drinking itbr the idea of having strength for the type of workout is genius i did the middle strength for winter workouts but i would do the highest strength in the summerbr the ingredients are great and it has no artificial sweetenersbr servings for is much better than the competitionbr i prefer a small bag like this over a large tubbr includes bcaas and amino acids as a bonusbr br neutralbr would love to this with more flavors strawberry kiwi blue raspberry watermelon etcbr also would like an option with sugar for long runs so i can replace my nasty gelsbr br consbr no scoop,1,1,0.9254884640593022,1,1.0731247199799623,1,0.99542445,1,0.99668115
super nutritious,1,1,0.8091937561077892,1,0.544828181086885,1,0.97721684,1,0.9927979
perfect exactly as advertised bought them for my boyfriend as a gift and he loves them and uses them daily definitely will buy more,1,1,0.9839371539894394,1,2.5181763021987638,1,0.9997336,1,0.99693215
i bought it for me and i eat while at work for my dinner and snack breakbr i like the texture and taste of the barmy new favorite barbr it tastes great,1,1,0.916576523700581,1,1.0844200878773327,1,0.9958181,1,0.9970584
the flavor leaves a lot to be desired i was expecting a tropical flavor with some pineapple mixed in i dont know what this is but it is not pineapple i can only give it two stars because the flavor is horrendous i dont know how this made it through the approval phase it also seems like the mix is a bit grainy like it doesnt all dissolve well enough other than thatit has caffeine and amino acids im not sure how im going to get through this whole container though im going to have to mix it with something else to get it down,0,1,0.6759275773667709,1,0.38017239828777716,0,0.36049515,0,0.24703708
grab go,1,1,0.8811893186490609,1,1.171680760341979,1,0.99799466,1,0.974065
this is unsweetened and unflavored protein powder so i recommend using it mixed with something that has a flavor you like while there is no added flavor there is a taste to the protein powder and personally i don’t care for it mixed with my fruit smoothie though the taste is mostly masked i didn’t have any issue with the powder clumping or being gritty in the smoothiebr i like that this comes in a pouch instead of yet another huge plastic jug i have enough of those that if i want i can transfer he powder to one but i had no issue resealing the zip topbr the serving size of one included scoop provides grams of protein which is about half of many other protein powdersbr good for those who need or prefer a dairyfree protein powder,1,1,0.9040371705486228,1,1.0841904047520026,1,0.9843381,1,0.9700791
buff,1,1,0.7944206329076468,1,0.529492455724013,1,0.91739595,1,0.9935684
i was first introduced to this product at a spartan race where i happened to win an unlimited weekend supply for the race their team was great and since then ive started listening to their podcast as wellbr br on to the actual product i was pleasantly surprised when i tried out the product the day before the race and so i decided to fill one of my hydration bladders with it for the race as well i felt like i got a little boost without any weird jittersbr br i ended up buying a tub of my own and am currently using it as a preworkout for minutes resistance training sessions right now i am cutting and usually lift early in the morning this stuff gives me a nice even buddy of energy and send to last through the workout ive tried a number of inexpensive preworkout supplements and they either didnt work out made me feel weirdbr br a couple complaints first the tub was a nightmare to get open the protective seal broke about tubes when trying to open it it was frustrating second the website mentions suggested scoops for intensity mine did not come with a scoop the nutrition label was also not add complete as i would expect i didnt see a calorie count on it finally it did not mix very easily it took a lot of stirring and i still had some red chunks in itbr br overall i like the product and will continue to use it does it help with recovery and everything else the company claims i really cant quantify that but it definitely helps my workouts out i will continue to use this,1,1,0.7529922267217491,1,0.529787456352952,1,0.9893833,1,0.98643154
i’ve used a lot of different creatine forms and this one just didn’t work for me gave me very bad stomach cramps and upset stomach transparent labs creatine is my go to and never disappoints,0,1,0.5576571942655534,0,-0.22086376699044719,0,0.048727132,0,0.16745625
this is really good stuff i get a great boost of energy from it most importantly it has clean ingredients i thought clean ingredients would come with a sacrifice in performance but i can’t complain at all,1,1,0.9414115022593973,1,1.669684088073105,1,0.9926682,1,0.9965449
container says oz however theres probably servings per container the container is larger than another protein powder i use which has oz per containerbr br powder does settle but not this muchbr this is a high priced product the company needs to do better,0,1,0.6801887055597016,1,0.12510736641652126,1,0.54395795,1,0.97771204
i like the taste and ingredients of this powder but it doesn’t mix as well as some of the other ones i’ve tried,1,1,0.8425528730730656,1,0.7937996190315116,1,0.9959996,1,0.9421954
too chalky,0,1,0.600679531228687,1,0.11232818105560144,1,0.56688595,0,0.25093117
great product i have to wait about minutes to drink my protein shakes once its been blended because this product is grainy and needs to soften or it gets caught in your throat other than that its a great product i dont really know what it tastes like alone because i mix with a chocolate pea protein powder and chocolate collagen powder,1,1,0.9778145139553864,1,1.8358299171958985,1,0.99789965,1,0.99567044
no real tastes blends easily a bit chalky but not as bad as some others,1,1,0.8416387553797126,1,1.3441411899355293,1,0.9786966,1,0.9885826
tasted a little like chalk,1,1,0.6357888403985378,1,0.09853676428261032,0,0.22332878,0,0.0598077
pretty good flavor easily disolved and great energy,1,1,0.9977780245769609,1,2.605105176593673,1,0.9997131,1,0.99686867
definitely my favorite protein bars i’ve ever tried good flavor especially considering how much they try to exclude gross ingredients definitely recommend,1,1,0.9052871904122594,1,0.771524585999225,1,0.989555,1,0.9966852
ok ill admit im usually the last person wanting to try plant based protein shakes but when i started using this i was surprised it was not as bad as i was worried it would be it has a very earthy vanilla flavor but can be added to just about all smoothies and shakes i love the all natural vegan ingredients and that its only calories of course more when you add you mixins i use this as a meal replacement because i forget to eat alot and usually use other meal replacement shakes but i found that this product keeps me full longer and gives me what im missing in my day due to not eating a balanced diet,1,1,0.9500502812330398,1,1.8039262191713201,1,0.99701905,1,0.99612755
love the design and the large capacity is plenty of room for all my shakes i recommend this,1,1,0.9212155604968362,1,0.8915393541535295,1,0.9939918,1,0.9966815
great taste blends up nice very effective protien source i get an incredible pump when using it but beware it can make you gassy as it is higher in protein then many other powders,1,1,0.9585519841045176,1,1.4356218996415548,1,0.99966943,1,0.99688333
thes good tasting bars are usually fresh but every once in a while one looks old and dried out with foreign bits of unknown yuck,1,1,0.7810792635899391,1,0.22162459738726242,0,0.013198858,1,0.6021446
i love this bottle you can shake it and no leaks at all with the mixing ball mixes great only one i found that does not leak outstanding value and my favorite color highly recommend,1,1,0.981779692398912,1,1.932031962763402,1,0.99998105,1,0.9971253
i always buy blender bottles and they do the job these are perfect for taking to the gym with my pre workout in them sometimes they seem to leak a little when i shake them not sure if it is user error or not but they are great regardless,1,1,0.9080026719003684,1,1.183502464354703,1,0.97533673,1,0.9954313
i was using another brand of vanilla collagen that i love but it’s bucks i was looking for something more economical and decided to try this after lots of research and reading lots of reviews so happy with this it actually tastes and dissolves better than my more expensive one definitely going to be using this one from now on,1,1,0.8721017390935241,1,0.8989742078022462,1,0.6703036,1,0.9926893
i work long hours and sometimes i don’t have a minute to cook or get something i want something healthy not too fattening something to help me maintain my energy level most healthy snacks have chocolate in them i can’t eat or smell them because it will trigger a migraine i also don’t want to eat anything that tastes like cardboard they are a little pricey but for me they are worth it,1,1,0.7884511172686536,1,0.7154524279743877,1,0.645004,1,0.99273735
enjoy the unique flavor in a world dominant on chocolate ble raspberry and watermelon i enjoy it,1,1,0.8750749267546056,1,0.8194073933474225,1,0.99900204,1,0.9961824
i normally use jarrow formulas brand of lglutamine and found this brand to be as easy to use i generally mix it in with my bcaas before and after intense workouts when i developed long haul covid issues it also became a way to help my gut issues this is a fine powder that mixes easily into liquids so its not at all complicated in finding ways to add it to my routine great product,1,1,0.9678160742020967,1,1.5038417733502976,1,0.99983835,1,0.99631184
price is reasonable here compared to grocery stores great quality and taste,1,1,0.9632337033775813,1,1.5898153402784756,1,0.9995803,1,0.99620616
i found this protein powder to be tasty and able to be used in combination with other supplements this is the nd time i have gotten it and probably will get it again it doesn’t have a strong taste or weird sweet taste in the smoothies i make,1,1,0.8098488779547875,1,0.4421405158432172,0,0.10248001,1,0.9947155
taste is alright i dont think it gives me the pre workout feels probably wont buy again,0,1,0.6319048294142479,1,0.03009167121592704,1,0.9357914,0,0.37417588
at first the stevia sweetness was a bit much but ive started adding berries which cuts it a bit im also going to try adding kefir which i think will help even morebr br regardless its a super easy and nutritious way to start my day which i cant help but feel good aboutbr br the flavor is yummy and it looks like a very healthy gross green,1,1,0.8787341186287614,1,0.8500664785120877,1,0.98820376,1,0.95636594
it was bad but the ingredients are different then what was advertised,1,1,0.5390099330572873,1,0.4680150689275516,1,0.6875825,0,0.083251305
easily mixes in hot or cold beverages noticeable improvement in my nails and skin,1,1,0.9558511719016202,1,0.9183389487234412,1,0.9955147,1,0.996709
the flavor is nice however its on the sweeter side so using plain water or unsweetened almond milk is recommendedimo you need a blender ball to mix without it the shake will be clumpy i have extremely sensitive tummy and all kinds of digestive issues and this so far has not irritated me,1,1,0.9089828095642154,1,1.1173507674175664,1,0.9817988,1,0.99168456
just received this and it might be too early to really say how i’m enjoying it however blending is a huge huge thing for me and this blended perfectly it left no weird taste to my shake so far love this collagen,1,1,0.8438241951490156,1,0.8101263717424989,1,0.99649197,1,0.9939976
i noticed benefits from using this right away mores than other nac supplements by different manufacturers i always trust jarrow to provide quality products that work well and are easy to find on the market i have used this off and on for allergy and sinus problems it works quickly and doesnt give me that fuzzy feeling i get from otc antihistamines it also boosts your mood which is added incentive to use it periodically i am not sure how safe it would be to use it daily for the long termbr br i would give this supplement stars if it werent for my concerns about some recent studies showing that nac promoted the growth of lung tumors in mice several researchers in different medical papers are claiming nac might not be safe for those who are concerned about developing lung cancer im not sure what dosages were used in the studies and no studies were done on humans as far as i know but im always careful to research the pros and cons of all supplements i take using reputable medical sites and journals online,1,1,0.889260215600029,1,1.1753822046305418,1,0.9987413,1,0.99327
i tried the sample packet and it was a wonderful rich chocolate taste the powder was bit chalky like some other competing brands the powder was a little hard to blend but it was likely due to my almond milk being so cold will definitely be back for more,1,1,0.814890894991153,1,1.2744269467496276,1,0.9707765,1,0.9530207
green taste,1,1,0.6996181866523611,0,-0.11698222710249007,1,0.7309507,1,0.8516595
love the product mixes easy and the flavors good advice to give find the pack with the best current valuebr br don’t stress about any old bad reviews that rated low this product is solid,1,1,0.9458881597647921,1,1.4703008627381386,1,0.91213906,1,0.99698013
entirely too sweet i like the ingredients otherwise but makes my shake way too sweet leave the sweetening to me if this is really natural product otherwise its soda and not healthy too bad i had high hopes,0,1,0.5217358944822725,0,-0.28677909456634987,0,0.011181077,0,0.36219573
ive purchased this product several times and its very consistent and easily my favorite protein i am lactose intolerant and have sensitivity to almost all whey protein but this one doesnt give me bubbleguts or any nasty side effects and it tastes good it still tastes like protein dont get me wrong but its light and not a thick consistency light flavor that is quite refreshing after a workout for someone who hates protein just like me this is the first thing ill recommend,1,1,0.8735505475822738,1,0.87370266446516,1,0.98968834,1,0.99618477
they’re honestly not bad for protein bars i have all the protein bars that i’ve tried these are probably my favorite and they don’t give you gas lol,1,1,0.7776580428712809,1,0.3620571859383921,0,0.11793053,1,0.9657386
great cup and awesome quality highly recommend,1,1,0.9938855119121282,1,2.427434033407585,1,0.99992585,1,0.99706155
i’ve been using this protein powder for yrs now it’s the only protein powder i use i cannot switch to a different brand because it’s just absolutely delicious and doesn’t leave that gross protein after taste in my mouth lol it also digest very well and doesn’t leave me bloated i’ve tried the vanilla cookies cream and graham cracker flavors and they’re all delicious but my favorite of all time is the angel food cake it’s airy fluffy and just deliciously sweet it’s not overly sweet it’s the perfect amount of sweetness to curb my sweet tooth i love it so much,1,1,0.8558790977001514,1,0.5859740400314903,1,0.9951278,1,0.99666876
product is great have been using it for years i like how easily it dissolves in any juice or smoothie etc no pills to swallow is a plus the oz sise over the oz is a no brainer for the small diff in price,1,1,0.9410671123892024,1,1.2154271448913998,1,0.9954763,1,0.9966299
i love everything about this product,1,1,0.9432590418162905,1,1.06594059292655,1,0.98421913,1,0.9964798
as a vegan i am always looking for ways to add protein to my diet so i was delighted to try this powder ive been making smoothies in my nutribullet daily i use fresh fruit frozen fruit a tablespoon of soy yogurt and soy milkbr so i added a scoop of the powder this really makes a thick smoothie i found that i had to remove some of my blend add more milk then remix the entirety it made the drink paler than usual and again as i said really thick i could notice a slightly different taste but it blended well and i had no issue with the additional flavour best of all i could tolerate this no nasty additivesbr i would say that i added double the soy milk when i used a scoop without the extra milk it was almost like that mr softee ice cream only slightly thicker with double the milkbr ill be buying more when i run out love this stuff,1,1,0.9228973422787895,1,1.3720771964340357,1,0.99813,1,0.98065794
mixes well and tastes good wakes me up in the morning,1,1,0.9624401973477968,1,1.4331046749963887,1,0.997849,1,0.99660754
ive been using sr collagen for over a year and have noticed a huge difference in my hair skin and nails i will continue using this product forever it really is amazingblends well and has no flavor i add to my daily coffee my skin is clearer my hair and nails grows fast and strong my joints feel great post work out this is a must buy,1,1,0.9930296133948254,1,2.3500697971295725,1,0.9995259,1,0.9968677
great powder that dissolves easily in my morning coffee since using it my nails have gotten stronger and my skin smoother good product,1,1,0.9961884229795246,1,2.531712768487212,1,0.9998878,1,0.9970319
this protein tastes incredible when mixed with water for the price you can’t find a better value quality or flavor profile,1,1,0.9757933544137638,1,1.6698076140377178,1,0.9690258,1,0.9961592
these taste like chalky putty in a bar shape would not recommend at all i will stick to my aloha bars,0,1,0.5146930737379071,0,-0.7006337181236617,0,0.0067036757,0,0.03174338
the peanutbutter ones are the best we must order those now,1,1,0.9570474480919303,1,1.708471709356532,1,0.9998197,1,0.9893895
on second container i am working through some knee issues and thought i would try this product,1,1,0.8515558315627223,1,0.9099247903134566,1,0.99552935,1,0.97714907
these are pretty good shakes im happy with it ive been drinking shakes like these for awhile as my morning meal or if im too busy to eat during the day theyre good for helping lose a little weight as well im not a gym personbr these really fill you up and take away any feelings of hunger for quite a few hours this is the highest amount of protein ive found in these boxed shakes im not super impressed with the taste but im sure its difficult to make this much protein taste good its chocolatey but a little dull not bad at all its definitely drinkablebr these will be my new go to shakes i recommend,1,1,0.9823874285218702,1,2.2387237055731593,1,0.99928087,1,0.9970029
this is the rd flavor ive tried from ataqs plant based protein line i was very happy with the taste a lot of plant based protein products tend to be hit and miss as an athlete its definitely helped in aiding my muscle recovery and providing me with good quality protein add a banana or peanut butter to the mix and omg,1,1,0.9857770646424375,1,2.341587343614195,1,0.99663407,1,0.9966499
i am walking towards my ’s so i’m trying to eat healthy and to give my body vitamins and all the good stuffbr while for me the taste of these bars was not good they are a little bitter and definitely they leave an after taste maybe for other the taste is perfect that’s very personal but what is not personal is that they are very dense so very hard to chew careful with your teethbr they leave you full for a long period of time sometimes i can use one of them to replace my lunch or half or quart as snackbr the amounts of protein and collagen of each bar is quite impressivebr overall they are very nutritious bars just be careful when you bite them,1,1,0.8416296957246122,1,0.7601644224924116,1,0.9812625,0,0.46236223
i dont have time to make different shakesdrinks a day so having creatine in a pill form has saved me soo much time been on this for months and wouldnt look back,1,1,0.776418408173772,1,0.5126749027263658,0,0.06439413,0,0.14514272
wild cherry tastes just like cherry cider from my childhood days can’t be without i order a case every week after a meal sipping it is like a dessert for me plus it keeps you full longer i’m so so glad i discovered thisbr br i purchased cases of this again when i started drinking it i thought maybe it had fermented or something i tried one out of the other casesame thing i came to amazon and figured out through the reviews they have switched to stevia as a sweetener it is so god awful horrible horrible tasting you wrecked it i got an email claiming most people were preferring thisi don’t believe that for a second not only does it taste horrible it leaves that nasty after taste for a long timebr br i probably have edited this more times than anyone in history i probably will order as if i guzzle it it’s barely tolerable and i like the exact amount of protein i just wish i could still use it as a sipping dessert as it was with sucralose please please bring that back in the cherry or give us a choice,0,0,0.38038441343805585,0,-0.20958826133434139,1,0.9808538,0,0.049760934
great,1,1,0.9989227211392794,1,2.927870983357807,1,0.9936824,1,0.9969181
taste great love it,1,1,0.9979469115772274,1,2.8673245267000795,1,0.9993819,1,0.99658513
made our smoothies today and got grossed 🤢🤢 out it was like drinking a can of evaporated milk not at all what i expected,0,0,0.3965604676668235,0,-0.30690896802057976,0,0.030222578,0,0.053388387
using this product for years based on recommendation of natural store owner does the job,1,1,0.8531552274010278,1,0.63435605957506,1,0.9602556,1,0.99383754
intense energy spike,1,1,0.8319203133804964,1,0.3786150254714181,1,0.98579836,1,0.9559455
i admit i was highly doubtful about this product and only half paid attention to the wait minute thingy but remarkably i remembered i am now about to order every flavor they have an excellent way to get my protein in thank you,1,1,0.9457192598902956,1,1.4720215586658583,1,0.99931633,1,0.9820047
bannana flavor is palette friendly one scoop in milk tastes fine without a scientific analysis its hard to comment on quality and or effectiveness,1,1,0.8970650140092743,1,0.9104108682966437,1,0.832401,1,0.9944805
my son recommended these bars as he really likes them they do have a good flavor but too sweet for me,1,1,0.9473520321485832,1,0.9896882636256611,1,0.83472574,1,0.9941215
to lose weight for competing in strongman i have been trying to stop eating ice cream at night this protein has saved me i mix it with milk in my blender then chill it in the freezer for minutes the result is something that tastes exactly like a chocolate malt but is healthy i now look forward to my healthy chocolate malt before bed,1,1,0.9461963301197898,1,1.7179348151399234,1,0.99993634,1,0.99620503
i can only speak to the fruity pebbles flavor it’s really good tastes like fruity pebbles mixes well i mix mine with almond milk so the consistency is perfect you can add more or less fluid and get a thicker or thinner drink doesn’t jack my stomach up and doesn’t have a “sucralose” after taste which is probably my favorite part sad to see the price has doubled but if you’re willing to spend a lot it’s tasty,1,1,0.9103735364750541,1,0.30124898705204883,1,0.8952656,1,0.9957241
ok,1,1,0.8103572188444788,1,0.6868830415511353,1,0.85378903,1,0.99007297
so far so good i just switched preworkouts to change things up a bit and i dont have any complaints about nitrosurge it gives me the energy to go into the gym after a long day at work im trying to cut back on caffeine so i only take half a scoop and it does the trick not the biggest fan of the cherry limeade but that is just my personal preference,1,1,0.9093126398016993,1,1.4157253009002821,1,0.9827444,1,0.9948283
tasteless,1,1,0.8668144353123948,1,0.8396595822181483,1,0.94450766,1,0.82227355
i like the ingredients in the truth and a chocolate it actually tastes like chocolate and has healthy ingredients and g of protein in a serving i’ve only tried it a few times but it looks like this product is a winner,1,1,0.8565848015404276,1,0.7624896764416116,0,0.33125985,1,0.9947254
i went on a limb and tried a new colleges powder this brand but i’m not a big fan of it leaves a weird after taste i mix it in with my smoothies,0,0,0.45304492754070774,0,-0.39678261506536905,0,0.016134946,1,0.9189025
ive been using this for months seems to help my arthritis not seeing any difference in my skin or nails maybe it takes longer dissolves great in my coffee and is tasteless,1,1,0.9702805364714104,1,1.771536383826684,1,0.9993437,1,0.99459654
great product,1,1,0.9910199861615988,1,1.630876905865732,1,0.99142504,1,0.99691916
not a great flavor there’s something about it that just tastes off and not like other watermelon flavored bcaa or eaa’s i’ve used in the past i’ve had to mix it with other powders just to use it it’s almost like if you don’t mix it with cold water and pound it immediately it goes rancid,0,1,0.7074907225571114,1,0.39295748464131264,1,0.88292783,0,0.051015053
love the taste especially for a pea protein the only thing i wish it was more clear on was the natural flavors,1,1,0.9310020811096055,1,1.8581819424691148,1,0.994412,1,0.99589217
i liked this protein powder because although it takes a little stirring i have added to orange juice chocolate milk or just plain water and it didn’t change the flavor of my drinks the only thing is that it made my drinks a little bit thicker but i didn’t mind because my drinks were more nutritious,1,1,0.9082793384773018,1,1.0037890715190527,1,0.9794118,1,0.9873662
good source of protein low in caleries and sugar,1,1,0.9759790756245372,1,1.5705286490443393,1,0.991235,1,0.9966959
like i said it gets frothy but thats okaybut still great for supplementing diet,1,1,0.9096608501518904,1,1.1023223237917088,1,0.99896777,1,0.9880973
the unflavored version can go into any shake without throwing off the flavor it doesnt mix extremely well but its no different from some of the other creatine products on the market i would like a longer scoop because the can is taller and more narrow,1,1,0.747893147780855,1,0.43967913209907894,0,0.31055793,1,0.66814953
this hake was little thinner and sweeter than my usual chocolate protein shake but after i added some oats pb and banana to it it tasted great and texture became thicker also these are my usual shake additions so for the most part i’d be adding them anyway excited to try some of the other flavors especially the banana cinnamon,1,1,0.9156328405859249,1,0.4599380785666996,1,0.7223702,1,0.9857283
this product is lactose free due to the high processing method they use to remove the lactose its best in a blender with frozen fruit thats my personal opinion,1,1,0.9161107385740477,1,1.0994769475661317,1,0.93180585,1,0.9941724
i normally get the chocolate and it is one of the better tasting powders that i have used it blends well and tastes great i use it as a supplement for breakfast mixed in a smoothie with fruit,1,1,0.9879493898219202,1,2.2367202211003345,1,0.9994518,1,0.99708825
i am not sure i got no cow bars what i received is in a different black wrapper and a different size i may have received a knockoff as for the taste well lets say it is less than yummy i detected no peanut butter taste at all and the rest may have been chocolate but very bitter it made me a bit nauseous when i first swallowed it the only thing i can say for it is that it is filling and seems to have the stated amount of protein but i will not eat them and i wasted my money,0,1,0.6779085513662965,1,0.008237148766692903,0,0.22903086,0,0.04956433
i have introduced so many people to these bars…they are amazing they’re worth the price,1,1,0.8837517782397227,1,1.1321476034387692,1,0.99865973,1,0.9951296
i have been taking xtend bcaas for a long time but i always purchase watermelon explosion flavor it was time to get a new tub and as it turns out the watermelon flavor price had gone up this has happened with a couple other products i take before during or after workouts and it really gets to my nervesi refuse to pay the higher prices so i decided to go for the strawberry kiwi splash and oh boy what a mistake i find this one to taste like real nasty medicine it just took me back to my childhood not wanting to take my medicine syrups yukbr i understand when it comes to flavors its personal what may seem great for one person was disgusting to me i passed it on to my husband he didnt like it either but said he would sacrifice himself since i spent on it,0,1,0.7418744020541963,1,0.3065448175451888,0,0.19817923,0,0.11645696
ive use a lot of collagen brands this is really my favorite my nails grow like crazy so i presume the bones and joints are doing well i will literally know with my next bone density test ive always been vegetarian by nature but i make an exception for this i believe everyone needs it along with some omega s,1,1,0.9812309737781476,1,2.1155694858543512,1,0.9998654,1,0.9931391
this got to be by far the best product for me i will recommend excellent flavor mixes well,1,1,0.976732816815814,1,1.5996367938304938,1,0.99951327,1,0.99609035
easy way to get your vitamins,1,1,0.8837859420356239,1,1.3076070604897436,1,0.99814475,1,0.99660873
works well for putting on mass do not take if you aren’t a hard gainer or doing a decent amount of cardio,1,1,0.7941995194870095,1,0.312074841618518,1,0.5609043,1,0.9961027
walked in the gym every girl flocked to me an grab my swole arms this stuff rocks,1,1,0.8399489269285644,1,0.9226217811492763,1,0.99659145,0,0.17233056
love this help me recover after workout and bench more weight,1,1,0.9537244670742089,1,1.5494185481398828,1,0.9997515,1,0.99618906
had these a long time but havent used finally tried to use and discovered one lid wont close threw it in the recycle bin,0,0,0.4981315306475406,0,-0.19290870623289758,1,0.57212275,0,0.05710497
i bought this product because of some of the reviews i have not noticed any change in my skin hair and nails the only good thing is it does mix well in my hot coffee i will not be purchasing this product again i originally was going to purchase ancient nutrition i wish now that i had,0,1,0.7836486279317102,1,0.8929911108137323,1,0.8892745,1,0.96565217
mixes well with a coffee mocha protein shake i tried it mixed with water and didn’t like the taste but with other drinks it is good,1,1,0.977549815481516,1,1.796384675128252,1,0.99208355,1,0.99689746
i dont like the lemon flavor i ate so far and i really wish i would have got my usual chocolate deluxe i have more to eat oh boy,0,1,0.866228237610479,1,0.6716644554900317,0,0.39779237,1,0.983352
no label or product information 😒,0,1,0.5607900242283663,0,-0.49894111354589343,0,0.1293885,0,0.2892993
my favorite protein hands down i love this product and brand the only reason i gave instead of stars sometimes it arrives open i blame amazon employees or the usps or whoever delivers it maybe they are being rough or throwing it around most of the time its perfect though,1,1,0.8385965081094893,1,0.5935360876169358,1,0.99491227,1,0.9926549
id rather this be tasteless because as it stands it is pretty nasty to me hidden behind cocoa powder and peanut butter powder it is drinkable for kiddo but i still taste the underlying nastiness,0,1,0.7662192502867304,1,0.6912791392215283,1,0.895308,0,0.06008662
i have tears on one shoulder and tear on the right shoulder which gave me a lot more pain that i am in now and my right hip replacement gave me a constant pain in my right hip muscletendon and this lowered the pain considerablybr as for tasteless dont put it in your chicken soup you will taste the sweetness in hot coffee or hot chocolate is great but my chicken soup turned out a little sweetnot a lot just enough to know,1,1,0.9489304105044184,1,1.3813037681812004,1,0.99735343,1,0.9486196
add this to my morning coffee very good flavor blends well into hot beverage,1,1,0.9850039802982222,1,2.2696269855495634,1,0.998643,1,0.99701333
best to drink quickly settles fast and flavor gets worse as it sits,1,1,0.9465998532162051,1,1.527790998398635,1,0.99979633,1,0.97566617
easy to use,1,1,0.9885299256954355,1,2.4762547848935696,1,0.9974656,1,0.99613285
just the flavor,1,1,0.7378995360853258,1,0.38890999020567807,1,0.85304487,1,0.9769982
docking a star due to advertising pictured is one bottle and what they delivered is differentbr br these did not have any adverse reactions to me read a review saying they felt weird can’t say the same hopefully the creatine content is as advertised and not full of fillers,1,0,0.4336480763870133,0,-0.1362822458063806,1,0.5741366,1,0.5450607
swears by it has bought this over and over daily workouts in college and when he is at home lasts a surprisingly long time,1,1,0.9375665467817071,1,1.920463710284325,1,0.99994135,1,0.99449664
i am a big fan of no cow products and i’ve tried many along the way the cinnamon bun flavor makes for a good start to the morning along with a cup of coffee the bars are tasty have a nice consistency and always provide me with enough energy and sense of fullness to last me until lunch i also like the fact that i’m eating healthy to kick off my day,1,1,0.9573506077650675,1,1.5284097140044803,1,0.99957615,1,0.99705195
taste good and gives me the kick needed to get my workout done,1,1,0.9676093030976852,1,1.7127844900947227,1,0.9949242,1,0.99677545
good taste reasonable price but the seal often remains intact when you twist the cap this means you have to pierce the cap with a knife this is a design problem,1,1,0.8390121926778435,1,0.5877000556338351,1,0.99754626,1,0.9283182
i want to loose pounds have been looking for a good tasting protein shake that has substantial protein this makes a very nice creamy shake that filled me up made in the usa all natural produce the protein is grams and only gram of fat i plan on replacing meals with this and then eating a lighter lunch the bag should last for servings may not loose pounds in days but it is a good start,1,1,0.9025223816865736,1,0.7957867415064711,1,0.9880662,1,0.9964181
there is a coating on this bar that is so good thank you,1,1,0.9167684897817191,1,0.8488966127309174,1,0.9769235,1,0.9925527
i could say this protein mix really help curve my appetite made me feel full longer,1,1,0.8859497318016509,1,1.197666541638588,1,0.9847601,1,0.99513006
a half serving of this nutherapy nutritional protein powder for adults makes a great addition to my meal replacement smoothie bowls due to a medical condition i have to drink my meals every day because i add fruits vegetables yogurt nuts and seeds i only add a half a serving to each smoothie bowl usually i only have one per day sometimes two smaller ones this adds the protein and nutrients that are lacking in the other ingredients i add mixed with so much other yummy stuff i dont notice a big flavor change only that i stay full longer if you are not doing low carb and use this strictly as a meal replacement it has a great balance of everything you need aside from possibly having a bit too much sugar for my needs it works great and i would absolutely recommend it,1,1,0.9901654273531136,1,2.6079380213623478,1,0.99932766,1,0.9965502
so freaking amazing im so happy to have found this brand weve tried three products so far and love thembr this is absolutely delicious even when mixed with plain water wow i tell everyone about this ☺️,1,1,0.9567892144713163,1,1.8726783439308965,1,0.99970067,1,0.9947876
i love these bars a little extra crunch good chocolate and peanut butter flavor very low carb with a little extra fat nice product,1,1,0.9945265981994763,1,2.644802397865361,1,0.9991019,1,0.99684036
this is a greattasting highprotein drink,1,1,0.7239795333311766,0,-0.023257248132945163,0,0.09420417,1,0.9968167
i have tried more expensive protien powders and feel i get the same results use it as a breakfast replacement along with greens powder on days that i dont drink this fron breakfast i feel like i have less energy and crave sweets nice supplement for breakfast and cheaper then the premixed protien boxed drinks that i was previously using as breakfast,1,1,0.9696384256398912,1,1.7492571275219588,1,0.9990988,1,0.9951519
i love this brand protein powderbr i always get vanilla and love itbr thought i would try strawberries and creambr don’t really recommend the flavorbr it’s ok but i am having to push thru it to buy a new onebr quality is great and i use it every day,1,1,0.9685806215803849,1,1.348768763361147,1,0.9998609,1,0.9967435
there’s not anyway i could call this a pre workout i’ve used better i will say it does taste really good but as far as the energy you should get from a pre work out this doesn’t have it,0,1,0.7797825176036485,1,0.3284715841093957,0,0.42782038,1,0.8485981
i have used this company before and been happy so was eager to try this i started it on wednesday pm and by thursday pm i had horrible headache and overall feeling of being unwell i felt awful the past days since starting it continued into today i stopped it i thought it was my allergies until i read some of the reviews during day was fine but at night migraine headachesfeverishfatigueflu like symptoms i’m sensitive to things and maybe i didn’t drink enough water but dang i felt like total garbage the past few days it also made my urine neon yellow,0,0,0.29922574529315726,0,-1.081475293646174,0,0.0013394488,0,0.042172667
these work as advertised i definitely get an energy boost by using them before a gym workout,1,1,0.9419395803036632,1,1.1686123152418069,1,0.96723235,1,0.9968753
i was skeptical but does what it says other plant based shakes give me gas and bloat this doesn’t wish had more vitamins in it though taste great,1,1,0.8673464248877136,1,1.319886230879445,1,0.9986345,1,0.98341006
good tasting fuel for my workouts definitely recommend it,1,1,0.9721261535996563,1,1.6389020334414648,1,0.9993259,1,0.9969406
this isnt a bad product but here is why its only starsbr br small quantity the amount of eaa and bcaa all together in a scoop is only g you need per day if you are trying to build muscle so this is a huge waste of moneybr br only servings with other eaa or bcaa products all have enough to last a month but this one last like days not the best bang for your buckbr br the flavor is so light i cant really taste anything not sure if thats a good thing but its very vitamin water flavor profile its just a hint of that artificial flavor which felt very unsatisfying to drink,0,1,0.707542767141806,1,0.07124967243603497,0,0.014054553,0,0.041806456
i noticed a boost in energy over the last few days just consuming one scoop each day it has a smooth taste with no after tastebr br my son is a bodybuilder and he has reminded me to use a creatine monohydrate before my morning exercise for its muscle supportbr br i have felt more muscle strength and not to mention a healthier libido i also noticed an alertness and claritybr br i will take for a few weeks take a break for awhile and then resume that’s just preference for me and my body as always check with your physician before taking any medication or supplementsbr br has my recommendation 🌟,1,1,0.9633203500887778,1,1.07828509691686,1,0.9160266,1,0.996621
nice large bottle of protein powder great ingredients and extra vitamins in it,1,1,0.990169511813725,1,2.428573939114551,1,0.9990314,1,0.9970982
perfect size for a shake before a workout or a midday snack,1,1,0.9660025874104438,1,1.396217277493395,1,0.9990152,1,0.9964952
it’s definitely vanilla flavor but these protein bars are not for me they are very dry i feel like i have to dunk it in milk or coffee but it would fall apart or melt not what i expected but i’m sure there are others who may like these barsbr the upside of this is you get a lot of bars in the pack what was advertised is what you get and they were packaged properly and delivered on time thank you,0,1,0.7951453330545332,1,0.8311332328933586,1,0.9951735,1,0.8441646
i like the easy to open a jar,1,1,0.8630892098929513,1,1.289789154996043,1,0.99911016,1,0.99661535
great protein,1,1,0.9993823021389885,1,3.1106552593895787,1,0.997759,1,0.99686664
great taste compared to mostbr br blend a couple scoops of cinnamon bun flavor powder with some milk carrots spinach and a spoonful of peanut butter and it’s a delicious supplement,1,1,0.9749668547833543,1,1.8241950075031867,1,0.99984026,1,0.9971667
these are hugh pills,0,1,0.8340728450759922,1,0.7895679367978693,1,0.7032584,0,0.24725355
it works perfect for what i was looking for,1,1,0.9650170449699227,1,2.0682670705024395,1,0.9975299,1,0.9966511
good flavor easy to use with my arthritic hands therefore a good value for my money,1,1,0.9910427680009019,1,1.995923772217157,1,0.9984226,1,0.9970325
i’ve had blender bottles for years but just got this pro one so the blender ball sits on the bottom nicely and so the cap is more reinforced so i thought but i got it two days ago and it’s already leaking i can’t even shake it without it leaking the screw cap seems to feel as though it closes properly but the snap lid doesn’t feel like it clicks as hard as regular blender bottlesbr usually i have to push very hard and they almost double click while this one doesn’t it clicks once and doesnt seem like it closes fully once i try to shake it the liquid spills out from somewhere on the cap even just flipping it upside down it dripsbr it looks beautiful but it leaks all over so sad stick with the regular blender bottlebr last picture is after shaking it drips all over the sides and my hand is left covered in the sticky drink,0,0,0.4062681888619224,0,-0.445982579905448,0,0.13440104,0,0.17935432
my daughter likes the flavor and results,1,1,0.9410354052956026,1,1.2405193033609052,1,0.98383754,1,0.99707425
i love the one bars if you had told me my favorite would be the fruit loops bar i would not have believed it these really taste like the cereal and the milk from my childhood memories makes me happy with no added sugars,1,1,0.883743388649588,1,1.1316390367323792,1,0.9842956,1,0.9909519
love flavor and texture great snack,1,1,0.9929562352383519,1,1.7264628567765068,1,0.9980313,1,0.99687344
i’ve been using this off and on for about yrs it’s great,1,1,0.9353032266010151,1,1.1981241865014942,1,0.9979202,1,0.99636877
good bang for the buck fills you up quick,1,1,0.9072162525192847,1,0.9026402875023101,1,0.99493897,1,0.9963916
moist flavorful doesnt taste like a protein bar will definitely buy again,1,1,0.8588301416465534,1,0.9008556293651844,1,0.9949144,0,0.3913691
i love these,1,1,0.9847180544972349,1,1.681709442087453,1,0.99110866,1,0.9958807
good tasting protein powder not too sweet i also like the ingredients used in this one,1,1,0.7188771543377273,1,0.2607743409786747,0,0.28898314,1,0.99718577
tastes terrible made me feel nauseous and had no effect whatsoever,0,0,0.1675793593809491,0,-1.8680958158083012,0,0.0053319805,0,0.035332166
not so much as described picture wise but by far the best tasting quest protein bar thus far it’s just a stock white rectangle much softer than other quest protein bars but in a good way if you ask me you can definitely taste the hints of peppermint there’s a thin layer of white chocolate on the bottom instead of the milk chocolate as advertisednon the less still very good disclaimer absolutely no peppermint pieces inside but come on now… if you all was expecting all of that from a protein bar you might as well just get the real thing i absolutely loveeeee these,1,1,0.8269741430380073,1,0.4543108953668369,1,0.7111933,1,0.9892559
doubled in year,0,1,0.7979984104172447,1,0.20746198777814212,1,0.8018392,1,0.9877182
the price is a little more than i would have thought but the product is excellent i had to hold my nose with some of the others i tried they had an a smell and an aftertaste this ive only tried in the chocolate this is the most tasty i hope you have protein bars too we would like to try the caramel flavor too,1,1,0.8531035274288284,1,1.0146507439642214,1,0.983564,1,0.9954058
this is a fun twist on the typical shaker bottle its basically a lowpowered wireless blender the lights that come on on the base unit when its spinning are fun and help to see how mixed your drink isbr br the charge seems to last quite a while and im a big fan of the fact that the charging port is a magnet that can easily come disconnected if the cord gets caught on somethingbr br the blending ability of the bottle is functional but not perfect there have been a number of times where ive tried to mix protein powder into water in this and a small amount of the powder gets stuck to the side of the bottle without dissolving even when running the blender portion of the bottle multiple times i was able to shake the bottle a bit and get everything to mix in but that defeats the point of the bottlebr br adding soap and water to the bottle and spinning it up only works to clean the bottle if you do it immediately after making and drinking a protein shake otherwise it does not have the power to clean the dried residue off the sides of the bottle this isnt a huge issue though sine the bottle is dishwasher safe which im a big fan ofbr br the seal on the lid and flipup portion are good ive had no issues with leakage i did find the mouth opening to be slightly smaller than normal but its still completely functionalbr br all in all this is a solid option if you cant or dont want to use a shaker cup that you have to shake yourself or if you just want to add some fun to making protein shakes it mixes fairly well and doesnt leave chunks but sometimes powder does get stuck to the side of the bottle,1,1,0.874283393081348,1,1.1050699558128394,1,0.99599,1,0.8885668
i could not stomach the flavor of this product and when it was poured out there was a great amount of residue i would not recommend it to no one,0,0,0.36123336770401127,0,-0.3485089556933285,0,0.35759306,0,0.040978223
these are so chocolatey with chips in every tasty bite that i almost consider them dessert the plant power carries you much further than anything else would so thick and chewy i keep my bars refrigerated and sometimes freeze them,1,1,0.9072828543025359,1,1.0555306166076415,1,0.99980813,0,0.46479136
i use this for all of my family no matter how many legs they havebr yes my dogs are includedbr a big plus for the humans is that there is no longer a need for hours of simmering bones the convenience of having it on hand ready to add to any soup or casserole is a real time saverbr a big plus for the dogs iswellbetter poopsbr br ok maybe thats true for humans as wellbr tmi but hopefully that information is helpfulbr br xxoo,1,1,0.8623781831060094,1,1.3517091390431961,1,0.9733002,1,0.9900979
im so glad that premiere protein finally made a protein powder to buy before this i was buying a drinkable pack g of protein for that was getting to expensive so i stopped buying them this product you get more servings for less money a,1,1,0.7292822060579629,1,0.42065770088299226,0,0.110573694,1,0.7470541
i’ve been taking creatine for years and this stuff is great i take it daily and twice when i workout when i mix it with my protein shakes it doesn’t have any flavor but can definitely feel the effects of it,1,1,0.9825422259161989,1,1.5759883543632482,1,0.99865603,1,0.99710566
all around great product blends instantly in cool water bit of flavor but nothing objectionable very happy with this product that is why i reordered this time a two pack saved me a small amount of money i highly recommend it,1,1,0.8547618040317866,1,0.7465827499329312,1,0.9968821,1,0.9957748
i have been using both of these and am very satisfied with their mixability and effects getting that full muscle pump and no digestive issues,1,1,0.9148641576027647,1,0.9178144110524886,1,0.9968183,1,0.99685836
pills are big now i dont have issues with swallowing larger pills some people do the price on this was excellent compare to others dont wait if you need these they are worth the money,1,1,0.9090716602275363,1,1.8238048236186806,1,0.9926075,1,0.9602952
i would say this is something great to start off your morning if not a coffee drinker or to help you get over that mid day slump great for infraworkout this won’t give you any “pump” but will help keep you focused with the added amino benefits,1,1,0.9255793077865576,1,1.050175134363401,1,0.99988997,1,0.99403185
they open up on the bottom to add a scoop of protein then the too is a funnel i’m obsessed lol,1,1,0.6051701672154666,0,-0.1960773395030504,1,0.528769,1,0.587566
great product use for meal placement shakes i also use it to made puddingbr easy to clean and dishwasher safe,1,1,0.9830870775471013,1,1.9307643531905554,1,0.99975556,1,0.9972965
the flavor,1,1,0.7788729048567714,1,0.47185062022634977,1,0.8170753,1,0.96520466
im a good ways away from the formerweightlifting guy i was years ago these days i use protein powders mainly as lowfat meal substitutesbr br i wanted to get some nondairy protein options into my diet so i jumped on this item as more of a test item my recipe includes half a frozen banana a small handful of frozen berries occasionally a spoon of peanut butter does wonders in reducing grittiness and two scoops of protein powder blended into equal parts skim milkwaterbr br im not going to lie and say than this product will compare in taste to a dairy queen milkshake its pretty gritty and somewhat bland on the tongue however it mixes well and serves my intended purpose im slightly lactose intolerant and supplement with gut flora to prevent stomach issues this product seems to settle on the stomach better than whey powder right nowbr br for now im planning to mix this product with whey powder and see how it goes moving forward,1,1,0.9453878696520671,1,1.2274703810372172,1,0.99310535,1,0.98298025
this product had expired in march so the flavor was bad its too bad as im certain it would be good if it were fresh,0,0,0.43552986702695967,0,-0.2626026667595337,1,0.95830345,0,0.042138223
perfect size shakes without leaking and washes easily great value for the cost,1,1,0.9862253128796259,1,2.0359274935641034,1,0.9998275,1,0.9970409
great testing perfect used in water or milk as well as soy or coconut milk i add frits as well great in smoothie,1,1,0.9945936768493921,1,2.488723305676449,1,0.9998722,1,0.9971711
since the caffeine is natural it doesnt make me feel jittery and i like the inclusion of the bcaas and the fact that its zero sugar the watermelon is definitely my favorite,1,1,0.9218098295227345,1,1.2856691931988689,1,0.99940825,1,0.99640816
arrived quickly and in great shape,1,1,0.9307347338033523,1,0.9658500195348414,1,0.9744581,1,0.9953695
i very much enjoy this protein powder there is many brands that i’ve tried but everything is always chalky it had a poor flavor this one has an amazing taste and isn’t chalky,1,1,0.6624903797876405,0,-0.013729473225157607,0,0.030885909,1,0.9897413
videoidafcebeeadadfbd first time around they sent me empty bottles i opted for an exchange and the error was corrected with six full bottles the very next day these tablets are amazing amino acids are among the most important supplement one can ever take i’ve taken a day for the last weeks that’s the maximum recommendation that’s g of vegan protein daily at a total expense of only calories at a absorption rate a winwin the next best absorbed protein source is whole eggs at roughly absorption my gf keeps squeezing my legs arms and chest with compliments of my improved physique and i’m not even lifting yet i’m not as sore or stiff where i experienced tendoncartilage damage sustained years ago perfect aminos along with prolozoneozone therapy is a perfect combination for healing and building a healthier stronger body will continue to invest aggressively in both for years to come check out dr david minkoff and dr frank shallenberger’s joint minute video on this product “how to stop the loss of muscle mass a discussion about perfect aminos” these aminos will rebuild every cell and tissue in every system of your body amino acids not just for muscles anymore cheers,1,1,0.9561805645500223,1,1.66538847480283,1,0.9958668,1,0.99650383
i have tried a lot if the pre workout powders on the market the majority of them were way too sweet to even try to do a shot of but i really like this powder i have taken a scoopful in the morning with a shot of water as well as put a scoopful in a bottle of water and drank it through my workout and both ways the taste was good and it helped get me through my early am workouts,1,1,0.8872961517336501,1,0.7146756466825306,1,0.99768424,1,0.9963999
im not a fan of grape to be honest however my husband loves grape and i thought a fun flavor would help get him out of bed in the morning i love pre kaged helps me feel alive and i always feel like i can workout for hours great product,1,1,0.972112275877679,1,2.2140401689260623,1,0.99983025,1,0.99687344
of course everyones body is different so be mindful what works for one might not work for you i ordered this to start back running with the runners peak serum and the first week i didnt think it did anything so i continued taking it the second week i noticed i was running longer without stopping and my breathing was better i did not feel tired just my lazy mind sometimes gets the best of me a change of mind and attitude towards running increases the effects remember that i have to trick my mind into believing i love running and eventually my body continues on its own with the help of this product mind over matter,1,1,0.8635052178045058,1,1.3602765892693465,1,0.9974348,1,0.9846468
i like vanilla in its pure form this protein drink has some in it but it’s not a strong vanilla flavor there is a bit of chalky taste that i notice in almost all my vanilla protein drinks but adding some pineapple or one banana really helps the flavor i tried it with water milk and frozen strawberries and put in a blender for seconds it made a refreshing drink and not thick which is how i like it the separate packages help because of not having to use a plastic scoop that is most always messy the cost is about dollars a package getting servings i would spend a lot more if i had to make a breakfast and getting all these greens in macrolife are a much better choice for me aside from the weak vanilla taste i feel good drinking this product with no side effects,1,1,0.8807598267150698,1,0.9163959826966406,1,0.99455607,1,0.99556893
my grandson is a pickle eater and getting enough protein on him is a challenge this is the first protein drink he really loves works for me too,1,1,0.9643948999304757,1,1.6307844105389628,1,0.99768937,1,0.99588156
it was to gritty and bitter even with flavored almond milk or fruit smoothies i wanted to like it but it just didn’t work for me,0,0,0.42358937494402205,0,-0.5071878300912176,0,0.05209021,0,0.04657077
it came faster than expected they are perfect for traveling or on the go it’s actually edible too,1,1,0.8735185830008504,1,0.7767936663286609,1,0.97395337,1,0.99206674
great product and service,1,1,0.9645952303889684,1,1.3700076092824829,1,0.98937666,1,0.99692506
using vegan protein helps me keep up to the daily amount needed for my weight this is a tasty option when not traveling have a favorite recipe at the housebr br i enjoy using a couple of frozen or unfrozen banana in the blender couple teaspoons of chia seed scoop of powdered peanut butter mix in couple cups of filtered ice cubesbr br deliciousbr br i use another chocolate powder that has more nutrients too this brand also comes in premixed and travel packsbr br sub and save for savings is a great choicebr br ⭐️⭐️⭐️⭐️⭐️💯,1,1,0.9583584992975493,1,1.3917820933559932,1,0.98585594,1,0.99683017
i like the chocolate chip and i love the peanut butter cup but this is not very good if it didnt have icing it would be better but i still dont care for it,0,1,0.8249652155697839,1,0.7959150582639035,1,0.9649798,0,0.20294563
i tried this in a cup of unsweetened soymilk so i’d get the most accurate flavor without extras this is delicious i made it in my electric greens powder mixer and it mixed up well the flavor is neutral with just a tiny hint of mint be aware of the mint undertones when blending ingredients for a smoothie spearmint powder is one of the minor ingredients so it’s a natural flavorbr br what’s greatbr texture ingredient list quality omega s flavor i love that it’s completely vegan and that we have country of origin info for ingredients ecofriendly at just over per serving this is reasonably priced as wellbr br what could be betterbr nutrition facts are for “ tbsp” but instructions say to use a “rounded tablespoon” this is a little unclear if you’re trying to manage your nutrients also it could have been a quirk of my bag but it is hard to seal and keep sealed the “ziploc” grooves are moody ha i may have to place the bag in a gallon ziplocbr br pro tip i just had a delicious smoothie use milk of choice i used macadamia frozen banana a scoop of this wonderful powder and a tsp of matcha sooooo tasty i love that this powder has neither a chalky taste nor an overwhelming hemp flavor i’m not a fan of hemp seeds plain so this is greatbr br quality tasty protein powder absolutely no chalkiness,1,1,0.9292414037799247,1,1.324387709898161,1,0.9722334,1,0.99682486
hoping this review will save you a lot of time trying to figure out which vegan protein to buybr br i am a personal trainer nursing student and hugely into nutrition i also lift heavy x a week but do some form exercise around days a week i also need to eat a lot i have been vegan around years and have tried so many vegan proteins i never like any of them and always am on the hunt for a better tastingmore nutritiouscheaper powder i am going to save you a lot of searching this is the one you need to buy i am a little embarrassed to say i order of these per month br br i have strict requirements for my protein powder must be vegan no added oils no added sugars no aspartame or sucralose high protein per calories no superfoods or greens bcaas probiotics simple ingredients and not too expensive falcon protein fits all of these it has a lot of added benefits that aid in muscle recovery as well and it tastes amazing the reason it tastes so good is that there are no greens added i hate when vegan proteins add superfoods if i wanted greens i would add them myself it also doesnt turn oatmeal a gross color i eat so much i sometimes get lazy and mix this with just some almond milk to make a pudding this is one of only two powders i have ever been able to do this withbr br taste best i have ever had see abovebr texture very smooth no graininess or clumps not super thick or thinbr cost vegan tends to be more expensive but this is better than most was cheaper when i first started buyingbr appearance does not turn shakes and oatmeal green or brownbr healthnutrition see above br br two suggestions more flavors banana and strawberry mixed berry peanut butter banana and cinnamon and larger containers so i dont have to order a month bags are preferable over tubs too,1,1,0.9122798321229185,1,1.0179543056188392,1,0.9975273,1,0.99055946
i dislike the taste,0,0,0.4530163246795102,0,-0.6697382387007926,0,0.068023235,0,0.32594275
the grittiness is a little more than i want,0,1,0.9247483721214788,1,1.6962738748290596,1,0.9741866,0,0.12301572
this is the second time i purchased this product my skin feels great and my nails are stronger i also like there is no after taste to the product so far i love it,1,1,0.9680397877297244,1,1.4808007546765332,1,0.99856997,1,0.9966325
ive been using this product for over a year its tasteless blends beautifully in my morning drink im going to be in a couple of months and have clear skin not saggy good muscle tone shiny hair and strong nails great product large size last whole month,1,1,0.9614319752231877,1,1.4604428350050518,1,0.9994407,1,0.9965707
these bars are great way better than the original quest bars my favorite flavor is the chocolate caramel pecan flavor great on the go,1,1,0.957202667772107,1,1.0623375690645185,1,0.9955075,1,0.9968528
great flavor,1,1,0.9960632424001378,1,2.149830361609883,1,0.98846895,1,0.9970919
though some have been turned off by the blueberry flavor of this protein bar i personally like it a lot id give this product a star review were it not for the slowness of fulfillments and the periodic refunds because they are sold out,1,1,0.671070383553198,1,0.10610789770173124,0,0.04727172,1,0.98202467
this shaker is great it doesn’t leak and keeps drinks cool can be used as a water bottle or a shaker,1,1,0.8686266803145375,0,-0.019277585929975638,1,0.8017762,1,0.99702954
high quality and great packaging,1,1,0.9875046565020954,1,2.020435117606614,1,0.99913305,1,0.9967392
this product contains steviabr br that’s pretty darn well hidden on this page pretty annoying stevia causes me severe headaches and hangover like symptoms because it’s technically derived from a plant products get away with using it and still claiming “no artificial sweeteners”br br i really wish all products would be a little bit more upfront and honest about how their products are sweetened instead of trying to hide it in the small print and how no one noticesbr br i’d much prefer good ole cane sugar vs any zero calorie sweetener they all do a number on on the body and many have a strong correlation with obesity and dementia do betterbr br if it wasn’t for the stevia this otherwise looks like it could be a great product,0,1,0.7283679809596793,1,0.04077431728100428,0,0.18711251,0,0.19352308
it taste so bad not lying lol like you are drinking pills don’t mix in coffee it will ruin your coffee,1,1,0.6064135121624752,1,0.12590463907919602,0,0.027434483,0,0.08825937
this is not a thin water drink it’s not thick like a syrup but it’s a thicker clear drink i can tolerate the thickness it’s great for helping to get in my protein,1,1,0.7558970829049974,1,0.19167588097703214,1,0.9928986,1,0.995815
i do not have a problem with swallowing pills but if someone does i think it would be no problem swallowing thesebr i think this glutamine is pure,1,1,0.6450930660927069,1,0.06494433203355043,1,0.8194004,1,0.91516
open the package let the fumes from the sweeteners dissipate a few seconds in the microwave they taste great for keto that is don’t expect mr sticky or cinnabon,1,1,0.6411515410301751,0,-0.1129976426003213,0,0.13606122,1,0.9442966
was ver please with all the flavors this is a great way to change things up daily,1,1,0.8820977553831414,1,1.1464530457971769,1,0.9995134,1,0.9918257
the shaker ball sucks does nothing to mix my protein well it should be a pre work out shaker not a protein shaker bottle,0,1,0.7846044956973723,1,0.19221881991592782,0,0.120710626,0,0.10987126
these bars are nasty im always looking for low carb protein bars these were a big miss for me the texture is wrong the flavor is bad theyre just gross try a different brand,0,1,0.6362672664147794,1,0.038098990332802674,0,0.14483593,0,0.034474038
i want to stress that i want to support my hometown’s vegan business the salted caramel flavor was really good if i can deter even one person from buying the vanilla flavor though i have done my good deed for the day i am a wine salesman so i’ve got a pretty darn good palate i simply can’t fathom how this got the green light for production it shouldn’t even be called “vanilla” i don’t know what they were going for but that ain’t it the fact that they pulled off the salted caramel flavor so well and a blunt flavor like vanilla so poorly is puzzling i’ll continue to try other flavors like i did with soylent it’s definitely a dicey proposition because i order a case at a time i’m staring at the vanilla one now asking myself how i’m going to power through it it’s going to be a brutal undertaking,0,1,0.7521794494737387,1,0.3110229088018056,1,0.9302465,1,0.90108967
i saw these on shark tank and bought im really glad i did my blended protein shake lasted well past lunch still cold when i didnt have time to drink it these are definitely my new favorite,1,1,0.9492319827035786,1,1.2735615363333912,1,0.9998716,1,0.9959721
very disappointedbr this is my second purchase that im reviewing on with my first purchase i had given stars because i immediately noticed good results from weeks of use no longer worth starsbr but first let me say that with my first purchase i was very pleased because there was absolutely no smell no flavor and soon as i would pour it into my coffee the powder would immediately dissolve in seconds within the weeks of use my hair stopped shedding by at least of what it was and definitely felt stronger my joints felt better and my skin dryness was improving as wellbr so i reorderedbr when it was time to use the new container upon opening immediately i got the unpleasant smell of so many others i had used before and thrown away i thought its not as strong so let me just add it to my coffee and see if it dissolves the same as it did with the first purchase and the picture provided is the result after almost minutes the powder was still sitting on top and starting to clumpbr im so disgusted and irritatedbr what i hate the most about dealing with a company is product inconstancy when i place a repeat order i should get the exact same product i previously ordered i thought i had finally found a collagen i could use long term but i was wrongbr i sent it back and got a refund i will never purchase from this company again,0,1,0.5148537854023283,0,-0.0058818650967296104,0,0.0011334653,0,0.46826246
i have tried many now more than a dozen different brands of protein powder over the last ten years vanilla isopure zero was my first purchased in a gnc in a mall it remains my favorite in terms of flavor it isnt too sweet it doesnt have that protein bitterness it has a nice smooth consistency theres minimal gastrointestinal distress and for some reason it doesnt tend to leave an unpleasant odor in my shaker cup after washing the chocolate is okay but the vanilla is where it is at and the zero calories means that latenight workouts dont leave me going to bed feeling fullbr br it is more expensive than the majority of other powders out there in terms of protein per dollar which is why i rarely buy it it also is no better or worse than other powders in supporting a workout for someone like me who only really maintains mass instead of building it the extra protein is just there for support and recovery from strenuous hikes not gains i take the standard gcreatine a day so creatine content is irrelevant to me anyway so if flavor and consistency arent a big deal or you are fine with your experience with other powders then there is no real reason to get this onebr br however i still recommend it at least once,1,1,0.8902092378747936,1,0.6790851067800185,1,0.99390984,1,0.9945186
there was such a small amount for the cost there was also not much to rave about it was not easy to blend and the taste was nothing to write home about i would not recommend this to anyone complete disappointment,0,0,0.2775460846089197,0,-0.35902342339993776,0,0.0056606596,0,0.049869157
this is a great supplement and i am a big fan of using nitric oxide to help with muscle recovery my muscles are sore quite a bit from my gym routine and taking these daily helps with recoverybr there are some other benefits to nitric oxide as well but this is the main reason that i take it dailybr br no bad after taste and easy to swallow i am happy with them,1,1,0.9873551835082902,1,2.451010111549119,1,0.9993123,1,0.9969465
i only drank one of these in the morning and went to work and then got a headache migraine type looked at the ingredients and a lot of electrolytes involved so not sure if that caused an imbalance,0,1,0.6248973257417738,0,-0.35012466524139574,0,0.03719071,0,0.070683494
like it had no taste,1,0,0.40277764022688095,0,-0.05617695410880785,1,0.8724518,1,0.57991964
i love this stuff i try to have one a day leading to my surgery,1,1,0.9554442147239041,1,1.1860051417761346,1,0.99738365,1,0.9962638
the taste is good and it mixes well in my morning coffee i use creamer so i find it blends easiest if i mix the creamer and collagen in my cup before i pour in the coffee,1,1,0.9865216616174166,1,2.5168862280953,1,0.99911505,1,0.99689674
nice and airy texture good flavor,1,1,0.957423836250672,1,1.4522072222728002,1,0.99528885,1,0.9967834
excellent protein if your looking for a good plant based protein you have come to the right place for the money this is the best plant based powder you will find does have a little earthy flavor but mixes well and tastes well enough to have with water,1,1,0.9945545444133566,1,2.9132644350813157,1,0.9988142,1,0.9970566
these energy drinks arrived properly packaged and sealed with no spills whatsoever but im not sure how i feel about the flavor its not sweet but not spicy either it leaves an aftertaste in my mouth which is why i didnt like it but after drinking one i didnt feel all jittery with a sugar rush so thats a positive,1,0,0.4394812366374989,0,-0.30397479800733684,0,0.0008445003,1,0.9680489
i’ve only had vanilla and chocolate before so this kicked up the flavor profile nicely,1,1,0.8278449885126723,1,1.0988349154193302,1,0.9957871,0,0.19314307
these are very dry and seem to be smaller in size than when you buy from your local retailerbr i canceled my subscription for these,1,1,0.7902530112287653,1,0.025835530691909248,0,0.4419987,0,0.045908276
exactly what i was looking for no fillers artificial ingredients nor any unnecessary xyz i can drink this with water but skim milk makes this a treat,1,1,0.8400498241069341,1,1.0230052953265782,1,0.96511704,1,0.9942855
training especially when fatigued,1,1,0.897783920753529,1,1.3053828073240181,1,0.9942253,1,0.9953479
protein is so expensive now always shopping for a cheaper deal found this one and was pleasantly surprised at how good it tasted i tried birthday cake flavored definitely going to try the rest of the flavors as well,1,1,0.8774567540038222,1,0.822817072622944,1,0.99880576,1,0.98915416
absolutely not worth for lbs i bought this for quite a few times over the past year doesn’t even taste like protein powder probably because of the taurine and creatine added to falsify the g protein per scoop,1,1,0.608817949823271,1,0.024077837939425306,0,0.08030915,0,0.040699143
i use a scoop of this everyday in my shakes,1,1,0.9273680190801326,1,0.7880396178268612,1,0.96660966,1,0.9948665
most preworkouts all work the same and of course the name grabbed my attention looking at the ingredients and flavor i figured i’d give it a try first the flavor is great one thing i need as if it has a bad taste or after taste i just will not use again this gives be a great boost of energy and focus to get me through those tough but awesome workouts this mixes really great in my shaker bottle no left over undissolved mix i like the taste and results so i would definitely buy this in the future,1,1,0.9398507361386356,1,1.066619120577291,1,0.9745364,1,0.9955497
it was the first time i purchased this morning ive been buying the fruit punch flavor a long time and tried thisbr its good,1,1,0.8858597566122809,1,1.370948945880003,1,0.9903162,1,0.9925243
i have tried the blue raspberry and peach mango and really like both i do get some tingles that last a couple minutes but nothing crazy so happy to have found this preworkout without sucralose,1,1,0.8510565253148755,1,0.9664215772578226,1,0.99492973,1,0.99504256
i’m not sure if it’s helpful it tastes good in coffee,1,1,0.8243008080209606,1,1.0143316208790594,1,0.9951988,1,0.98979586
so this stuff tastes okay but no matter how much you shake and stir it you will get gritty chunks that just wont mix it also doesnt last long so i recommend buying in multiples or finding a larger size i ended up opting to purchase muscle milk cookies n cream lb jar instead of repurchasing,1,1,0.5573915022160981,0,-0.3394380855112431,0,0.4601199,0,0.13703425
the flavor is good when mixing with fruit it’s fulfilling and serves the purpose,1,1,0.8961638653727476,1,0.8449124151414353,1,0.999539,1,0.99679464
i am pretty picky when it comes to protein powder i have one particular brand ghost vegan that i stick with and probably always will having said that i have to admit that i genuinely like this protein powder it reminds me of my regular brand of protein powder similarly it has a high amount of protein for a relatively low amount of calories per serving the flavor is fantastic i usually don’t like products that have stevia but this tastes great it blends well i was truly shocked at how much i liked it i would definitely order it again and recommend it to others,1,1,0.9674228960229738,1,2.0321159908438857,1,0.9988092,1,0.9965532
taking this before a workout amps me up to without jitters stomach upset or after effects of caffeine it seems to last just long enough too about am hour and half,1,1,0.8306799185402682,1,0.698747252790733,1,0.97897184,1,0.9935644
deliciosaaaaa,1,1,0.7944206329076468,1,0.529492455724013,1,0.74101907,1,0.9797576
this is truly a great high quality shake good flavor i blend with frozen banana coffee cubes and cashew milk it’s fun to freeze different flavor coffee for a slightly different taste,1,1,0.9779903463111898,1,2.087109717302564,1,0.99894184,1,0.99708986
i used the chocolate before its great it does have that stivia taste but very good nonetheless,1,1,0.965608117002403,1,1.6697094761628395,1,0.9949366,1,0.99607205
tastes really goodbr whey isolate is listed before whey concentrate on ingredients listbr super cheapbr not full disclosure labelbr unknown amount of peptides is concerningbr br good replacement for more expensive whey proteins it is mostly a whey isolate blend so it should be a large percentage protein probably one of the best vanilla flavors as wellbr br anytime i see an ingredient blend with supplements it is a major red flag for me in this case we have an unknown amount of peptides mixed with isolate and unknown amount of whey concentrate at least the concentrate is less than the isolate blend however peptides are shortened amino strings meaning they dont need to contain the same amount of aminos as protein i am concerned they could spike the isolate peptide blend with cheap incomplete amino strings in theory the peptide blend could be amino isolate the blend would still get labeled first even though isolate is the smallest ingredientbr br that is a lot of ifs and i am not an expert on this matter so take all that concern as you will this protein is still cheap and tastes good for me it is worth the risk,1,1,0.8095989101741051,1,0.4284177537880801,1,0.5776515,1,0.97415316
the chocolate flavor of this brand is honestly kind of gross has a grassy aftertaste i do not love their vanilla is amazing though,0,1,0.5549371717661629,0,-0.028391965062195323,1,0.55153793,0,0.17866077
i bought this as a replacement meal shake for another brand i had been using it is a much better value and the yummy quotient is high to mix i pour milk into my shaker first then add powder then shake this is my daily workout😊 i mix up a oz batch and have one for breakfast and one in late afternoon to ease my hunger and i eat less i would recommend this i am losing weight just doing this,1,1,0.970092532729593,1,1.7391915508766955,1,0.99991286,1,0.99636227
good protein powder no stevia flavor dissolves well,1,1,0.9856353423892552,1,2.1475974482393747,1,0.9997683,1,0.9969007
i drank one bottle and it made me sick for days the rest is in the fridge,0,1,0.5786904429941686,0,-0.12416097104769797,0,0.24647677,0,0.04659596
blends great just got it today hoping to see results and feel healthier overall will updatebr update ive been reading that soy protein isolate and whey protein concentrate are not good for you i’ll be discontinuing this product,0,1,0.9443323034429894,1,1.2042947838076317,1,0.97386205,1,0.9564338
great price and tastes good,1,1,0.9958359852584507,1,2.076334453223149,1,0.99726605,1,0.99701285
really tasty protein powder with a cinnamon rollinspired flavor i like the taste—it does have that sugarfree sweetener note in the flavor profile along with a recognizable cinnamon flavor—i find it filling and satisfying it mixes great in my blender shake cup with almond milk it’s a little pricey at per serving so it’s probably not something i’d buy all the time but it’s a great flavor to add into rotation to switch things up with protein drinks its very good overall,1,1,0.9880765188058978,1,1.9470508573357703,1,0.99992085,1,0.99721044
excellent tasting when adding bananas and blueberries,1,1,0.9084877324463972,1,0.9796021784697866,1,0.999413,1,0.99652135
i eat a keto diet and this bar is made from high quality ingredients the carb count is not low but if you limit to one a day it can fit reasonably well into a keto diet the taste is better than any other specialty bar i’ve had,1,1,0.821147193932951,1,0.6857492928987585,1,0.99337465,1,0.9956968
i am so disappointed with this order ive tried multiple brands of lysine and these pills are huge way bigger than any vitamin ive taken they are nearly impossible to swallow without cutting in half will not order again,0,1,0.5816054840749643,1,0.041715531065947054,0,0.04502884,0,0.043588135
taste is okay for the only bar i can really eat without soy need more flavors,1,1,0.8888462823025399,1,0.8611291566566668,1,0.9790142,1,0.9948677
great tasting feels clean but the buzz doesnt stay long,1,1,0.8952149277421609,1,1.0721547729582808,1,0.99579054,1,0.99632144
by far the best,1,1,0.971679664332683,1,1.8371241295570513,1,0.9984303,1,0.9964923
pretty much works as described can be a little difficult to get the lid to fully close,1,1,0.8811625420259102,1,1.1424616754252412,1,0.9796805,1,0.9953531
i love everything about this product and the calories are much less than the regular brand i’ve been ordering this product for the last two years and i’ve had trouble because it comes opened or damaged not anymore they are now packaging it in a heavy cardboard and putting it into another box i ordered two totally intact and i’m very happy,1,1,0.5605974545192767,0,-0.05604518965504324,1,0.82192415,1,0.96060675
i dont taste the stevia i mix this with water tea or seltzer water and it tastes great,1,1,0.9260585626924717,1,1.2017890146477321,1,0.8430694,1,0.99666816
ive long preferred goat whey over cow whey this is a very good choice for me i buy the unsweetened and add my own stevia drops into my morning coffee it mixes easily high in protein and has a good consistency i would definitely recommend,1,1,0.9903977461081036,1,2.4279313079344735,1,0.99988794,1,0.99684024
disgusting flavor expired lumpy will not purchase again from amazon,0,0,0.12198374672022404,0,-1.785843464225212,0,0.0017514969,0,0.032750953
these whey bars packed with grams of protein are loaded with healthy ingredients and thats really the best reason to consume them unfortunately i didnt find the taste all that appealing they have a strong nutty taste with a touch of chocolate i didnt get much of a honey taste and thus i didnt think they were sweet overall i like this product because i can use it as a healthy snack between meals which keeps me from snacking on chips and candy,1,1,0.8419168315420473,1,0.6362087568255015,1,0.99990356,1,0.9838584
the bar tastes good and keeps you filled for a long time,1,1,0.8736230498570365,1,0.16823218649829041,1,0.9540099,1,0.99614245
this is our go to protein powder for shakes smoothies and protein snack balls,1,1,0.9491467087747545,1,0.8870171111369874,1,0.99763906,1,0.99533147
flavor ✔️br no jitters ✔️br fast energy ✔️br no sugar ✔️,1,1,0.9147287931705145,1,1.0613179019743488,1,0.99950206,1,0.9915592
love this collagen powder i put it in my coffee every morning my nails are stronger my hair is no longer dry i will buy again,1,1,0.9716424254192981,1,1.61189047219442,1,0.99851817,1,0.99641776
dissolved and bares no taste like a previous brand i used but i do like how it has all types of collagen in it haven’t used long enough to specify benefits but i do know it’s good for you,1,1,0.8579432641818024,1,0.9903776272934774,1,0.99781764,1,0.9955153
i’ve used this product a few times now and it makes me feel a little nauseated not sure if it’s the flavoring or another aspect but i’m having a hard time making myself continue to use it i was using the orgain collagen powder and i realize that i hugely prefer it the orgain powder doesn’t have any taste when i mix it in a hot drink and it mixes easilybr br this brand is more clumpy going in and takes a bit more work to mix and the vanilla taste is way too strong for me it also doesn’t seem to sit well after i drink it,0,1,0.7601875826794364,1,0.37244672060467837,0,0.21018252,1,0.9014397
i was just looking for a slow acting night time protein but when i got it and had it i realized it has high amounts of melatonin and tryptophan it makes me sleepy immediately after taking itbr i was not looking for a sleep aid as i sleep just fine and everything unnecessary has side effects so just be aware if you need it or just another slow acting night time protein,0,1,0.8265497876113926,1,1.038794531464897,1,0.9996842,1,0.9840131
refreshing,1,1,0.8709671703197881,1,1.0388989945204872,1,0.99543744,1,0.9966253
great tasting,1,1,0.9731680992777432,1,1.4800758173785231,1,0.9889347,1,0.9970149
this is the perfect protein powder very fine mixes well and a very pleasant taste the brand i purchased before smelled and tasted like old powdered milk not the case with this one,1,1,0.8195113184774871,1,0.6994830714557012,1,0.5179704,1,0.9910884
the first two pictures represent the original naturally flavored simply watermelon flavor pictured next are the new version if you compare ingredients you’ll notice that the original contained more sodium but not too mucha good amount for hydration and tartaric acid for the tartness of the original flavor and beet root for color the new one contains none of those and the flavor suffers from it my standard morning drink has been one scoop of the powder mixed in oz water when i did that with the new one it tasted like watered down watermelon juice basically slightly different than just a glass of water i’m so bummed by this i have been using the naturally flavored versions of optimum nutritions essential amino energy for years and this product is not even close to what it used to be i’m sure it will still do the job of waking me up and getting ready for my workout but i am not happy that the flavor is gone,0,1,0.6287871489324495,0,-0.15581607619514182,0,0.0963999,0,0.19808036
my whole family tried a couple flavors of these and thought they were disgusting amazon did return them,0,0,0.10888071658039339,0,-1.7592253076906679,0,0.0005385166,0,0.03538221
this protein powder did not make my stomach swell up like some other plant protein based powders have done it also kept me going until lunch which the others have not i usually just use a half cup of oatmilk or almond milk and a half cup of water and it does feel clean and healthy the powder mixes easily and is smooththick i have this protein drink in the morning and am not hungry again till lunch and that is usually after a hiit workout first this so far is my favorite and i’m now on my second purchase,1,1,0.9591740555985051,1,1.810802276831495,1,0.9993838,1,0.9958794
this is my favorite protein by far the consistency is smooth with no grit and the flavor is great very reminiscent of quick chocolate milk,1,1,0.9732431752031392,1,1.4809619329486898,1,0.97081035,1,0.9971614
best elixir of health cure all typeofproduct this is a mindblowing supplement give you clean subtle energy where you feel like a human being again everything starts functioning perfectly the way it should also huge immune booster i have been healthy ever since i started taking this everyone needs to take this,1,1,0.9362562019154735,1,1.5829124745087082,1,0.9988613,1,0.99673104
this is my favorite protein so delicious it taste like banana cream pie haha i blend it with frozen mixed berries to make myself a morning smoothy and i feel completely full and satisfied from it,1,1,0.9730546367794511,1,1.6765178946677126,1,0.99873394,1,0.99702114
i like genepro because it takes less product to meet my protein requirements for the day than normal protein shakes or powder but here’s the deal it may be unflavored per the manufacturer but it has a flavor it’s not a good flavor either it tastes like all the other whey powders out there i put it in my coffee it clumps in coffee so it takes some creative mixing and stirring to get all the lumps out i add sugar free creamer to mask the flavor i am a bariatric surgical patient less is best for me at the moment this came recommended by the dietitian it’s good for what it is just my honest opinion not a fan of anything whey it’s a necessity for my nutritional needs this is a veteran owned company which i like supporting this particular powder is dairy free which i prefer no bubble guts later 😉,1,1,0.8573061189771967,1,0.7247776274544149,1,0.9705536,1,0.9812108
the packaging clearly shows a picture of peanut butter cups they are not at all and do not taste like them,0,0,0.35267804709528433,0,-0.7703924592313773,0,0.008172346,0,0.32613772
it is hard to date a product like this i know that it does all sorts of good things for me but they are hard to quantify i havent noticed any taste and the quality seems good if its useful for pain relief so much the better,1,1,0.8675877362244914,1,0.9313205931782425,1,0.98877513,1,0.99245477
i like this preworkout taste good,1,1,0.9553432892164482,1,1.6514611163744986,1,0.9972132,1,0.9969855
i have struggled with insomnia and anxiety my entire life i have tried every sleep medicine antihistamines benzodiazepines antidepressants cbd and other amino acids i couldn’t tolerate the side effects of any of the medications so i’ve been “white knuckling” it for years i tried another brand of ltheanine mg but it was too strong of a dose mg is the perfect dose for me this has cured my insomnia and anxiety watch out big pharma,1,1,0.7673668875325634,1,0.30986901481622464,1,0.96998006,1,0.994086
it tastes like eating pure sweetener,0,1,0.6850899470646924,1,0.3400626721041854,1,0.5630504,0,0.45555562
ive been using this bottle for years and havent had an issue,1,1,0.8254135636998482,1,0.7662955187525045,1,0.97753465,0,0.4509727
no taste and mixes well with coffee,1,1,0.984258463493742,1,2.042504160165769,1,0.99224514,1,0.9958817
excellent,1,1,0.9687889449659752,1,1.721282502386528,1,0.9976337,1,0.9965744
i like this product it’s pure protein and tastes good too,1,1,0.915383378518616,1,0.7196841221544517,1,0.9121237,1,0.99705887
gives me horrible gastric issues,0,1,0.6332325984475677,1,0.19934208513563156,1,0.99114275,0,0.18449317
does not blend well but not a problem add small amount of liquid after getting all smooth then add more liquid,1,1,0.6816822240540296,1,0.43784519133342237,1,0.9954052,1,0.9471624
great product,1,1,0.9910199861615988,1,1.630876905865732,1,0.99142504,1,0.99691916
as a huge believer in collagen supplements and powders ive tried many different types and brandsbr the barometer is always if it provides relief from joint pain healthier skin comes next some collagen powders dont seem to do much for the painbr this one doesbr the way i figure if its helping with my knees its being absorbed by my body enough to help with my skin which of course is less noticeable than throbbing painbr expensive but it does work in my case,1,1,0.9789007033448937,1,2.457265848336248,1,0.9940361,1,0.9945859
no caffeine or artificial flavors gives a good boost however if you are a touchy sleeper this might affect your sleep if taken too close to bed time,1,1,0.8732652935950964,1,0.698458265770225,1,0.9991215,1,0.9873138
i like protein content but i do add instant coffee to give a more robust coffee flavor,1,1,0.9364757350485902,1,1.2652826409748887,1,0.9923275,1,0.996421
this is my favorite no taste and easily dissolves plus it has clean ingredients,1,1,0.9755854665589464,1,2.0641130590305523,1,0.99924433,1,0.9972047
ive eaten these daily for years they recently changed their recipe and i can no longer enjoy them they taste like pure sugar now too bad they were my go to every morning,0,1,0.6855273422273623,1,0.3217012729640339,1,0.98992133,0,0.15893832
am run line of products are some of the best ive used and i have tried alot this bcaa is a daily recovery staple after runs and workouts it reduces soreness so im ready to go the next day mixes easily and good taste,1,1,0.9842647752725735,1,2.6058611757174517,1,0.9999689,1,0.99705625
great price and value,1,1,0.9952518346392212,1,2.4377905136400324,1,0.9988821,1,0.99703634
this is a good quality product and the best price i wish the vanilla flavor was stronger like some other collagens ive used,1,1,0.9752592418601288,1,2.060387765040411,1,0.9995209,1,0.9966247
i came across this bcaa product at first i thought it was a joke piss flavored like are you serious but the supplement facts label looked pretty legit decided to give it a try well the flavor does taste like pee but with a citrus twist to it i didnt think i would like drinking urine but they made it work creative i suppose the product works great too ive been making all kinds of gains on this stuff its obvious that chizled labz put a lot of research time and money into formulating this product cutting edge stuff,1,1,0.6590559038281739,0,-0.026488494582487365,1,0.5102744,1,0.96776295
can’t stress enoughliquid first then powder most effective to dissolve i know it doesn’t make sense because in theory either way should work but it doesn’t science is complicated,1,1,0.5470788788106886,1,0.21629363876899532,1,0.89227736,1,0.6082676
quality product,1,1,0.9130742065197516,1,0.6014676497935665,1,0.90779257,1,0.99632215
honestly the only good thing about the product is the packaging it is by far the worst product i have ever tried to mix it will not dissolve and leaves chunks of powder at the top i have used products before that did this but by far this is the worst i literally had to throw away the residue in the trash because no mather how much i shook or stirred it just stayed on top by the way it also tastes bad i have no idea what they were thinking when they put this out on the market i do see good reviews so maybe the pineapple orange is just terrible and the others are good i normally like this companies products but i am disappointed that i wasted my money on this wish i could return it,0,0,0.07047541873129008,0,-2.049258462231699,0,0.00090549706,0,0.062056422
i occasionally like an iced coffee i much prefer it hot to be honest this is nice on a warm summer afternoon the brew has a good coffee kick strong coffee flavor and not super sweet which i truly appreciate theres only calories per bottle i dont know for all the health benefits they claim i drink this stuff for the taste alone if its healthy yay if not oh well,1,1,0.8513325771068988,1,1.4234510293125582,1,0.9996332,1,0.99677783
while the taste is horrible i find these amino acids really work in boosting my mood,1,1,0.7389222729755978,1,0.2857627250638111,0,0.017468622,1,0.9887028
i appreciate that it has a very mild taste yet affords me the extra protein that i need,1,1,0.9381238903148875,1,1.6470904503815602,1,0.97987145,1,0.9968273
enjoyed how much energy i felt from this pre workout did not experience jitters or extreme itchiness felt like a clean energy and was able to increase weight and get more reps,1,1,0.7276358860827805,1,0.16014557494322412,1,0.85153455,1,0.9946582
mixes well enhances the flavor of my smoothies,1,1,0.9590206026062995,1,1.3140766949031861,1,0.98684317,1,0.9970751
not doing a thing but giving me a burning in my belly,0,1,0.7586739804701463,1,0.5619860456351939,1,0.540984,0,0.1456456
snapped approved and better then the others i have tried,1,1,0.8277596938427887,1,0.6768949173899932,1,0.79080856,1,0.9619951
i’ve been using the powder in my smoothies for a couple of years now and if i go a few days without it i have more pain so it must be doing something it adds no flavor to my smoothies it’s great,1,1,0.9698167325727749,1,1.5005386313134679,1,0.9998037,1,0.9960969
the scoop that came in mine only scoops out grams and thats full slightly rounded scoopful i verified this on a milligram digital scale verified with a gram gram and gram weight the pouch claims the the scoop is grams maybe mine got the wrong scoopbr br either way this is a good product once you get your dosage right,1,1,0.752007051655066,1,0.29654669954048835,1,0.974831,1,0.70258635
great product but the price has gone up too much for me i am retired and just cant afford them any more,1,1,0.8239333432017616,1,0.47161963567307175,1,0.7234653,1,0.9606559
prosbr no more soreness after workoutsbr almost no workout fatiguebr amazing berrylike flavor tastes sweet but not overly sweet a little sour but in a fruity waybr very nice smellbr dissolves fairly wellbr acts quicklybr steady energybr no irregular heartbeat but i have not tried more than scoops because i am sensitive to caffeinebr has natural flavorsbr nice packaging and i like that portions can aide my workouts for more than months since i work x a weekbr you can customize the energy and bcaa level you want to achievebr br consbr soy lecithin is not good for hormones especially in women i believe sunflower lecithin could be a better ingredientbr you need scoops minimum instead of onebr does not dissolve very well when shaking with shakers glass cups bottles there are always some clumps leftbr has artificial flavorsbr has artificial colors yellow br very good price compared to other products,1,1,0.8657537202498572,1,1.078828289542646,1,0.7136164,1,0.99477404
it thoroughly mixes the ingredients quickly i use it to mix psyillum with juice and washes beautifully i ordered a second one to keep in another area,1,1,0.928703638263189,1,1.3309634781972037,1,0.9994803,1,0.9965209
i put this in all my soups and often in stir frying veggies,1,1,0.8802964303441516,1,1.008575152111169,1,0.99962175,1,0.991228
this review is for the lorissa’s kitchen wholemade medley sweet barbecue barsbr br there are ounce calorie bars in this package and these bars are made of wholesome ingredients each bar is calories the idea of combining grassfed beef with seeds seems weird the resulting bar looks weird as if it were a fig newton but without the pastrybr br ingredientsbr pumpkin seedsbr dried applesbr peanutsbr finely chopped beef jerkybr dried egg whitesbr almond butter and peanut butter with bbq seasoningbr br in summary i love these these are wholesome bars taste great and it feels like i am eating a meal however who would have thought this combination of ingredients is even possible it is that weirdness that causes me to rate this stars however the taste to me is starsbr br update i gave a bar to my postman and he thought this was good he gives this four starsbr br update i also gave one bar to my boyfriend and he really liked them as well he gave it four stars only because he said the bar was too thick for his teethbr br this is a solid star bar based on my research with two people i know i do have a girlfriend who refused to try this because she said it sounded unappetizing to her,1,1,0.8479879441683361,1,0.5371521172136335,0,0.2771118,1,0.98948
as you know there are hundreds nay thousands of these products on the market so impossible to try them allbut this is the best i have found for a good solid kick during workoutflavor could be improved but does the job for me without the wired sideeffects of so many energy drinks,1,1,0.8916524933137271,1,0.8261132923708129,1,0.83463025,1,0.99422354
these pills work well for any cold sore or canker sore take at the first sign of burning cold sore or tenderness canker sore for me i see results within a couple of hours been taking lysine for the past years,1,1,0.8359625805235602,1,0.7505879278087613,1,0.9553223,1,0.99328727
love these not a fan of fluctuating costs but i buy when i am out of them,1,1,0.7584094099999038,1,0.3892546323073428,1,0.9476182,1,0.99583167
better quality than others we have purchased the top is leak proof and the opening snaps closed pretty tightly sometimes a little too tight i have to knock it up against the cabinet corner to ensure its fully closed but im a weakling lol,1,1,0.9247928611636419,1,1.5476905259577451,1,0.99363023,1,0.9588789
good values taste is not badfake sweet like some other plantbased protein powder,1,1,0.8752715548581271,1,1.01557816780971,1,0.9981997,1,0.99563545
my only complaint with this flavor is the extremeness of it it is exactly as described in every way and that is great you get what you paid for but after a few shakes this is one of those flavors that slowly turns from “wow” to “jeez” delicious just in small doses,1,1,0.9632634839977365,1,1.7899541901482523,1,0.999537,1,0.9908695
my husband is undergoing treatment for cancer keeping his fluids up is very important it is a priority to keep his weight at current or to increase it a bit before treatment causes weight loss this flavor of ensure tastes like a very nice flavored iced coffee from his local shop the extra protein and nutrients but low sugar are great good flavor too no problem getting him to drink this regularly wish there was one without caffeine in same flavor,1,1,0.9393632348262865,1,0.8588581998678719,1,0.9833266,1,0.99623626
it’s only to calories each and chocolate dipped taste rich and it has g protein in it my favorite is coconut,1,1,0.9664899477234277,1,1.7180729400439603,1,0.9915292,1,0.99672973
this is a nice clean protein mix it arrived quickly thank you,1,1,0.9704682834373978,1,1.8617932338187448,1,0.99847597,1,0.9968141
after you drink the whole bottle you’ll notice the protein powder stuck in the bottom of the bottle i tried using a chopstick but gave up after min it’s hard to remove it also i just noticed it contains both sucralose and acesulfame potassium you may want to do research on the long term effects these have on your brain over the years to come,0,1,0.5800374129724319,0,-0.04766276659135171,1,0.9816188,0,0.17649814
after starting college i found myself always tired trying to balance course load and staying active i have really noticed the difference in my energy using this supplement,1,1,0.9357803230349713,1,1.6274272253605737,1,0.9979761,1,0.9954137
ive repurchased,1,1,0.8318650838083331,1,0.7810965564156171,1,0.9857999,1,0.9225798
this is way better than any other whey i have tried its clean and it blends well perfect protein boost,1,1,0.9713012744314298,1,1.49850253852911,1,0.99859136,1,0.9970483
good,1,1,0.9937113251511162,1,2.0285740904509044,1,0.9780961,1,0.9966487
drink it daily mixed with fruit no strange flavor no side effects or stomach issues love that it has no sugar no gmos and organic,1,1,0.9025971711542862,1,0.82585706407568,1,0.98520523,1,0.9965719
i take this brand multivitamin pills but have been out of them for almost six months my energy was very low therefore i ordered this liquid multivitamin to quickly put the nourishments and the vitamins back into my cells after one serving i started feeling better the taste is tolerable i will start purchasing the liquid vitamins now instead of the vitamin pills the liquid is easier to manage,1,1,0.8383256158197328,1,1.5302557578840448,1,0.9999863,1,0.9925867
gives me a boost i use almased with vanilla almond milk and flavor drops,1,1,0.9644196704177169,1,1.462384589545888,1,0.9940916,1,0.9966344
i love this product i take it in the morning with a protein drink and the combination really fuels my workout i was dragging myself into the gym and vocano put some zip back in my morning i’m careful with supplements but this one is a keeper,1,1,0.9743401450336624,1,1.7206724885682634,1,0.99579227,1,0.9969319
i may be sensitive to sugar substitutes but the after taste here is atrocious,0,1,0.5674779581585229,0,-0.24705626141405035,0,0.20934454,0,0.16340467
i am not a red meat eater and regular collagen made me completely ill but this product totally works for me pandemic stress was making my hair fall out but now my hairdresser comments on how to thick my hair is if you are not a red meat eater what you want nice hair this is for you,1,1,0.8453724668967145,1,0.8018024889190849,1,0.9943106,1,0.9932621
these are one of the best flavors of cliffs definitely recommend,1,1,0.9732518609993204,1,1.6531486843845988,1,0.99923503,1,0.99675083
i love this when i’m working out it tastes amazing,1,1,0.96103535924455,1,1.5956701540488067,1,0.9970848,1,0.9968623
i have taken this off and on for the past few months but recently started adding in more strenuous exercise my knees have felt the increase so i tried an experiment with collagen and my knees have been able to recover faster with less inflammation and pain it isnt a cure all since my knees are jacked but it definitely helps with day to day movements and activities the flavor is unflavored but it has a little strange taste to it so i add it to something else im drinking for the day i once read that it is best to dissolve it with a small amount of warm water first then add it to other things and that has worked well for me,1,1,0.967998041682289,1,1.6032809121014628,1,0.9934602,1,0.99522936
could see results in just week of using this product more insurance and lifting heavier weights in my workouts,1,1,0.8970172777170815,1,1.0941977636977405,1,0.99365485,1,0.9940064
i was expecting an earthy taste but i noticed nothing which was a plus im not sure what im supposed to feel but im hoping to feel an extra boost im glad this was on sale or i wouldnt have tried it seems expensive but if it makes a difference then its worth it,1,1,0.746301753846608,1,0.5604972297131856,1,0.9444838,1,0.95848554
i have been trying to find a replacement for the coffee bone broth which was discontinued last year every other one i’ve tried is way too sweet this one included the pumpkin flavor is good but so sweet i can only use about of a scoop i usually mix it in my coffee and don’t add any other sweetener i’ve been trying to find a balance of the bone broth to my coffee but it’s just not working out the other major problem is mixing it in i’ve always used a small handheld frotherblender to mix with good success this stuff is so fine it flies everywhere and what doesn’t fly out clumps up terribly so disappointed i wish they would bring back the coffee it was by far the best,0,1,0.6693402912927339,0,-0.20423516777576411,1,0.7179797,1,0.9763422
great product for meatheads,1,1,0.9887882643397876,1,1.3643063126749853,1,0.98613745,1,0.99685824
works good and doesnt leak the only issue i had was sometimes what i put in it to mix together would not mix all the way even after shaking it quite a bit i would have to get a spoon to stir it together more,1,1,0.6264958127312684,1,0.3952673135349615,1,0.9994641,1,0.9924982
by far the best protein i’ve tried vegan and nonvegan i typically really dislike protein powder it all tastes chalky and artificial to me but i had to give up dairy for my allergic breastfed baby and needed some additional protein to keep my supply up after lots of research i decided to give earth chimp a try so glad i did i’ve tried it with water almond milk oat milk and coconut milk and it’s good every time and for my breastfeeding mamas out there my supply is going strong will def keep this as part of my daily routine,1,1,0.9457112357948764,1,0.8338930109524458,1,0.9931792,1,0.9955647
this is my protein powder of choice not only for its flavor but also because it has grams of protein you cant beat that,1,1,0.9031804762484756,1,1.1504912712415174,1,0.99018717,1,0.99444526
i’ve always been weird about rotor in powders but this one is wonderful the banana cinnamon flavor is delicious it’s creamy and doesn’t have the weird whey after flavor of many other protein blends love the simple natural ingredients,1,1,0.9637232480393563,1,1.5511331812870348,1,0.99964476,1,0.99654347
i really liked the carton version of this but this powder is hard to mix when the instructions say just add water i tried to add to my coffee and had a gloopy mess you really need a blender for this stuff not bad mixed in with yogurt has caffeine always a plus,1,1,0.8396469915741488,1,0.9342861794608853,1,0.97408855,1,0.979395
tastes great and has brain boosting ingredients,1,1,0.9003440347284138,1,0.6733023078078191,0,0.33791322,1,0.99716043
i have purchased this product several times and haven’t been disappointed yet,1,1,0.6948451078701148,1,0.1890646790196127,1,0.9873726,1,0.9905234
i have been on the hunt for a truly keto friendly preworkout for almost a year now i didn’t want anything with caffeine no exogenous ketones and no artificial sweeteners i wanted something clean and this fits the bill i am very happy to report i’ve been using this for a week now and it’s crazy because i have hit a new pr during every workout since what crazy i’m sure part of that is me getting stronger but i also think this has helped push me to that next levelbr i got the peach mango flavor and like it it did take a little getting used to because of what it is but overall i find the flavor enjoyable i now want to get the other two flavors so i can mix it upbr i mix scoops in my oz squeeze bottle i drink some right before my workout continue drinking throughout my workout and finish what is left after my workout,1,1,0.9276922263112812,1,1.5736096764125744,1,0.9963905,1,0.99500436
i love this protein drink the vanilla flavor smells almost like vanilla cake mix in drink powder format the first time i made it i followed the directions and mixed it with water the mix dissolves seamlessly in my blender cup while it tasted good it didn’t have a level of creaminess i was hoping for i mixed it again with almond milk and oh my goodness it’s like a dessert shake the almond milk with the tahitian vanilla drink mix is amazing i look forward to having one of these a few times a week this plantopia line is my new favorite for protein drink mixes because the quality is excellent the flavor is amazing and the nondairy is perfect for my lactosesensitive system,1,1,0.9809545348924047,1,1.9907659952253047,1,0.9989567,1,0.9968901
i have to take this every day and had ordered this brand before and was very pleased with it unfortunately this bottle doesnt even seem to contain mg per tablet on the bottom of the bottle it saysbr br lot br best by br br the quality control person must not have checked this batch,0,1,0.7400130526145059,1,0.26058491839925535,1,0.9910007,0,0.16263117
i take this once every morning with my tea or coffee i started taking it for my joints but it has really effected my skin nails and hair too love it,1,1,0.9930100540308067,1,2.3743174385553973,1,0.9999119,1,0.9962907
i use this protien every day and i love the taste its very smooth and mixes well,1,1,0.990746528725702,1,2.237119043286603,1,0.99940336,1,0.9969894
unfortunately these bars taste awful their ingredients are terrible as well tapioca “fiber” is the biggest scam in the protein industry a fiber labeling loophole that continues to get approved by the fda for some reason it’s not fiber also vegetable glycerin is a big part of this formula as well why no idea probably because it tastes sweet as well and can you make the claim that it doesn’t have “net carbs”br br these bars aren’t keto aren’t truly low carb and contain too many questionable ingredients for me to recommend plus they taste like garbage as well i still have bars left from my order feel bad throwing them away but they are garbage as far as i’m concerned they’re not healthy in the least,0,1,0.5129680640960123,0,-0.9789659967369064,0,0.03897265,0,0.04646259
i have been looking for some flavorless glutamine powder to take that was not going to be filled with all sorts of fillers either this seemed perfect it is good but a few issuesbr br jarbr the jar is a cool looking silver jar with a colorful label it is easy to pick off the shelf quicklybr br powderbr the powder is fine and white it blends easily into liquidbr br flavorbr there is no flavor i like thisbr br no scoop what dosagebr there is why this is missing a star not only is the scoop missing but they only tell you the dosage using the scoop or g of weight using my scale and dividing out the volume measurements in a pound of substance i arrived at the conclusion that the dosage is a teaspoon of powder for a glass of waterbr br does it helpbr i have noticed a bit better recovery as i do my rehab exercises to build up my body after emf damage i also have noticed a bit better focus ability and clarity of thought it is not remarkable but it helps and that is a positivebr br the bottom linebr this is a decent powder it has no taste and is easy to take once you figure out the dosagebr br my ratingbr four stars if this had a scoop and a volume measurement instead of grams on the label it would have probably gotten stars,1,1,0.848729828223265,1,0.4249439373402275,1,0.99203,1,0.9863556
i got this for my year old son that is very active it’s tastes good and good ingredients,1,1,0.9200974117808766,1,0.8268135731290318,1,0.97461754,1,0.99661463
its ok havent used it daily mainly every other day i just know my nails grow faster than they usually do im still ashy so skin wise nah not there yet pain relief nah my sciatica acting up so bad this didnt put a dent in my issues if youre thinking this as a diet supplement stick to a healthy diet i caught a cold and was taking this to help as well doesnt help with metabolism or digestive for me at least putting the donuts down and going to the gym works better,1,1,0.895908045316458,1,0.9625065048202821,1,0.970706,1,0.9802145
this is not a knock on this specific product but all caffeine free pre workout products this didn’t work for me save your money and stop buying preworkout and drink a coffee or take a caffeine pill instead you won’t see a difference,0,1,0.5557881946539628,0,-0.0789930155146048,0,0.016188847,0,0.042360157
love that i don’t have to hear the noisy mixing ball with every drink i take although these cups come with the ball the mixing grid is more than sufficient i mix emergenc bcaas protein powders throughout the day every day and i haven’t experienced any chalky taste or powder clumps i’ll be replacing my noisy blender cups with these,1,1,0.9377982717010359,1,1.063793442549081,1,0.93720114,1,0.9947695
great product i had one from before that got stolen at the gym fortunately i had the bottom attachments which are great for supplements and extra protein powder or preworkout just dont add scoops of protein and expect blender results but i normally use scoops and some almond milk shake the heck out of it and ready to go,1,1,0.9503521443505549,1,1.3087788578174275,1,0.9992466,1,0.99367046
im addicted to coffee and was worried about upcoming second cataract surgery after the first eye i had gone hours without a cup and while waiting for my ride home got a bit of a headache how to fix this i got the idea to buy a caffeinated energy bar to have while waiting and came upon wake up in my search found it really delicious and it worked i dont eat the entire bar in one sitting but will take a bite with my coffee in the morning the dark chocolate pairs well with coffee,1,1,0.8916260599739256,1,0.9729474005064773,1,0.9940515,1,0.99302304
we all love it and the taste is delightful however whatever shaker we use we have to rinse immediately when done the after smell is horrendous i mix it with waterice or both and nothing else i am still searching for the perfect shaker if its out there regardless this product stays in our diet no matter what,1,1,0.8671221592559127,1,0.8377918863416001,1,0.8922101,1,0.9788543
these are the best fiber i ever tasted great for a diabetic who needs a snack throughout the day,1,1,0.9548722097021975,1,1.5484186706945908,1,0.99993634,1,0.99644023
i as many of you probably were was a skeptic i feel kind of silly for even interesting myself into the search for such highly praised supplements given they typically do nothing except drain my bank account i started taking this the third week of january or close to it and the health of my skin is unbelievable its so soft and hydrated even areas such as heels and elbows where typical calloused skin lives for that reason alone i will continue to buy this product you dont know how much you appreciate healthy skin until you have it the only downside is it does not mix with cold beverages and sometimes my morning coffee isnt hot enough for it to dissolve it is tasteless though,1,1,0.8252997241546747,1,0.5688898282217025,1,0.99746656,1,0.9629919
i like this product even though it doesnt have enough oomph to my taste i wish it had more of a coffee taste still all in all its worth the price,1,1,0.7425278878048582,1,0.7834330350513472,1,0.95628756,1,0.99538016
videoidcacefeaaadc awesome i struggle with severe lack of appetite and consume most of my sustenance through liquid sources such as soylent unfortunately with most shaker bottles like the contigo in my video they dont keep things cold this is unfortunate for me because i dont drink my meal in one chug it takes at least minutes to an hour which means my cold shake is now room temperature not pleasantbr br this rad hydrapeak shaker made all the difference i can leave my meal unattended for well over an hour without having to worry about it warming up the shaker design is unique and i love the very clearly marked measurements on the inside of the cupbr br side note please make sure you abide by the care label and do not put cups like this in your dishwasher i promise hand washing isnt going to kill you its disturbing how often i see negative reviews for hand wash only items due to people dishwashing and damaging them if you wanna know why peoples cups leak thats why they dont belong in dishwashers👌br br hands down this one is definitely a winner and now my go to shaker cup ill need a few more 👍👍,1,1,0.8491226434318273,1,0.6682760241340729,0,0.3473604,1,0.97195375
these are the best tasting low carb protein bars out there,1,1,0.9622090956990765,1,1.581878303625173,1,0.9966953,1,0.99673367
never chalky blends well even in a shaker low calorie so works great with added fruits or veggies,1,1,0.9663903791196565,1,1.9723039024840172,1,0.99998283,1,0.9966331
bought this product a while ago and was really hoping it would workbr for starters the container arrived unsealed i had a photo but i cant find it now so the powder was spilling out of the container i continued on in the hopes of healing my gi symptoms but it made everything worse i kept letting my gut settle and would try the product again sadly it just never worked for me the product as you can see in the photo has become a rock i think the container was faulty i also disliked the sweetness,0,0,0.3977234211381553,0,-0.7394602517664501,0,0.0037576267,0,0.038941093
love the powder not only is it cheaper than the premade bottles i can mix it with just about anything i like to blend it with my morning coffee one scoop per cup two cups and im good to go only downside is it doesnt mix well with warmhot liquid i add my scoop to my coffee mug and just enough cold water to blend until dissolved my coffee make makes my coffee hot so this mix brings the temp down for a perfect cup of joebr br now for all the reviews talking about how they got ripped off because their container wasnt fullinsert eye roll no you got what you paid for they just use far more packaging than required you can see in my photos how much looks to be missing but i weighed it out and actually received more than what is stated on the packagingbr br overall its a good product and keeps me tied over until lunch time perfect breakfast,1,1,0.9259551213790955,1,0.7821386537792997,1,0.999966,1,0.99446374
good but too,0,1,0.9408083047531357,1,1.2251427532018329,1,0.9300613,1,0.993258
ive been using this for about a month and ive decided to go back to my other preworkout i just started using preworkouts so im no expert but this doesnt mix well with water and it doesnt give me enough energy with a full scoop my old preworkout would do the same job with scoop,0,1,0.9236723252669494,1,1.0982586286938771,1,0.8166503,0,0.21687779
good product must admit i felt a boost in stamina during workouts would buy again,1,1,0.8876358486287982,1,1.0624411986355073,1,0.99943155,1,0.9964851
this product is amazing i bought it to help with my mother in laws joint pain and she loves it especially for the nice flavor,1,1,0.9863046968638088,1,2.576330650548615,1,0.9991491,1,0.9970114
good but not enough servings to last long enough,1,1,0.7792190161674513,1,0.5578903644521634,1,0.96724886,1,0.8607667
this is a great collagen powder it’s really fine and easy to blend there is next to no flavor far less that say unflavored gelatin for examplebr br i mix this powder into my strawberry protein shakes usually and sometimes i add it to my cold brew coffee with creamer as well both drinks completely cover the taste of the collagenbr br i’ve already noticed that my nails stopped breaking off on the daily my hair is looking noticeably shinier too i’m excited to see how much this thickens my hair over time 😁,1,1,0.9797926397270792,1,1.904890869460424,1,0.99900925,1,0.996552
everyday use and still holds up strong easy wash and the little wisk is awesome,1,1,0.9626741605129633,1,2.1073821184379904,1,0.9999069,1,0.99722713
the oreo is great and i cant wait to try other flavors,1,1,0.9447050395313449,1,1.6360712393081538,1,0.9990054,1,0.9965364
love it,1,1,0.9901245444499925,1,2.1183598904662206,1,0.9947836,1,0.99548054
this is a great healthy alternative for kids and adults made with egg whites nuts and dates zero added sugars,1,1,0.9221672745693933,1,1.427736509461016,1,0.99888223,1,0.9965669
i was initially a little skeptical of collagen i didnt think it could work to help with joint and skin health but after reading the research it does seem to help with joint pain and skin health at least to a degree i add collagen to soups sauces and even just take it plain it doesnt taste that bad in fact it really tastes like nothingbr br this formula adds highdose biotin a b vitamin supposedly good for skin health and hyaluronic acid i also take this because it can have skin and joint health benefitsbr br my main issue with this formula is that it is expensive even for collagen there are cheaper options out there but it is nonetheless a good formula,1,1,0.8755864062977161,1,0.3079741800910152,0,0.44942835,1,0.99486744
i really liked this protein powder it’s not grainy it doesn’t have a weird aftertaste it almost smells a little like butterscotch when your scooping it out but i wouldn’t describe the flavor as that it’s a rich vanilla definitely will purchase again,1,1,0.7443092161625914,1,0.06721712461470641,1,0.98417443,1,0.99518895
i love that this product has grams of protein its an easy meal replacement and has a good peanut butter flavor it isnt chalky and i feel good about the ingredients i do wish there were more than servings in a package though for the price,1,1,0.9877668214761164,1,2.1047696268567737,1,0.9978617,1,0.99708384
didn’t read that it had niacin in the product i definitely do not like the face hand tingle and itching didn’t get much of an energy boost more of a uncomfortable itch going in the trash,0,0,0.3954239345412286,0,-0.367453562559256,0,0.0036179707,0,0.043355968
it is protecting my system from viruses,1,1,0.8522571159271162,1,0.3350793938514298,1,0.7767056,1,0.9923328
very good product i use in my smoothies and cereal bowls not too sweet,1,1,0.8323323355150891,1,0.3879212186182765,0,0.047118608,1,0.99691725
very good product have used before it is good for weight loss,1,1,0.9640499436541022,1,1.2010059433568316,1,0.9997079,1,0.996784
these were delivered to me on april th since then i have had scoop every morning in a blender bottle with water and a little sugar free flavoring i also take a probiotic every morningbr i probably have enough for more days in the container so i feel it has been long enough to reviewbr i haven’t noticed any changes at all i mainly ordered this because i saw some reviews say that it helped with painbr i was in a car wreck that left my left arm permanently damaged and my left knee as well i have added hardware in my arm i didn’t notice any changes in my daily painbr i also have dry skin around season change and hoped this would help my skin and my nailsbr i haven’t noticed any changes there eitherbr it doesn’t have any taste to it or after taste so i definitely don’t mind drinking it and the placebo effect has me searching for a new powder to replace it withbr br overall i won’t be buying another tub although i really was hopeful for it to work,0,1,0.8311474922663386,1,0.5102976961646841,0,0.037719566,1,0.97034484
i tried to like this stuff but it has so much artificial sweetener in it that it makes me feel sick i would have returned it if i could but it said not a returnable item i only did it for three mornings in a row thats all i could hack i agree with a lot of the other reviewers sickening sweet,0,0,0.33618374009599783,0,-0.7426717303207957,0,0.024470495,0,0.043313768
works but bag doesn’t seal doesn’t come with scoop either,0,1,0.7556711686241888,1,0.40968239893693875,1,0.7243344,0,0.23780097
works great the pills are large so if you have problems swallowing pills i personally do not you might need to look somewhere else,1,1,0.8496787273163924,1,0.5704935285364936,0,0.13631128,1,0.9964514
just tasteless and odd consistency very expensive definitely will not buy again,0,1,0.6146021940945411,1,0.13430945873509142,0,0.414216,0,0.040095486
i like them husband says there to dry but to me they taste great,1,1,0.6515583725647565,1,0.08760571150800761,1,0.86148953,1,0.9967565
i used to add cc to my morning coffee using the measuring spoon provided with the product the product made clumps even though the coffee was hot and i tasted powder while drinking i decided to add only cc to my coffee twice a day it was much better no more clumps or powder taste it adds a good chocolate flavor ive been using it for just a week now so i cant tell much about the effect ill edit the review later,1,1,0.8208103074815797,1,0.8984945420867052,1,0.92116356,1,0.9366102
been using for years helps with my joints and skin and nails recommend,1,1,0.9849605092291918,1,1.6611061832479102,1,0.99964833,1,0.9967475
i use these bars both for a meal replacement and for a treat i cannot find them in any store they have a wonderful tastei feel like i am eating a candy bar i love that they do not have any artificial sweeteners good value,1,1,0.9415214049943935,1,1.3580242118242818,1,0.995613,1,0.99680245
they were not easy to chew and the flavor was nothing like the name on the packaging nope never again,0,0,0.1471117834179766,0,-1.094543175900975,0,0.0017453656,0,0.040089514
i ordered the oz loved it so much i just ordered a oz one too i got to get more of these i dont know about the dishwasher i just wash by hand to be safe plus why be lazy and use the dishwasher when your paying that kind of money of a shaker cup just take care of it and it will last longer,1,1,0.6954146771562318,1,0.6522616330496125,1,0.8694109,1,0.93501264
i really liked these they were decently priced and a great dairy free option taste was good my favorite was the peanut butter one definitely something to try out if youre looking for a dairy free option,1,1,0.9373373194752883,1,1.09958685848007,1,0.99930775,1,0.9957379
i like the product but if i order it again i will definitely order the ones with a flavor as this one was so bland,1,1,0.8396087078799397,1,0.8749933341773164,1,0.98593,0,0.12509307
great flovor very happy with it,1,1,0.9911014867893152,1,2.4874463136296336,1,0.997919,1,0.99688965
love this product come back to this collagen every time,1,1,0.8314286010090147,1,0.6157661003396089,1,0.9823208,1,0.99584985
this is a greattasting protein shake with no chalky feel works well as a meal replacement and hitting my protein goals i add it to my morning coffee and use it as a dinner shake will definitely buy again,1,1,0.9953446595144281,1,2.797527883735559,1,0.9999019,1,0.9972748
i used this product in smoothies everyday,1,1,0.7576403292653933,1,0.12188341056094709,1,0.8393244,1,0.99395
i was excited to try this but when i opened the product and mixed a couple scoops into the blender with liquid there were some kind of long and stringy fibers in clumps in the product not appetizing and was thrown away i wont be using this product,0,0,0.2989951438366548,0,-0.635629985047431,0,0.011696069,0,0.056979626
after a month the lid lip broke,0,0,0.3891397359266459,0,-0.9503839359889501,0,0.038734004,0,0.064936906
this product was recommended by my functional medicine coach to increase my daily intake of protein,1,1,0.8889128214137614,1,0.6357168349209175,1,0.9091584,1,0.9960098
i tried this as an alternative to my favorite animal based protein mre litebr this product does not even compare taste is ok but the consistency is awful does not mix well at all,0,0,0.43537750266399156,0,-0.5490768453948915,0,0.028637292,0,0.07100633
it is good but was looking for something that would last longer for my workouts,1,1,0.8808120161701516,1,0.5616868924248001,0,0.28288585,1,0.99520123
this stuff works great i love the chocolate flavor i bought a blender bottle for ease of use,1,1,0.9838575739130283,1,1.935072022660696,1,0.9972486,1,0.9969254
first time for the cookie dough bar would buy again,1,1,0.7058667615940918,1,0.6141842234977261,1,0.9793523,1,0.9819536
i wish the instead of buying or more for month they should just offer like pills time for a better savings especially if you auto refill,1,1,0.7770918237896427,1,0.9644212283897398,1,0.9959002,1,0.99106807
the best protein shake i’ve ever had strawberry flavor is amazing all of this companies flavors are great would recommend to anyone looking for a great shake and in proper proportions,1,1,0.982997087009185,1,1.7666884205389455,1,0.9992274,1,0.9969303
i legitimately cannot swallow them and the pills are so strong you cant even break them in half with a regular pill cutter unfortunately i have to return them,0,0,0.29484644317931297,0,-1.357550095734182,0,0.0007858516,0,0.05067813
i use a scoop in my morning coffee dissolves really well unflavored vanilla are really good been using for months and have noticed a big improvement in my nail i actually had to cut them back also my hands do not ache from arthritis i’m hoping it helps my knee after tearing the acl mcl this winter waiting to see if my hair gets thicker i like that it has different collagens if one doesn’t work for you one of the others might i gave this a star because i read a review on several collagen powders it is on the pricey side but seems worth it the reviews said this one’s amino acids aren’t as good as others i’m in it for the collagens though happy with it,1,1,0.9519042293248238,1,1.8499817412982331,1,0.99909294,1,0.9960341
i love these however i only buy them on sale they are expensive,1,1,0.8599943914910084,1,0.7883074828329524,1,0.9887495,1,0.9950252
were seniors and i use for everthing that use water my beansstew soup it mix very well and its our second can,1,1,0.9423584218331166,1,1.1750974165968593,1,0.99825555,1,0.9954189
this protein powder provides grams of protein per serving and at the same time a good dose of superfoods the taste of the cookies and creamless version is good…a little sweet for me but i’m not big on sweets my husband really liked itbr a good choice for a vegan protein powder with greens,1,1,0.9525957098241608,1,1.27630905123165,1,0.9992422,1,0.99675554
some relief after but don’t know if it’s hand work or hot water or supplements,1,1,0.8547938441688995,1,1.31631999420591,1,0.9688749,1,0.99084795
i can feel the difference love the beneficial results not the best tasting so i mix it with fresh squeezed orange juice,1,1,0.9078621914477473,1,1.080975429060409,1,0.9931411,1,0.9921795
muy buen sabor de suplemento provoca tomarlo con frecuencia y además buenas propiedades,1,1,0.8640151541514829,1,0.5894414344322726,1,0.9830436,1,0.93025273
bigger than i expected but great stylish and durable,1,1,0.971452273791666,1,1.97931149751547,1,0.9992481,1,0.99589694
i like that it’s denatured whey protein that it’s fast is neutral and not over powering,1,1,0.9025119234066215,1,1.0561894678826564,1,0.9937099,1,0.9965802
whats not to likedoes its job,1,1,0.6641386304056232,1,0.2809230326643706,0,0.30414537,1,0.7967791
the taste is very artificial,0,0,0.42766143374937327,0,-0.38380003599871093,0,0.12883683,0,0.043662015
there is something seedy in here that tastes fine but gets caught is a little dry but love a nowhey option for protein bars,1,1,0.9084802074277898,1,1.1882520093482634,1,0.9965828,1,0.9856441
high quality ingredients that taste great at a really good price truefit is a great company that holds a high standard,1,1,0.9880169156125904,1,1.938422907776013,1,0.99590504,1,0.9964909
medical grade and dissolves quickly,1,1,0.9171855825081869,1,1.5958772277510258,1,0.9997601,1,0.99588037
i found this easy to dissolve and a great way to increase collagen intake,1,1,0.9341140880059268,1,1.0079611830805486,1,0.99784815,1,0.9963169
increase my collagen intake,1,1,0.9170735312512032,1,0.616354203300195,1,0.96999276,1,0.9947743
ive taken it for about a month it helps my child better tolerate gluten and dairy ive also experienced digestive improvement ill keep taking it,1,1,0.9008374406653922,1,0.40356199832762596,1,0.99732876,1,0.99459463
i must be weird as i thought his was just awful tastes absolutely horrible could only take br sips and couldn’t finishbr was hoping i’d like it with all the good reviews but ugh terrible tasting,0,0,0.06761293794781818,0,-2.468552823995023,0,0.0008266049,0,0.034178782
great product using it for two weeks now i got it especially for knee pain great product i do recommend it,1,1,0.9534511754192411,1,1.162232933175623,1,0.9983322,1,0.99713814
tastes amazing and a great caffeine kick to get through the morning and workout,1,1,0.9847701613935868,1,2.0371182470746607,1,0.9993561,1,0.9971341
when my favorite brand nearly doubled their prices i looked for an alternative i am happy to say the first one tried this one worked out well i add it to my cereal to up the protein for breakfast,1,1,0.9087775963119792,1,1.023963294367303,1,0.99682945,1,0.9954034
love the peanut taste is great when mixed with milk oats or smoothies,1,1,0.989554687087299,1,2.0129655084694837,1,0.99950254,1,0.99692804
bought this to make diy protein bars works great,1,1,0.9888194703562317,1,2.25248550099995,1,0.9995191,1,0.9968939
i know this product already has a bunch of good reviews but ive seen some bad ones too so i just want to throw in my opinion i admit to getting suckered into a certain mlm that has coaches workout programs and a certain shake i refuse to do business with any mlm ever again but have been chasing that shake flavor ever since the vegan version specifically because whey doesnt agree with me and i do eat a mostly plantbased diet this is the closest ive found to that shake and at half the price i have never just added a protein powder with water or milk shaken it and liked it so i honestly havent tried that with this i make a breakfast smoothie and its a whole meal i do scoops of this protein powder cup plantbased milk frozen banana big handful of raw spinach and cup of frozen fruit berries cherries peaches andor mangos and its delicious maybe a little bit too sweet for some people but otherwise so good full disclosure im also going to try vega and orgain because theyre a little cheaper and have decent reviews but if theyre too chalky or taste like the color green i will come back to this for sure,1,1,0.9466828015106468,1,1.5656379269022367,1,0.96495193,1,0.97525555
it never seemed to fully dissolve the taste was ok ish will not be purchasing again,0,0,0.27607965059659206,0,-0.38295899890982077,0,0.06430463,0,0.03873206
dont see the pain relief to my knees and hips,1,1,0.9231813389253429,1,1.4154013487338095,1,0.9856903,1,0.81849027
needed new shaker cups and these were exactly what we needed,1,1,0.887889043268511,1,1.1578192700153844,1,0.9995161,1,0.97647107
i have found my new favorite absolutely love this coffee flavor protein powder i mix with almond milk a banana and a few ice cubes and this is so delicious,1,1,0.9921732744521651,1,2.3847158843053458,1,0.9998,1,0.99658823
great flavor son approved,1,1,0.9531357537340345,1,1.1213897679865639,1,0.99657476,1,0.9970687
my son uses this for his morning meal and it keeps him satisfied will get again and again,1,1,0.9674401028986807,1,1.7625638041184712,1,0.99985445,1,0.99626786
heartburn,1,1,0.7475491074858015,1,0.5240763743641126,1,0.55463845,0,0.18122235
this dissolves easy and is not noticeable in coffee,1,1,0.94175784326935,1,2.0390913714127974,1,0.9979929,1,0.9827177
this is a great product grams per drink and it’s not overly thick and chunky,1,1,0.6749004855719752,0,-0.3580817008869388,0,0.32379666,1,0.9967565
this is a great product the creatine is very fine and dissolves instantly in water i mix it in either just water or in a protein shake it is absolutely tasteless i have been using the six star creatine for a year now you cant beat the price on amazon i have put on lbs of muscle and my strength and endurance have increased if you are looking for any downside it is that the powder is so fine that any static charge made from the plastic container makes the powder jump and fine white specks can get everywhere it just takes some thought to avoid the mess,1,1,0.9184603473730419,1,1.1581648813842176,1,0.9352953,1,0.9919431
helpful,1,1,0.8633217764762213,1,1.2573466934397395,1,0.9945018,1,0.9958817
these are the best tasting protein bars i have ever had but in a short time they have gone from for to over a outrageous price for any bars too bad i will not pay that,1,1,0.6829699581170066,1,0.0776316670224389,0,0.07738761,1,0.920525
artificial sweeteners defeat the purpose,0,1,0.6024937924081479,1,0.04949881097512193,1,0.9038699,0,0.15616214
i have been using this protein for awhile now love how pure it is,1,1,0.9668948370863498,1,1.7063132555713059,1,0.9969031,1,0.99687046
i have never tried a pre workout before this brand so this may happen with all pre workouts but when i took the recommend dose as i was working out specifically doing jump squats when i would jump my limbs would slightly tingle similar to how your limbs feel when they ‘fall asleep’ but it tastes really good surprisingly and gives me energy to workoutbr br writing this bottom segment after taking consistently times per week for four monthsbr this preworkoit has low amounts of creatine but still enough to have an effect as my glutes have grown immensely since i have added this into my workout routine will continue to buy even though it is so expensive,1,1,0.8787207268749888,1,0.9213467036688754,1,0.9596288,1,0.99624723
love there products just wish prices were better,1,1,0.8357114371471259,1,0.6745621418130356,1,0.90869755,1,0.9955178
great no taste product only issue is its really hard to blend really need to use a blender for it but i guess every protein powder seems to have that issue,1,1,0.9456147606151027,1,1.1112936809319438,1,0.9946408,1,0.99678206
i love this product i bought of them to last me so good very filling,1,1,0.9087601195991466,1,0.6923984457587227,1,0.58661896,1,0.99658823
kudos to send for putting out a nearly completely organically sourced trailpostworkout bar the ingredients are all great it’s sweetened with deglet dates and dried cherries only with added pea protein almonds hemp seeds coconut spinach powder chia seeds sunflower lecithin and even the powerhouse mushrooms lions mane and cordyceps turmeric too send has formulated a nicely balanced flavor with a little added sea salt and dollop of pure tangy lemon oilbr br so what’s not to like as someone with sugar sensitivities while i appreciate that these bars are only sweetened with naturally occurring fruit sugars which are certainly much better for you than added sugars i feel that gms per bar even if derived from fruit sugar is a bit much i just don’t need my trail bars to be that sweet tasting and for my tastes i would’ve preferred roughly half that amountbr br there are also gms of carbs in each bar while providing only grams of protein in my opinion these are not fantastic numbers i personally would’ve preferred more protein and less carbs and sugar the recommended ratio for postworkout recovery varies but the general consensus seems to be in the range protein to carbs and if that’s an acceptable rule of thumb these bars fall short of that ratio as there would have to be only around gm carbs to gm protein to achieve that ratio of course that ratio varies depending on whether youre trying to lose weight in which case the carb to protein ratio goes further down or whether you’re using them for some extra post workout energybr br if you’re not concerned with weight loss and arent worried about sugar intake these are a good choice in terms of a postworkout recovery snack which is after all what they were designed for they will definitely give you that quick energy infusion they taste fabulous and are mostly organic are gluten free and veganbr br note this is a star product i docked it one star because of the high fruit sugar content and carbprotein ratio,1,1,0.9254832913452484,1,0.7450351004181276,1,0.92949265,1,0.99649495
i like that the protein powder is low in carbs and high in protein i dislike the grainy texture and lack of flavor,0,1,0.8909642857522971,1,0.26296330999337036,0,0.016629219,1,0.99546576
i put the collagen peptides in my morning coffee i really like the vanilla flavor most times it did mix well a few times i had clumps but not a big deal my hair seems to have grown a little so i would say this did help my hair growth,1,1,0.9145263483557579,1,1.412849167231641,1,0.999923,1,0.9941186
they help me get through the day,1,1,0.811414042013967,1,0.8796669020724861,1,0.9949745,1,0.9950595
it is flavourless but no odourless it smells like something that i cant describe it was fine if you put it in savoury drink soups or stuff those things will cover the odour it does not stink just that i dont think it works well with sweet drinks or water it mixes better with hot beverage the second picture is i put it in cold water my lips are so dry and chapped in winter it healed my lips right away lastly very affordable and effective,1,1,0.8056585913153999,1,0.3168322427176377,1,0.9391746,1,0.9885853
for smoothies,1,1,0.8529791986407324,1,0.28455897987741896,1,0.80832034,1,0.9949988
vegan smart is my favorite and goto brand for vegan protein powder flavor is perfect and the stevia isn’t overwhelming you also get a lot of protein per serving compared to other brands highly recommend,1,1,0.965830198792011,1,1.3510834293208736,1,0.99979967,1,0.9971208
this is a great source of vegan protein although im not a vegan similar product using whey upsets my digestive system this protein powder comes in a huge container which is about full id rather have a smaller container since pantry space is in short supply the actual taste is mild if you close your eyes its hard to tell it is chocolate but the taste is good slightly gritty because it has guar gum i was hoping for a thicker drink,1,1,0.8923739490039514,1,0.9535247741772062,0,0.015895043,1,0.8990537
pure protein complete ready to drink shakes high protein rich chocolate oz count have a great chocolate taste each drink contains ounces and calories there is less than gram of sugar and over vitamins and minerals i’ve tried a lot of different protein shakes and the one thing they all have in common is a very chalky vitamin like taste the taste of this pure protein shake is very good nice chocolate flavor no vitamin mineral taste and thick and smooth however later when i am finished drinking this shake there is an after taste a little chalky but still a thousand times better than all the other protein shakes i’ve had the best part of this shake is it fills me up leaving me ignore snacking stars,1,1,0.962657542516913,1,2.0169992541713144,1,0.9995766,1,0.99692565
this is my favorite of al the whey proteins it is easily digestible ships fast priced well high quality,1,1,0.9606733355021345,1,1.2776293083949053,1,0.9998117,1,0.99691415
i like the flavor i bought it to help me lose weight and control my blood sugar,1,1,0.9093756077745666,1,1.1689572867148612,1,0.99815184,1,0.99685353
good as meal substitute low carb not super delicious but ok its healthy and with probiotic feels good in the tummy,1,1,0.9779399178712204,1,2.432738249774565,1,0.9997634,1,0.99707055
i bought of these for the discount when they arrived i opened one to make a drink inside it was completely solid no powder to be found at all i dont recommend this,0,0,0.48473671771263943,0,-0.4101698580563945,0,0.08942748,0,0.07428726
i’ve used jackedd back in the day and since it’s been taken off the market i’ve been looking for something to replace it used c and it’s garbage found jacked factory nitrosurge and i’m back in the game great product,1,1,0.753502937622545,1,0.10047467130994281,1,0.99777836,1,0.80264807
i have been taking this collagen peptides for more than one year and my friends cant believe my age i take every day in my morning coffee it doesnt taste fish i am very satisficed with this product thank you sr,1,1,0.9750616501125033,1,1.6506852917541592,1,0.9988894,1,0.99217814
i highly recommend this product provides boost of energy when needed with no sugar crash,1,1,0.9373296888364795,1,1.145569927219523,1,0.9992926,1,0.9969503
i really have to hydrate before tennis practices and matches especially during the hot months here in the deep south ive used this prework out powder a couple of times but only with one scoop since too much caffeine really makes me jittery i cant say i noticed a lot of extra energy but i wasnt dragging either and the flavor is pretty good if you like pink lemonade i think its a good preworkout powder but sure does cost a lot as of this review its nearly,1,1,0.9463370566055185,1,1.589741208780046,1,0.9968154,1,0.99527043
this is my favorite flavor love it get some,1,1,0.991967724641847,1,2.5135320456252432,1,0.9992318,1,0.9966217
great flavor but the thick texture really sets this apart from others really tastes and feels like a milkshake,1,1,0.8472566101185177,1,0.7906142664712752,1,0.71330136,1,0.9927169
i was impressed with this pre workout being a cheaper one i expected it to have horrible flavor but this was pretty yummy i like a high energycaffeinated pre workout and this one was perfect i do get some tingling in my ears if i take a full scoop,1,1,0.9172149491222601,1,1.4699000739248458,1,0.983284,1,0.9957489
for me it was a big mistake i still have almost the whole container and i will be very happy if you take this backbr or i have to take loss i used to order pink containers that cost br ashok ohri,0,1,0.8116653160091888,1,0.5058664416442679,1,0.99018794,0,0.22212453
has a nice flavor clean ingredients organic one ingredient,1,1,0.9253636571054606,1,1.0136270943729118,1,0.915072,1,0.9970884
will continue to order,1,1,0.8747362184221211,1,0.7964116897593969,1,0.99153745,1,0.9898303
tastes great and energy level is very good,1,1,0.9823884629734291,1,1.5621767078361035,1,0.99063826,1,0.9971727
this has great flavor and mixes in very easily weve tried another flavor and that was good too,1,1,0.9627935818649443,1,1.4264212993790069,1,0.8209887,1,0.9964019
👍 we like it,1,1,0.9310485805866257,1,1.5729186530186294,1,0.9992902,1,0.9962722
mixes well in hot drinks however it tastes bad really weird and bitter taste couldn’t finish the drink as it was making me feel sickish,0,1,0.5900820300326055,0,-0.03392018708652911,0,0.004964386,0,0.07357933
of all the weird supplements for muscle growth creatine is the one with the most research supporting its usefulness among safe and legal chemicals i dont think being micronized makes it any better but bucks for servings is an absolute steal in todays market the package gives instructions for loading but thats not necessary it wont hurt you aside from a possible upset stomach but gradually letting it accumulate in your muscles will be perfectly fine i took off a star because i found a hair while digging for the scoop,1,1,0.7222259034566869,1,0.4107644577935866,1,0.9770083,1,0.95034426
i use obvi everyday but this flavor i was thankfully able to find on amazon i have a shake every morning and love this flavor,1,1,0.9516838600358001,1,1.458200394368973,1,0.9968418,1,0.9965071
it may be good to some ppl who like dark coffee it looks sweet so i think your targeting the wrong personbr br because your cold brew flavor is my favorite and tastes sweet so backwards,0,1,0.8463941679402964,1,0.7663486506851171,1,0.72845876,1,0.9736082
good flavor,1,1,0.9864143217981834,1,1.5158670482709544,1,0.9641449,1,0.9968208
quality product only blended with a high speed machine,1,1,0.924878837032519,1,0.8098078272147876,1,0.94854593,1,0.994364
i’ve been using nuzest for a couple of years now of all the flavors chocolate seems to have them most natural taste with no real aftertaste my daughter enjoys both the chocolate and coffee flavor but i don’t do coffee i have multiple food allergies and some digestive issues and this product is very easy on my systembr br most days i have it in almond milk with a squeeze of nondairy choc syrup sue me i have a sweet tooth xd and just shake it in a shaker cup to blend for a special treat i’ll throw it those three ingredients in a food processor with some ice and the handful of strawberries i can tolerate it’s extra delicious that waybr br there were several earlier posts noting a “flavor change” some months ago i noticed that issue when i ordered the largerdouble size tub it just had a tartnesssmall bitter aftertaste to it however when i went back to the smaller serving tub the next order it was fine not sure if they fixed the issue or if it was something specific to the larger size shrug but it hasn’t occurred sincebr br i’m on the subscription plan for it now since i have one shake a day i wish it weren’t quite as expensive but given that it’s the only minimal ingredient protein shake i’ve tried that sits well on my stomach and doesn’t taste like eating dirt i’m obviously willing to pay that,1,1,0.904817178211281,1,1.5142435152639828,0,0.12252665,1,0.9960318
high quality protein great nutrition facts not overly sweet just a hint of sweetness unlike many other protein powders on the market would definitely suggest,1,1,0.9136402551993247,1,0.8198245713147124,1,0.9985702,1,0.9970861
chocolate flavor great taste reminds me of hot cocoa mix but not crazy sweet i love that these are all good ingredient and don’t have the fake sugar taste that many others have i’ve been using this powder for a couple years now my favorite way to drink it is as a smoothie with frozen bananas and almond milk or sometimes i’ll add an avocado and less milk and eat like pudding so good,1,1,0.9726099183083168,1,1.5499941444412038,1,0.99952745,1,0.99723154
great bars my daughter is addicted to them she loves them delivered fresh,1,1,0.9547943516345713,1,1.6277380524327574,1,0.9986039,1,0.9969266
this product saves my knees i have arthritis and when i dont drink the shake for more than days my knees let me know i rarely eat meat so this is my protein tastes great good consistency been drinking this for about years,1,1,0.9444673603640262,1,1.0607283604015518,1,0.9743042,1,0.99655676
no jitters,1,1,0.8593683000828032,1,1.0887340153583196,1,0.9980269,1,0.99289846
its so hard to find vegan protein powder that is meant for gaining weight and also low in sugar ive gone through different brands of vegan protein powder that are either pure sugar or too low in proteincalories this is the only one i can find that meets my expectations and i love it taste by itself is not amazing but add it to some plant milk and its great i highly recommend will definitely buy again,1,1,0.984180167826448,1,2.066100503592915,1,0.9999571,1,0.9969284
the bar has the texture of rancid cookie dough the bars are not filling and not something i would purchase again,0,0,0.2711866735305179,0,-0.8665795782249428,0,0.001202804,0,0.04108489
the pill itself is larger than i like but there is no smell or flavor to the shell of the pill ive been using this and notice a slight improvement with my recovery from working out ill continue to take these until they are out but i think the gnc version of this works better,1,1,0.7873568489976248,1,0.3211138207627559,1,0.6350506,1,0.99132687
i’ve been using this product for several months and love the results st i use in my morning coffee there is no taste nd i have a condition called hypothyroidism which can cause hair to thin and fingernails to be brittle and break i have actually had to cut my nails since they are stronger and are growing i believe my hair has benefited from this product as well,1,1,0.9525270352979799,1,1.5318625864357018,1,0.9984303,1,0.9947336
i am not sure it is value for money,1,1,0.6081613450967518,1,0.41312018401718853,1,0.9857722,0,0.45244735
solgar mi marca preferida por su embalaje de cristal ambar tapa de metal y hace un excelente trabajobr los amo,1,1,0.8652333801074822,1,0.9481806780604884,1,0.9939167,1,0.9265252
im a picky customer when it comes to supplementsso i always check for ingredients size of cap and potency this has eased me into taking it i have not had any side effectsand for methat is a good thing i can drink water and get an upset stomach no joke im hoping when i bump up my dose to xs a day it will still sit well with me fingers crossedbr folks always start with a low dose i cant make a finer point on that,1,1,0.8967736687169104,1,0.8531292211736079,1,0.9964265,1,0.99164337
my blood pressure has been coming down incrementally since i started using this product its worth the money so far,1,1,0.7913247360391615,1,0.1370276471092305,0,0.35263592,1,0.9731171
i love these bars and this one is my favorite but was highly disappointed when they arrived melted no way to ask for a refund very unhappy with this purchase,1,1,0.6325786299561419,0,-0.1484321494773997,0,0.025774833,0,0.26629618
i always buy this brand just wish it was a bit less expensive,1,1,0.7596795725610226,1,0.6277408276804681,1,0.94356054,1,0.98372525
i love the product this seller’s price is higher than it should be i’ve been using this product for years never paid this much,1,1,0.7419680402627133,1,0.025586820939817567,0,0.072366476,1,0.9878726
lysine is great for cold sores but these horse pills are too large to swallow i thought getting pill with mg would be better than mg pills — i was so wrong i have never ever had difficulty swallowing a pill but these are too large even when i cut them in half,0,1,0.6694751146623638,1,0.16655519890171422,0,0.0025797088,0,0.42436296
because of the quarantine i’ve stocked up on canned soups they’re a little bland so i finally got up the courage to try my jar of this product i wait until the soup is heated and add this bone broth powder before i eat it deliciousbr br if you add it while the soup is cooking it thickens the broth so i wait until the end and just add a scoop before i eat it delicious and i feel alert and energetic after i eat itbr br i wish the other flavors were not sweetened with stevia but the turmeric flavor is wonderful and turmeric has so many health benefits it would be a shame to go without them,1,1,0.8617230293393131,1,1.3668753897357337,1,0.99942017,1,0.99479455
great tasting protein bars i like the simple ingredients and they are really filling and satisfying they have a great texture and are a good size for a midday snack or to take on an outing i like all the flavors they have great texture and the bottom is dipped in a thin coat of chocolate which is a great touch,1,1,0.9802879031794641,1,1.4189189374313507,1,0.99728703,1,0.99724424
i buy this protein powders regularly it’s my favorite it’s made with just a few clean ingredients and tastes great it also mixes really well no clumps,1,1,0.9831165742873045,1,2.0132704521790252,1,0.9993924,1,0.99726653
love this protein,1,1,0.9946330437296194,1,2.2628955574639935,1,0.9937831,1,0.9963825
within the first month i noticed my hair and nails were longer and stronger my skin looked healthier this product really works,1,1,0.9273786074892447,1,1.0874032538237954,1,0.99529284,1,0.99596334
no taste so could be put in anythingi use it to add to smoothies for my wife,1,1,0.8914377642421317,1,0.8924881816196875,1,0.94830817,1,0.9837562
don’t like the taste,0,1,0.5321110717775102,1,0.11743403268707414,0,0.42012402,0,0.18890089
very chocolatey and smooth,1,1,0.8902225993585962,1,1.0868335919124181,1,0.98508656,1,0.9936557
i mix the powder in my protein shake it dissolves easily and i notice no difference in taste only using it for about weeks so i can not comment on its pain relieving qualities as yet,1,1,0.9494940819933443,1,1.1795162566296102,1,0.9923745,1,0.992098
i originally purchased this product for post workout because of the high protein and low sugar content compared to other protein shakes and post workout drinks i was always sore after my workouts especially the day after and every since i started drinking this within after leaving the gym minutes i feel no pain which means i am showing up more during days i would have skipped because i was so sorebr br i ordered the chocolate flavor it can get a little thick towards the end but it’s still easy to just swallow down or shake it with some ice to thin it out i think it tastes pretty good and better than the pre made bottles,1,1,0.9506692856173389,1,1.4148422174830584,1,0.87879866,1,0.99607265
this stuff works to increase circulation like nitro pills i can walk freely wo pain again,1,1,0.8759378060755454,1,1.2097248873444215,1,0.9989905,1,0.99499834
i use it to help with my lupus joint pain i was a skeptic at first but for the past month i have noticed a big improvement after my rd month of using it easy to use put in my morning coffee and have no issues with flavor,1,1,0.9754328090188173,1,1.8272224910364963,1,0.9994271,1,0.9965148
reminds me of dayquil or cough syrup but not as thick wish they had a different flavor taste is so bad i no longer try it ugg,0,0,0.34695536851854775,0,-0.24667613479835948,0,0.11951878,1,0.7327123
basic prework out no jitters but taste has a strange perfumey aftertaste,1,1,0.689932232826298,1,0.23833879105781436,1,0.9557023,1,0.8487753
i like green apple…pineapple is ok too sooo great for muscle recovery,1,1,0.9269182074510893,1,1.3213874995129364,1,0.9990996,1,0.9959781
my favorite bar it’s actually the only one i buy,1,1,0.9309497626406239,1,1.2924958492728746,1,0.99103796,1,0.9952624
i add the scoops into my coffee every morning it is sooooo good usually last me to hours before my tummy starts talking for lunch,1,1,0.9536130679777748,1,1.481966806742089,1,0.99989724,1,0.9949285
may upset your stomach if not taken with food,1,0,0.4258394476649232,0,-0.25208842534972975,1,0.9311381,0,0.20015724
love crisp bars thank you,1,1,0.9606599410800035,1,1.5878981631759488,1,0.9979479,1,0.9962101
definitely lowered my blood pressure,1,1,0.9233377836382614,1,0.7250778041323616,1,0.90361786,1,0.990341
this makes good smoothies,1,1,0.9318311762728199,1,0.7375672030213083,1,0.92652476,1,0.9970688
mixes great tastes wonderful highly recommend,1,1,0.9916667768528626,1,2.380744498568635,1,0.999954,1,0.9970553
